DISTRITO,BAIRRO,END_COMPLETO,NUM_ENDERECO,LATITUDE,LONGITUDE,DSC_ESTABELECIMENTO,COD_INDICADOR_ESTAB_ENDERECO
DASAC,SACRAMENTA,TRAVESSA BARAO DO TRIUNFO,424,-1.420477,-48.480572,NENAS RESTAURANTES,1.0
DABEN,BENGUI,RUA SAO JOSE,106,-1.375747,-48.458283,BAR,1.0
DABEN,BENGUI,RUA  AJAX DE OLIVEIRA,788,-1.377813,-48.462136,BAR,1.0
DABEN,BENGUI,RUA  AJAX DE OLIVEIRA,793,-1.377862,-48.46237,VAL CAFE RESTAURANTE,1.0
DABEN,BENGUI,RUA  AJAX DE OLIVEIRA,799,-1.377789,-48.462365,LANCHONETE VAL CAFE,1.0
DABEN,BENGUI,RUA SAO CLEMENTE,798,-1.377822,-48.462725,SUPER BAR,1.0
DABEN,BENGUI,PASSAGEM SAO SEBASTIAO,250,-1.376937,-48.462004,BAR DO PAULAO,1.0
DABEL,SAO BRAS,TRAVESSA  TRES DE MAIO,1761,-1.455589,-48.473886,RESTAURANTE ARIGATO,1.0
DABEL,UMARIZAL,TRAVESSA DOM ROMUALDO DE SEIXAS,720,-1.439575,-48.486894,RESTAURANTE VIA PAULISTA,1.0
DABEL,UMARIZAL,TRAVESSA DOM ROMUALDO COELHO,609,-1.440313,-48.487789,SRA TAPIOCA DOCES E SALGADOS,1.0
DAGUA,GUAMA,RUA  DOS MUNDURUCUS,4466,-1.457251,-48.465754,CAFE E RESTAURANTE TEMPERO DO CHEF,1.0
DAGUA,MONTESE (TERRA FIRME),AVENIDA  RIO TUCUNDUBA,7,-1.463122,-48.454798,BAR DA ROSA,1.0
DAGUA,MONTESE (TERRA FIRME),AVENIDA  RIO TUCUNDUBA,50,-1.462951,-48.454665,BAR,1.0
DAGUA,CONDOR,PASSAGEM  ALVINO,670,-1.471143,-48.473071,BOTECO DO ROBOCOP,1.0
DAGUA,CONDOR,TRAVESSA  TRES DE MAIO,3388,-1.47028,-48.473424,BAR DO TUBARAO,1.0
DAMOS,MANGUEIRAS,RIO  PRATIQUARA,0,-1.162938,-48.432458,RESTAURANTE DO RIO PRATIQUARA,1.0
DAMOS,ARIRAMBA,RODOVIA ENGENHEIRO AUGUSTO MEIRA FILHO OU PA 391,0,-1.130762,-48.424765,BAR,1.0
DABEN,BENGUI,RAMAL  DO JAPONES,18,-1.371138,-48.455272,BAR,1.0
DAGUA,CONDOR,TRAVESSA PADRE EUTIQUIO,3253,-1.46932,-48.478911,BAR,1.0
DAGUA,CONDOR,TRAVESSA PADRE EUTIQUIO,3073,-1.468876,-48.479781,CHURRASCARIA,1.0
DAGUA,CONDOR,RUA  NOVA PRIMEIRA,0,-1.468803,-48.479869,BAR,1.0
DABEN,BENGUI,PASSAGEM SAO MIGUEL,110,-1.373423,-48.454443,BOTECO DO CANIDE,1.0
DAGUA,GUAMA,AVENIDA CONSELHEIRO FURTADO,3820,-1.455811,-48.464109,BAR,1.0
DAGUA,CREMACAO,RUA  DOS CARIPUNAS,1818,-1.460754,-48.483523,BAR E RESTAURANTE PEDRINHOS BAR,1.0
DABEL,UMARIZAL,RUA CONEGO JERONIMO PIMENTEL,678,-1.43906,-48.486261,RESTAURANTE,1.0
DABEL,UMARIZAL,TRAVESSA  QUATORZE DE MARCO,1052,-1.444728,-48.480684,BIRAS BAR PEIXE FRITO,1.0
DABEL,UMARIZAL,TRAVESSA  QUATORZE DE MARCO,1032,-1.444474,-48.480644,BAR,1.0
DAGUA,JURUNAS,RUA ENGENHEIRO FERNANDO GUILHON,10,-1.473918,-48.492825,BAR,4.0
DAGUA,JURUNAS,TRAVESSA  BOM JARDIM,1882,-1.47241,-48.489636,BAR,1.0
DAGUA,JURUNAS,RUA ENGENHEIRO FERNANDO GUILHON,564,-1.471444,-48.490821,RESTAURANTE,1.0
DAGUA,JURUNAS,PASSAGEM DOUTOR BRITO,159,-1.474755,-48.485938,BAR,1.0
DAGUA,JURUNAS,TRAVESSA  QUINTINO BOCAIUVA,3972,-1.471132,-48.484775,BAR,1.0
DAGUA,JURUNAS,TRAVESSA  QUINTINO BOCAIUVA,4070,-1.471905,-48.485125,BAR,1.0
DAGUA,JURUNAS,TRAVESSA  QUINTINO BOCAIUVA,4184,-1.473062,-48.485389,BAR,1.0
DABEN,BENGUI,RUA SAO BENTO,156,-1.377988,-48.448265,BAR TOM MAIOR,1.0
DABEN,BENGUI,RUA SAO BENTO,0,-1.377999,-48.448702,BOTECO DO ARY,1.0
DASAC,PEDREIRA,TRAVESSA ALFERES COSTA,1053,-1.416603,-48.47045,DEPOSITO DE BEBIDA KASKO,1.0
DASAC,PEDREIRA,TRAVESSA ALFERES COSTA,1094,-1.417037,-48.469796,DEPOSITO DE BEBIDAS,4.0
DASAC,PEDREIRA,TRAVESSA ALFERES COSTA,1150,-1.417514,-48.469449,RESTAURANTE DO ANGELIM,4.0
DASAC,PEDREIRA,TRAVESSA ALFERES COSTA,1150,-1.417514,-48.469449,RESTAURANTE DA PRACA,1.0
DAMOS,CARANANDUBA,RUA  LALOR MOTA,233,-1.092914,-48.407454,DEPOSITO DE BEBIDAS,1.0
DABEN,SAO CLEMENTE,RUA  DOROTHY,7,-1.361695,-48.466053,BAR,1.0
DAMOS,MANGUEIRAS,ALAMEDA  DO CARMO,21,-1.151324,-48.459388,BAR,1.0
DAENT,GUANABARA,PASSAGEM SAO JORGE,98,-1.402721,-48.417645,RESTAURANTE,1.0
DABEL,UMARIZAL,AVENIDA  PEDRO ALVARES CABRAL,750,-1.437863,-48.491935,LAVA JATO E BAR,2.0
DAENT,MANGUEIRAO,RODOVIA  TRANSCOQUEIRO,100,-1.380091,-48.432721,BAR E LAVA JATO ESTRELA,1.0
DAENT,MANGUEIRAO,RODOVIA  TRANSCOQUEIRO,35,-1.380541,-48.432963,RESTAURANTE BECKMANSABOR,1.0
DABEN,COQUEIRO,AVENIDA  CENTRAL,7,-1.350215,-48.437868,BAR,1.0
DABEL,MARCO,AVENIDA  JOAO PAULO II,327,-1.44525,-48.460705,RESTAURANTE E HAMBURGUERIA PARIOCA,1.0
DABEL,MARCO,AVENIDA  JOAO PAULO II,357,-1.444893,-48.460676,BAR E RESTAURANTE DA FIEL,1.0
DABEN,TAPANA,RUA  PRINCIPAL BENEDITO MONTEIRO,2,-1.342394,-48.452011,BAR,1.0
DAICO,PARQUE GUAJARA,RUA  PRINCIPAL BENEDITO MONTEIRO,0,-1.340286,-48.455129,PEIXARIA,1.0
DAICO,PARQUE GUAJARA,RUA  PRINCIPAL BENEDITO MONTEIRO,0,-1.340265,-48.455158,VENDA DE CHURRASCO,1.0
DASAC,SACRAMENTA,PASSAGEM  BANDEIRANTE,40,-1.411158,-48.476122,BAR DA TIA AUREA,1.0
DABEN,COQUEIRO,TRAVESSA  WE 8,165,-1.341687,-48.447803,BAR DO DANONE,1.0
DABEN,COQUEIRO,TRAVESSA  WE 5,244,-1.343316,-48.446793,BAR,1.0
DABEN,COQUEIRO,TRAVESSA  NOVE,18,-1.355534,-48.438435,RESTAURANTE SABOR DO PARA,1.0
DASAC,PEDREIRA,TRAVESSA  ANGUSTURA,1505,-1.423698,-48.473307,BAR SAMBA CHOOP,1.0
DASAC,PEDREIRA,TRAVESSA  ANGUSTURA,1505,-1.423698,-48.473307,RESTAURANTE,1.0
DAMOS,BAIA DO SOL,RUA  BEIRA RIO,188,-1.062718,-48.336088,BAR E RESTAURANTE,1.0
DAMOS,BAIA DO SOL,RUA  BEIRA RIO,0,-1.064474,-48.332903,BAR RAIO DO SOL,1.0
DAICO,PARQUE GUAJARA,RUA  VINTE E TRES DE FEVEREIRO,0,-1.323145,-48.466078,AMIGOS BAR,1.0
DAICO,PONTA GROSSA,RUA  SIQUEIRA MENDES,398,-1.30278,-48.489451,BAR DO MANDUCA,1.0
DAICO,CRUZEIRO,RUA CORONEL JUVENCIO SARMENTO,897,-1.29994,-48.481609,SKINA BAR,1.0
DASAC,TELEGRAFO,PASSAGEM  NAUTICA,45,-1.419707,-48.488563,BAR,1.0
DAICO,CRUZEIRO,RUA  QUINZE DE AGOSTO,16,-1.294761,-48.483853,RESTAURANTE CRUZEIRO,1.0
DAGUA,MONTESE (TERRA FIRME),PASSAGEM  DOIS DE JUNHO,12,-1.45358,-48.452817,BAR LISBOA,1.0
DAGUA,JURUNAS,RUA  DOS PARIQUIS,1217,-1.464834,-48.491314,RESTAURANTE KAMBOA,1.0
DASAC,PEDREIRA,AVENIDA MARQUES DE HERVAL,1084,-1.430872,-48.470128,RESTAURANTE,1.0
DASAC,PEDREIRA,AVENIDA MARQUES DE HERVAL,1092,-1.430725,-48.470028,RESTAURANTE SABOR CASEIRO,1.0
DABEN,PARQUE VERDE,RUA  DAS GARCAS,18,-1.361386,-48.448658,RESTAURANTE BISTRO DA CLAU,1.0
DAOUT,SAO JOAO DO OUTEIRO,RUA  DO VELEIRO,11,-1.256205,-48.463194,BAR ENCONTRO DOS AMIGOS,1.0
DAOUT,SAO JOAO DO OUTEIRO,RUA  BEIRA RIO,0,-1.253167,-48.463541,ATLANTICO BAR,1.0
DAOUT,SAO JOAO DO OUTEIRO,RUA  BEIRA RIO,3,-1.252925,-48.463182,BAR DA IRIS,1.0
DAOUT,SAO JOAO DO OUTEIRO,RUA  BEIRA RIO,90,-1.252754,-48.462285,BAR O MARITUBA,1.0
DABEL,MARCO,AVENIDA DUQUE DE CAXIAS,1261,-1.435995,-48.466101,CHURRASCARIA,1.0
DABEL,MARCO,AVENIDA DUQUE DE CAXIAS,1229,-1.436192,-48.46632,POINT BAR,1.0
DABEL,MARCO,AVENIDA DUQUE DE CAXIAS,1261,-1.435995,-48.466101,CHURRASCARIA FRANGO NA BRASA,1.0
DAOUT,SAO JOAO DO OUTEIRO,TRAVESSA  HEITOR COSTA,0,-1.252569,-48.460775,DEPOSITO DE BEBIDA NC,1.0
DAOUT,SAO JOAO DO OUTEIRO,TRAVESSA  HEITOR COSTA,42,-1.252836,-48.460465,BAR E RESTAURANTE FRANCIS,1.0
DAOUT,SAO JOAO DO OUTEIRO,RUA  BEIRA RIO,20,-1.252449,-48.461859,RESTAURANTE,1.0
DAOUT,SAO JOAO DO OUTEIRO,RUA  BEIRA RIO,0,-1.252386,-48.461696,RESTAURANTE,1.0
DAOUT,SAO JOAO DO OUTEIRO,RUA  BEIRA RIO,0,-1.255078,-48.46593,BAR DO JUNINHO,1.0
DAOUT,SAO JOAO DO OUTEIRO,RUA  BEIRA RIO,0,-1.254797,-48.465481,BAR DO ROLA PAPO,1.0
DAOUT,SAO JOAO DO OUTEIRO,RUA  BEIRA RIO,0,-1.254638,-48.465296,DEUZAS BAR,1.0
DAOUT,SAO JOAO DO OUTEIRO,RUA  BEIRA RIO,58,-1.254233,-48.464773,MARCIOS BAR,1.0
DAOUT,SAO JOAO DO OUTEIRO,RUA  BEIRA RIO,57,-1.253475,-48.463904,MAR E SOL BAR,1.0
DAOUT,SAO JOAO DO OUTEIRO,RUA  BEIRA RIO,0,-1.252703,-48.463252,BAR DA ROSE,1.0
DAOUT,SAO JOAO DO OUTEIRO,RUA  BEIRA RIO,40,-1.255039,-48.465804,BAR ONDA TROPICAL,1.0
DAOUT,SAO JOAO DO OUTEIRO,RUA  BEIRA RIO,0,-1.254082,-48.46459,NETOS BAR,1.0
DAOUT,SAO JOAO DO OUTEIRO,RUA  BEIRA RIO,0,-1.253917,-48.464398,BAR E RESTAURANTE TO NO TRABALHO,1.0
DAOUT,SAO JOAO DO OUTEIRO,RUA  BEIRA RIO,0,-1.253437,-48.463848,GRACAS BAR,1.0
DAOUT,SAO JOAO DO OUTEIRO,RUA  BEIRA RIO,0,-1.255056,-48.465919,BAR 40 GRAUS,1.0
DAOUT,SAO JOAO DO OUTEIRO,RUA  BEIRA RIO,43,-1.254799,-48.465412,CRISTINA BAR,1.0
DAOUT,SAO JOAO DO OUTEIRO,RUA  BEIRA RIO,0,-1.254361,-48.464876,PANTOJAS BAR,1.0
DAOUT,SAO JOAO DO OUTEIRO,RUA  BEIRA RIO,54,-1.255152,-48.46598,BAR DOS AMIGOS,1.0
DAOUT,SAO JOAO DO OUTEIRO,RUA  BEIRA RIO,53,-1.253975,-48.46448,MISTURA BAR,1.0
DAOUT,SAO JOAO DO OUTEIRO,RUA  BEIRA RIO,41,-1.25489,-48.465573,BAR ONDA TROPICAL,1.0
DAOUT,SAO JOAO DO OUTEIRO,RUA  BEIRA RIO,0,-1.254048,-48.464575,BAR E RESRUARANTE ENCANTOS DA SEREIA,1.0
DAICO,AGULHA,RODOVIA GOVERNADOR AUGUSTO MONTENEGRO,781,-1.30009,-48.471503,RESTAURANTE NA LENHA DA VOVO,1.0
DAICO,CAMPINA DE ICOARACI,RODOVIA GOVERNADOR AUGUSTO MONTENEGRO,0,-1.300739,-48.470304,RESTAURANTE,1.0
DABEN,UNA,RUA  DAS PALMEIRAS,0,-1.376924,-48.427211,BAR SEM IDENTIFICACAO,1.0
DAICO,PARQUE GUAJARA,RUA  MARIO ANDREAZA,105,-1.329045,-48.453673,RESTAURANTE DA JU,1.0
DAICO,TENONE,PASSAGEM SAO LUCAS,244,-1.319919,-48.441237,BAR DA VERA,1.0
DAOUT,SAO JOAO DO OUTEIRO,TRAVESSA NOSSA SENHORA DE NAZARE,150,-1.255493,-48.464918,BAR QUIT STOP,1.0
DAMOS,MURUBIRA,RUA ENGENHEIRO AUGUSTO MEIRA FILHO,340,-1.133358,-48.435637,RESTAURANTE,2.0
DAICO,CAMPINA DE ICOARACI,TRAVESSA  N CINCO,110,-1.297879,-48.468461,BAR GUERREIROS,1.0
DAICO,CAMPINA DE ICOARACI,AVENIDA  CONTORNO NORTE,35,-1.298812,-48.468635,RESTAURANTE DA ANA,1.0
DABEL,UMARIZAL,AVENIDA  PEDRO ALVARES CABRAL,307,-1.43846,-48.492047,CASA DE EVENTOS COLMEIA,1.0
DAOUT,AGUA BOA,AVENIDA  PAULO COSTA,0,-1.257771,-48.45015,RESTAURANTE MANA,1.0
DAOUT,AGUA BOA,ESTRADA  DO TUCUMAEIRA,0,-1.255013,-48.44839,BAR DA LATINHA,1.0
DAOUT,AGUA BOA,ESTRADA  DO TUCUMAEIRA,520,-1.255048,-48.44846,BAR DA LATINHA,1.0
DAICO,TENONE,PASSAGEM SAO SEBASTIAO,0,-1.325991,-48.446044,BAR SEM NOME ESPECIFICO,1.0
DASAC,SACRAMENTA,TRAVESSA  PIRAJA,653,-1.4213,-48.478647,CANAL BAR,1.0
DASAC,FATIMA,RUA  DOMINGOS MARREIROS,1798,-1.443943,-48.471665,DELLAS RESTAURANTE,1.0
DASAC,PEDREIRA,AVENIDA MARQUES DE HERVAL,0,-1.435979,-48.473411,RESTAURANTE,1.0
DAICO,AGULHA,RODOVIA  AUGUSTO MONTENEGRO,340,-1.300142,-48.474832,BAR CASA CARDOSO,1.0
DAGUA,JURUNAS,PASSAGEM  MARABA,86,-1.472717,-48.488273,BAR CASA PIO,1.0
DAGUA,JURUNAS,RUA SAO SILVESTRE,224,-1.472431,-48.487854,BAR GDB,1.0
DAGUA,JURUNAS,RUA SAO SILVESTRE,282,-1.471841,-48.487836,VERDE BAR,1.0
DAOUT,SAO JOAO DO OUTEIRO,RUA  BEIRA RIO,0,-1.258021,-48.469697,BAR FUNDO DE QUINTAL,1.0
DAMOS,CARUARA,ESTRADA  DO CARUARA,0,-1.093932,-48.400369,BAR E RESTAURANTE O POINT DO MAMUTE,1.0
DAMOS,SAO FRANCISCO,RUA  GRANJA,3,-1.108828,-48.416737,BAR,1.0
DAENT,CASTANHEIRA,RUA  ALVARO ADOLFO,196,-1.402468,-48.43373,NANDA RESTAURANTE,2.0
DAENT,CASTANHEIRA,RUA  ALVARO ADOLFO,196,-1.402424,-48.433526,RESTAURANTE,1.0
DAGUA,MONTESE (TERRA FIRME),PASSAGEM  RUI BARBOSA,4,-1.457361,-48.448222,BAR DA MARA,1.0
DAENT,CASTANHEIRA,PASSAGEM  JOSE BONIFACIO,61,-1.403422,-48.43256,FABRICACAO DE TAPIOCA,1.0
DABEL,MARCO,PASSAGEM SAO BENEDITO,253,-1.43364,-48.467517,BOTECO,1.0
DABEL,MARCO,PASSAGEM SAO BENEDITO,282,-1.433523,-48.46765,BAR,1.0
DABEL,MARCO,AVENIDA  JOAO PAULO II,400,-1.444849,-48.460169,CHURRASCARIA TOURO BRAVO,1.0
DAICO,PARACURI,TRAVESSA  DA SOLEDADE,1416,-1.310315,-48.480762,VENDA DE CHURRASCO,1.0
DABEN,TAPANA,TRAVESSA  HAROLDO VELOSO,182,-1.340891,-48.47547,BAR,1.0
DASAC,SACRAMENTA,PASSAGEM  SANTOS,187,-1.415473,-48.481278,BAR,1.0
DAENT,MANGUEIRAO,RUA  DO CANAL,0,-1.381302,-48.449233,BAR PAGODAO DO NILTON,1.0
DAENT,MANGUEIRAO,RUA  DO CANAL,61,-1.381565,-48.449203,BAR DO PAULO,1.0
DABEL,MARCO,TRAVESSA  ANGUSTURA,4185,-1.438975,-48.450277,DEPOSITO DE BEBIDAS,1.0
DASAC,SACRAMENTA,AVENIDA SENADOR LEMOS,0,-1.415976,-48.475826,BAR,1.0
DASAC,SACRAMENTA,AVENIDA SENADOR LEMOS,3542,-1.415788,-48.475286,RESTAURANTE SABOR CASEIRO,1.0
DASAC,SACRAMENTA,AVENIDA SENADOR LEMOS,3522,-1.415881,-48.475591,CAFE VITORIA,1.0
DASAC,SACRAMENTA,PASSAGEM COMENDADOR PINHO,110,-1.416762,-48.47497,RESTAURANTE CHEMEGO DO JUNIOR,1.0
DAGUA,JURUNAS,AVENIDA  BERNARDO SAYAO,1475,-1.475114,-48.494614,RESTAURANTE,1.0
DASAC,SACRAMENTA,TRAVESSA  ALFERES COSTA,574,-1.414204,-48.474075,BAR CASTELINHO,1.0
DASAC,SACRAMENTA,TRAVESSA  ALFERES COSTA,580,-1.414226,-48.473876,BAR CASTELINHO WIFI,1.0
DAMOS,SAO FRANCISCO,RUA  STELIO MAROJA,56,-1.113102,-48.42107,BAR DO PC,1.0
DASAC,TELEGRAFO,RODOVIA  ARTHUR BERNADES,649,-1.422582,-48.489462,BAR,1.0
DASAC,TELEGRAFO,RODOVIA  ARTHUR BERNADES,665,-1.422491,-48.489558,BAR,1.0
DAGUA,CANUDOS,RUA DOUTOR SILVA ROSADO,638,-1.451988,-48.460092,DEPOSITO DE BEBIDAS,1.0
DAGUA,CANUDOS,TRAVESSA  FRANCISCO MONTEIRO,866,-1.453295,-48.459938,BAR ZAMORIM,1.0
DASAC,BARREIRO,PASSAGEM  UNIAO,0,-1.410802,-48.4805,DEPOSITO DE BEBIDAS,1.0
DAMOS,CARANANDUBA,RODOVIA  PA 391,440,-1.099607,-48.404382,BAR,1.0
DAMOS,CARANANDUBA,RODOVIA  PA 391,426,-1.099267,-48.404722,BAR,1.0
DAOUT,SAO JOAO DO OUTEIRO,PASSAGEM  ALFREDO FRAZAO,21,-1.259802,-48.46502,CYBER CAFE,1.0
DAOUT,SAO JOAO DO OUTEIRO,RUA  BEIRA RIO,152,-1.25754,-48.469473,LANAS BAR,1.0
DAOUT,SAO JOAO DO OUTEIRO,RUA  BEIRA RIO,476,-1.256887,-48.468801,BAR NOSSA BARRACA,1.0
DAOUT,SAO JOAO DO OUTEIRO,RUA  BEIRA RIO,3,-1.25765,-48.469533,BAR E RESTAURANTE DAMA DE OURO,1.0
DAOUT,SAO JOAO DO OUTEIRO,RUA  BEIRA RIO,528,-1.256812,-48.468794,BAR E RESTAURANTE SABOR TROPICAL,1.0
DASAC,PEDREIRA,VILA NOSSA SENHORA DE FATIMA,2,-1.421176,-48.469676,BAR,1.0
DASAC,PEDREIRA,TRAVESSA  PIRAJA,130,-1.42168,-48.46831,RESTAURANTE,1.0
DAMOS,FAROL,ALAMEDA  SOUZA,0,-1.140696,-48.463126,BAR DO LOURO,1.0
DASAC,PEDREIRA,AVENIDA MARQUES DE HERVAL,2038,-1.423616,-48.465122,CAFE PLENITUDE,1.0
DAICO,MARACACUERA,PARQUE  ZOGBI,54,-1.295234,-48.456311,BAR DO BETO,1.0
DAOUT,BRASILIA,AVENIDA  BL 10,1976,-1.281446,-48.47606,RESTAURANTE SALMO 23,1.0
DAOUT,BRASILIA,AVENIDA  BL 10,0,-1.281089,-48.475814,RESTAURANTE DA GIL,1.0
DAICO,CAMPINA DE ICOARACI,RUA  OITO DE SETEMBRO,61,-1.298038,-48.475556,RESTAURANTE COMIDA CASEIRA DOS ANJOS,1.0
DAICO,CAMPINA DE ICOARACI,RUA  OITO DE SETEMBRO,0,-1.298069,-48.475397,BAR,4.0
DAICO,CAMPINA DE ICOARACI,RUA  OITO DE SETEMBRO,77,-1.298027,-48.4754,BAR,1.0
DAMOS,MARAHU,RUA  BEIRA RIO,0,-1.073851,-48.402527,BAR E RESTAURANTE BOA ESPERANCA,1.0
DAMOS,VILA,RUA  QUINZE DE NOVEMBRO,1210,-1.164461,-48.468695,DEPOSITOS DE BEBIDAS,1.0
DAGUA,CONDOR,RUA  DOS TAMBES,62,-1.470317,-48.479028,RESTAURANTE NOSSO POINT,1.0
DASAC,FATIMA,AVENIDA MARQUES DE HERVAL,0,-1.437368,-48.474274,TAPIOCARIA E HAMBURGUERIA DA JOSI,1.0
DASAC,PEDREIRA,AVENIDA MARQUES DE HERVAL,228,-1.437325,-48.474415,TAPIOCARIA E HAMBURGUERIA DA JOSI,1.0
DASAC,TELEGRAFO,RODOVIA  ARTHUR BERNADES,813,-1.421733,-48.490029,RESTAURANTE SAO JOSE,1.0
DAGUA,GUAMA,PASSAGEM NOSSA SENHORA DAS GRACAS,334,-1.456124,-48.455534,BAR,1.0
DAENT,CURIO-UTINGA,AVENIDA  JOAO PAULO II,123,-1.430103,-48.44991,ESQUINA BAR,1.0
DAICO,PARQUE GUAJARA,RUA  DEZESSETE DE ABRIL,4,-1.314718,-48.465418,BAR NERVOSA,1.0
DABEN,TAPANA,RUA  A,2004,-1.348882,-48.473816,RESTAURANTE,1.0
DABEN,COQUEIRO,AVENIDA SAO PEDRO,0,-1.351665,-48.436523,RESTAURANTE CHURRASCO DO SILVIO,1.0
DABEN,COQUEIRO,AVENIDA SAO PEDRO,13,-1.351153,-48.436286,RESTAURANTE BOM SABOR,1.0
DABEN,COQUEIRO,AVENIDA SAO PEDRO,9,-1.351772,-48.436566,BAR GELADAO,1.0
DAICO,AGULHA,RUA  OITO DE MAIO,1015,-1.307444,-48.46899,BOTECO DA 8,1.0
DAICO,AGULHA,RUA  OITO DE MAIO,585,-1.306835,-48.469101,ACAI E RESTAURANTE DEUS E FIEL,1.0
DABEN,TAPANA,RUA SAO CLEMENTE,56,-1.357999,-48.465708,DEPOSITO DE BEBIDAS,1.0
DAICO,TENONE,RUA  GIRASSOL,17,-1.315082,-48.438091,BAR E MERCEARIA,1.0
DABEL,REDUTO,TRAVESSA  RUI BARBOSA,819,-1.449631,-48.489941,RESTAURANTE CANTINA CULINARIA,1.0
DABEL,UMARIZAL,TRAVESSA DOM ROMUALDO COELHO,0,-1.438475,-48.491418,KIEV LOUNGE BAR,1.0
DABEL,MARCO,AVENIDA  ROMULO MAIORANA,1463,-1.434805,-48.461484,RESTAURANTE REI DO ESPETINHO,1.0
DAENT,MANGUEIRAO,RUA  PRINCIPAL,0,-1.377766,-48.438085,BAR SAO JORGE GUERREIRO,1.0
DAGUA,JURUNAS,TRAVESSA  BOM JARDIM,1985,-1.473683,-48.488429,DEPOSITO BEBIDAS,1.0
DAGUA,GUAMA,TRAVESSA  MUCAJAS,28,-1.467375,-48.470019,RESTAURANTE SABER CASEIRO,1.0
DABEN,COQUEIRO,ALAMEDA  NS 15,28,-1.334885,-48.440813,BAR,1.0
DABEL,UMARIZAL,TRAVESSA  POMBAL,100,-1.437532,-48.486519,BUFALO CHURRASCARIA,1.0
DABEN,CABANAGEM,RUA SANTO ANTONIO,2,-1.361461,-48.439941,BAR NAZA BAR,1.0
DAICO,AGUAS NEGRAS,ESTRADA  DA MARACACUERA,22,-1.301736,-48.464396,RESTAURANTE POPULAR,1.0
DABEL,BATISTA CAMPOS,RUA  DOS PARIQUIS,1943,-1.459987,-48.48696,RESTAURANTE,1.0
DABEN,PARQUE VERDE,RUA  PRINCIPAL,2,-1.352321,-48.452701,RESTAURANTE LS,1.0
DABEN,PARQUE VERDE,RUA  PRINCIPAL,0,-1.352415,-48.452516,RESTAURANTE ALTAS HORAS,1.0
DABEL,BATISTA CAMPOS,TRAVESSA  QUINTINO BOCAIUVA,1900,-1.455988,-48.485555,RESTAURANTE BRASILEIRO,1.0
DABEL,BATISTA CAMPOS,RUA  DOS PARIQUIS,2115,-1.459761,-48.486013,BARZINHO E RESTAURANTE,1.0
DABEN,TAPANA,RUA  SEM DENOMINACAO,109,-1.340024,-48.467002,RESTAURANTE DA THIELLY,1.0
DAENT,AGUAS LINDAS,AVENIDA  OSVALDO ORLANDO COSTA,37,-1.406502,-48.393813,RESTAURANTE PARAISO,1.0
DAENT,MARAMBAIA,PASSAGEM SANTA RITA,39,-1.404305,-48.445844,MERCEARIA SILVAS BAR,1.0
DABEL,NAZARE,AVENIDA  NAZARE,189,-1.453578,-48.490974,CHURRASCARIA ALBATROZ,1.0
DABEL,NAZARE,AVENIDA  NAZARE,375,-1.452901,-48.489424,RESTAURANTE,1.0
DAENT,MARAMBAIA,AVENIDA  DALVA,47,-1.403744,-48.444296,RESTAURANTE,1.0
DAENT,MARAMBAIA,AVENIDA  DALVA,198,-1.403607,-48.44276,RESTAURANTE DU DELICIAS,1.0
DAENT,MARAMBAIA,AVENIDA  DALVA,318,-1.403884,-48.444393,BAR,1.0
DAGUA,CONDOR,TRAVESSA  DOS TUPINAMBAS,1519,-1.469945,-48.483196,PEIXARIA FRANGO DO JUNIOR,1.0
DAENT,CASTANHEIRA,RUA SAO JORGE,218,-1.408607,-48.427988,DEPOSITO DE BEBIDAS MAUES,1.0
DAENT,CASTANHEIRA,RUA SAO JORGE,30,-1.407436,-48.428068,BAR,1.0
DAENT,CASTANHEIRA,RUA SAO JORGE,48,-1.403854,-48.428163,MEGA FRITAS RESTAURANTE E LANCHONETE,1.0
DASAC,TELEGRAFO,RUA  TANCREDO NEVES,6,-1.41888,-48.489723,DEPOSITO DE BEBIDAS FERREIRA,1.0
DAOUT,SAO JOAO DO OUTEIRO,TRAVESSA  ORLANDO RODRIGUES,44,-1.263726,-48.459592,BAR DO ANDREY,1.0
DAGUA,CANUDOS,AVENIDA CONSELHEIRO FURTADO,3915,-1.455738,-48.463724,BAR,1.0
DAENT,GUANABARA,RUA  DO FIO,933,-1.400805,-48.417965,BAR,1.0
DAENT,GUANABARA,RUA  DO FIO,877,-1.400148,-48.418515,BAR RESIDENCIAL E CASA DE EVENTOS,1.0
DAGUA,JURUNAS,TRAVESSA  MONTE ALEGRE,992,-1.473001,-48.491035,MERCEARIA E BAR DOS AMIGOS,1.0
DAGUA,JURUNAS,TRAVESSA  MONTE ALEGRE,77,-1.474436,-48.489806,DEPOSITO DE BEBIDAS MAUROS,1.0
DAGUA,JURUNAS,TRAVESSA  MONTE ALEGRE,1023,-1.47318,-48.490895,BAR,1.0
DAGUA,CREMACAO,AVENIDA  ALCINDO CACELA,3092,-1.464394,-48.476591,CHURRASCARIA,1.0
DAGUA,GUAMA,PASSAGEM  FE EM DEUS,10,-1.464069,-48.457197,DEPOSITO DE BEBIDAS,1.0
DAGUA,GUAMA,PASSAGEM  FE EM DEUS,52,-1.464692,-48.457043,BAR,1.0
DAGUA,CONDOR,AVENIDA  BERNARDO SAYAO,4173,-1.474605,-48.471451,DEPOSITO DE BEBIDAS,1.0
DAGUA,CONDOR,AVENIDA  BERNARDO SAYAO,4153,-1.474576,-48.47182,DEPOSITO DE BEBIDA,1.0
DAENT,MARAMBAIA,RUA  D,250,-1.406285,-48.455424,DEPOSITO DE BEBIDAS,1.0
DAENT,CASTANHEIRA,TRAVESSA  UM,291,-1.396735,-48.43445,BAR DAS COLEGUINHAS,1.0
DAENT,CASTANHEIRA,RUA SANTA ODILIA,518,-1.397609,-48.431032,VENDA DE CHURRASCO,1.0
DAENT,MANGUEIRAO,PASSAGEM  TUPI,13,-1.395761,-48.431501,BAR DA LORA,1.0
DAENT,MARAMBAIA,PASSAGEM  CAJUI,173,-1.401456,-48.436242,BAR DO CANTO,1.0
DABEL,MARCO,TRAVESSA  PIRAJA,0,-1.432546,-48.452022,DEPOSITO DE BEBIDAS,1.0
DAENT,MARAMBAIA,AVENIDA  DALVA,556,-1.404324,-48.439494,DEPOSITO DE BEBIDAS,1.0
DAENT,MARAMBAIA,AVENIDA  DALVA,420,-1.404339,-48.440719,RESTAURANTE,1.0
DAENT,MARAMBAIA,AVENIDA  DALVA,688,-1.405372,-48.439018,RESTAURANTE,2.0
DASAC,TELEGRAFO,PASSAGEM  PRAIANA,1,-1.429426,-48.491622,BELAS BAR,1.0
DABEN,PARQUE VERDE,TRAVESSA  WE 10,11,-1.367999,-48.438294,CYBER CAFE,1.0
DABEN,PARQUE VERDE,RUA  BELEM,104,-1.367653,-48.440113,BAR,1.0
DABEN,PARQUE VERDE,TRAVESSA  WE 8,20,-1.368214,-48.43945,BAR,1.0
DABEN,PARQUE VERDE,RUA  BELEM,126,-1.367144,-48.43953,BAR DOCE LAR,1.0
DAGUA,MONTESE (TERRA FIRME),RUA  DA OLARIA,197,-1.452028,-48.456555,RESTAURANTE,1.0
DASAC,FATIMA,PASSAGEM  VITORIA,33,-1.444809,-48.469918,BAR PITSTOP DO CAT,1.0
DAMOS,BONFIM,RODOVIA ENGENHEIRO AUGUSTO MEIRA FILHO,45,-1.107521,-48.39942,RESTAURANTE JESUS PROVERA,1.0
DAMOS,BONFIM,RODOVIA ENGENHEIRO AUGUSTO MEIRA FILHO,120,-1.10898,-48.398345,BAR THE KINGS,1.0
DAMOS,NATAL DO MURUBIRA,RUA  ARTHUR PIRES TEIXEIRA,1420,-1.133605,-48.449795,BAR,1.0
DAICO,PARACURI,RUA  AYRTON SENNA,78,-1.312164,-48.474268,BOTECO,1.0
DASAC,BARREIRO,PASSAGEM  MIRANDINHA,324,-1.415528,-48.483856,CHURRASCARIA GARROTE,1.0
DAMOS,CARANANDUBA,RUA  MANOEL BARATA,279,-1.094241,-48.407024,PITER BAR,1.0
DAICO,AGULHA,TRAVESSA  DA SOLEDADE,242,-1.309465,-48.470827,RESTAURANTE DA LENE,1.0
DAGUA,GUAMA,TRAVESSA  CALDEIRA CASTELO BRANCO,3875,-1.471286,-48.470289,BAR DO PAYSANDU,1.0
DAGUA,GUAMA,PASSAGEM SAO MIGUEL,1,-1.468508,-48.467767,DEPOSITO DE BEBIDAS,1.0
DABEN,BENGUI,RUA  AJAX DE OLIVEIRA,519,-1.376187,-48.452433,DEPOSITO DE BEBIDAS,1.0
DAENT,CASTANHEIRA,PASSAGEM  OTHIL,0,-1.40842,-48.427541,RESTAURANTE SABOR DA NEGA,1.0
DAENT,CURIO-UTINGA,AVENIDA  JOAO PAULO SEGUNDO,0,-1.427829,-48.445374,EU AMO TAPIOCA,1.0
DAENT,MANGUEIRAO,RODOVIA  AUGUSTO MONTENEGRO,5,-1.378765,-48.439924,BAR,1.0
DAENT,MANGUEIRAO,RUA  PRINCIPAL,1,-1.378616,-48.439436,BAR E RESTAURANTE,1.0
DAENT,MANGUEIRAO,RUA  PRINCIPAL,1,-1.378122,-48.438648,BAR,1.0
DABEN,TAPANA,RUA  TREZE DE AGOSTO,3,-1.338263,-48.458959,BAR,1.0
DABEL,MARCO,TRAVESSA  LOMAS VALENTINAS,2852,-1.435909,-48.452357,RESTAURANTE,1.0
DAGUA,GUAMA,PASSAGEM  JOAO DE DEUS,462,-1.470723,-48.462966,BAR 3 IRMAOS,1.0
DABEL,MARCO,AVENIDA VISCONDE DE INHAUMA,408,-1.435701,-48.469614,BAR,1.0
DAGUA,CANUDOS,RUA DOUTOR AMERICO SANTA ROSA,1138,-1.453259,-48.457512,BAR SHOW DE BOLA,1.0
DAICO,AGULHA,PASSAGEM  ARMANDO MENDONCA,2,-1.304581,-48.469155,BAR,1.0
DAGUA,GUAMA,RUA  AUGUSTO CORREA,992,-1.467072,-48.458217,BAR,1.0
DAGUA,GUAMA,PASSAGEM  LAURO PESSOA,6,-1.464258,-48.455959,BAR,1.0
DAMOS,CARANANDUBA,AVENIDA  CIPRIANO SANTOS,277,-1.100205,-48.412716,BAR DO DARIO,1.0
DAMOS,CARANANDUBA,VILA  SAPO,11,-1.100747,-48.415722,BAR RIO MAR,1.0
DAMOS,CARANANDUBA,VILA  SAPO,13,-1.100797,-48.415464,DRINKS BAR,1.0
DAGUA,CANUDOS,RUA DOUTOR AMERICO SANTA ROSA,571,-1.453715,-48.462495,BAR RED BEER,1.0
DAGUA,CANUDOS,RUA DOUTOR AMERICO SANTA ROSA,445,-1.4538,-48.463869,VALAS BAR,1.0
DABEN,CABANAGEM,RUA  MURUCI,25,-1.36626,-48.433675,BAR,1.0
DAICO,PONTA GROSSA,RUA CORONEL JUVENCIO SARMENTO,1662,-1.307557,-48.481192,VINHOS BAR,1.0
DABEN,PRATINHA,PASSAGEM  JOHN ENGELHARD,10,-1.36154,-48.475615,BOTECO,1.0
DABEL,CAMPINA,RUA SENADOR MANOEL BARATA,327,-1.453345,-48.499958,RESTAURANTE TEMPERO TIPICO,1.0
DABEL,CAMPINA,RUA SENADOR MANOEL BARATA,335,-1.453242,-48.499906,RESTAURANTE,1.0
DABEL,CAMPINA,RUA SENADOR MANOEL BARATA,105,-1.45497,-48.501218,BAR PARAISO,1.0
DABEL,CAMPINA,TRAVESSA  SETE DE SETEMBRO,130,-1.454804,-48.500302,RESTAURANTE MADRINHA FRANCE,1.0
DABEL,CAMPINA,RUA SENADOR MANOEL BARATA,152,-1.454648,-48.500953,RESTAURANTE BOM DE GARFO,1.0
DABEL,CAMPINA,RUA SENADOR MANOEL BARATA,162,-1.454566,-48.500894,RESTAURANTE SABOR CASEIRO,1.0
DABEL,CAMPINA,RUA SENADOR MANOEL BARATA,270,-1.453877,-48.500505,RESTAURANTE SINHA,1.0
DABEL,CAMPINA,TRAVESSA  CAMPOS SALES,342,-1.45293,-48.499565,RESTAURANTE CANTINHO DO CHURRASCO,1.0
DABEL,CAMPINA,TRAVESSA PADRE EUTIQUIO,588,-1.454862,-48.498282,CYBER CAFE COMPANY,1.0
DABEN,PRATINHA,RODOVIA  ARTHUR BERNARDES,8152,-1.362096,-48.476347,CHURRASCARIA BOI DO CAMPO,1.0
DAICO,CAMPINA DE ICOARACI,AVENIDA DOUTOR LOPO DE CASTRO,1376,-1.298015,-48.476971,RESTAURANTE SABOR CASEIRO,1.0
DAICO,CAMPINA DE ICOARACI,TRAVESSA  BOM JESUS,0,-1.298353,-48.474585,BAR QUEBRA GALHO,1.0
DABEN,COQUEIRO,TRAVESSA  VINTE E OITO,8,-1.347826,-48.438951,BAR DA PRACA,1.0
DABEN,COQUEIRO,TRAVESSA  VINTE E OITO,6,-1.347784,-48.439017,BAR,1.0
DAENT,AGUAS LINDAS,RUA  B,7,-1.409871,-48.395459,CIBER CAFE,1.0
DASAC,PEDREIRA,TRAVESSA  TIMBO,1645,-1.433133,-48.469641,BAR,1.0
DASAC,PEDREIRA,TRAVESSA  TIMBO,1665,-1.433329,-48.469533,BOTECO LOS MANOS,1.0
DAMOS,CHAPEU VIRADO,RUA  BEIRA RIO,0,-1.132178,-48.45591,BAR,1.0
DAMOS,CHAPEU VIRADO,RUA  BEIRA RIO,3,-1.132117,-48.455728,RESTAURANTE,1.0
DAICO,CAMPINA DE ICOARACI,PASSAGEM  BRASILIA,374,-1.297144,-48.462674,BAR DA SORTE 3,1.0
DAICO,CAMPINA DE ICOARACI,AVENIDA  CONTORNO LESTE,490,-1.298141,-48.462646,RESTAURANTE TEMPERO DA MARIA,1.0
DAGUA,MONTESE (TERRA FIRME),RUA SAO DOMINGOS,647,-1.454134,-48.449273,BAR DO JACK,1.0
DAGUA,MONTESE (TERRA FIRME),PASSAGEM  DOIS DE JUNHO,45,-1.455,-48.451403,DEPOSITO DE BEBIDAS,1.0
DABEL,MARCO,AVENIDA  JOAO PAULO II,962,-1.440458,-48.457257,RESTAURANTE,1.0
DAMOS,VILA,TRAVESSA  SIQUEIRA MENDES,0,-1.165202,-48.473516,TAPIOCARIA BEIRA MAR,1.0
DAMOS,VILA,RUA  CARLOS BENTES,0,-1.164635,-48.472411,TAPIOCARIA,4.0
DAICO,PONTA GROSSA,PASSAGEM  PAES DE CARVALHO,194,-1.303272,-48.483514,BAR,1.0
DAICO,PONTA GROSSA,TRAVESSA  SOUZA FRANCO,638,-1.304499,-48.483438,TAPIOCARIA REGIONAL,1.0
DAICO,PONTA GROSSA,TRAVESSA  SOUZA FRANCO,626,-1.304478,-48.483567,RESTAURANTE MANGA ITALIA,1.0
DAOUT,AGUA BOA,TRAVESSA  BEIJA FLOR,2,-1.260203,-48.451382,BAR E MERCEARIA E CERRALHERIA,1.0
DAENT,MARAMBAIA,PASSAGEM  VITORIA,9,-1.407998,-48.450357,DEPOSITO DE BEBIDAS,1.0
DAGUA,JURUNAS,TRAVESSA  BOM JARDIM,2197,-1.475017,-48.487666,CHURRASCO DO CARECA,1.0
DAGUA,CREMACAO,TRAVESSA  TRES DE MAIO,2497,-1.462266,-48.473543,DEPOSITO DE BEBIDAS QUEIROZ,1.0
DAICO,TENONE,PASSAGEM  ELCIONE BARBALHO,57,-1.312226,-48.449242,BAR,1.0
DAENT,SOUZA,PASSAGEM  ANA DEUSA,94,-1.423604,-48.449042,RESTAURANTE DO TOM,1.0
DAENT,SOUZA,PASSAGEM  ANA DEUSA,603,-1.424232,-48.44814,BAR,1.0
DAGUA,CREMACAO,TRAVESSA  TRES DE MAIO,0,-1.457897,-48.473965,BAR E RESTAURANTE,1.0
DAGUA,GUAMA,AVENIDA BARAO DE IGARAPE MIRI,1246,-1.467726,-48.4574,SKEMA BAR,1.0
DAICO,MARACACUERA,RUA  SEM DENOMINACAO,0,-1.282904,-48.450433,RESTAURANTE DE COMIDAS CASEIRAS,1.0
DAMOS,PRAIA GRANDE,RUA  BEIRA RIO,1631,-1.150544,-48.469674,BAR,1.0
DAMOS,PRAIA GRANDE,RUA  BEIRA RIO,0,-1.152372,-48.471269,BAR,1.0
DABEN,TAPANA,RUA  QUATRO,12,-1.359648,-48.463138,DEPOSITO DE BEBIDAS UNIAO,1.0
DAMOS,CARUARA,ESTRADA  DO CARUARA,47,-1.09377,-48.400404,BAR E RESTAURANTE MEL,1.0
DAICO,AGULHA,TRAVESSA  DOS BERREDOS,462,-1.305723,-48.472916,BAR,1.0
DAICO,AGULHA,TRAVESSA  DOS BERREDOS,2781,-1.30562,-48.471982,BAR MILTAO,1.0
DASAC,TELEGRAFO,TRAVESSA  MAGNO DE ARAUJO,663,-1.430452,-48.484667,RESTAURANTE,1.0
DASAC,TELEGRAFO,AVENIDA SENADOR LEMOS,0,-1.43088,-48.485688,VENDA DE CAFE,1.0
DABEL,MARCO,VIELA  JOAOZINHO,9,-1.429299,-48.464294,BAR,1.0
DAGUA,GUAMA,AVENIDA  TUCUNDUBA,424,-1.456555,-48.454911,BAR DO FEDERICO,1.0
DAGUA,GUAMA,AVENIDA  TUCUNDUBA,418,-1.456505,-48.45464,RESTAURANTE,1.0
DAMOS,SAO FRANCISCO,RUA  MARABA,327,-1.110276,-48.413646,DEPOSITO DE BEBIDAS,1.0
DAMOS,NATAL DO MURUBIRA,RUA  NATAL DO MURUBIRA,0,-1.135436,-48.447758,BAR,1.0
DAICO,CAMPINA DE ICOARACI,TRAVESSA  W QUATRO,327,-1.301735,-48.466148,BAR,1.0
DAICO,AGUAS NEGRAS,ESTRADA  DA MARACACUERA,327,-1.301961,-48.466206,RESTAURANTE DA MORENA,1.0
DASAC,TELEGRAFO,AVENIDA  PEDRO ALVARES CABRAL,2844,-1.422503,-48.485145,BAR DA SONIA,1.0
DASAC,BARREIRO,PASSAGEM  VITORIA,243,-1.409766,-48.479751,BAR,1.0
DASAC,PEDREIRA,TRAVESSA DOUTOR ENEAS PINHEIRO,272,-1.421862,-48.470444,RESTAURANTE 3 IRMAOS,1.0
DASAC,PEDREIRA,TRAVESSA BARAO DO TRIUNFO,1977,-1.428388,-48.468862,RESTAURANTE PITU E COMERCIO DE VENDAS,1.0
DAGUA,MONTESE (TERRA FIRME),RUA  LAURO SODRE,128,-1.455991,-48.452595,BAR,1.0
DAGUA,MONTESE (TERRA FIRME),RUA  LAURO SODRE,154,-1.4557,-48.452348,BAR DA LORA,1.0
DAGUA,MONTESE (TERRA FIRME),RUA  LAURO SODRE,154,-1.455695,-48.452432,BAR E RESTAURANTE,1.0
DASAC,SACRAMENTA,PASSAGEM  MUCAJA,817,-1.409888,-48.47222,PEIXARIA,1.0
DAOUT,AGUA BOA,RUA  DAS MANGUEIRAS,123,-1.259043,-48.45763,CHURRASCO E DELICIAS DA ROSA,1.0
DAGUA,GUAMA,AVENIDA  JOSE BONIFACIO,1012,-1.456187,-48.469246,EXPRESSO CAFE,1.0
DAICO,CAMPINA DE ICOARACI,ALAMEDA  SEM DENOMINACAO,12,-1.299046,-48.4694,BOTECO DA RE,2.0
DASAC,SACRAMENTA,PASSAGEM  GRAO PARA,100,-1.414745,-48.48112,PEIXARIA DA MARIA,1.0
DASAC,SACRAMENTA,AVENIDA  PEDRO ALVARES CABRAL,3734,-1.415857,-48.48067,CARLINHA CAFE E LANCHES,1.0
DASAC,SACRAMENTA,PASSAGEM SAO BENEDITO,163,-1.415136,-48.481094,ACOUGUE E PEIXARIA RODRIGUES,1.0
DAOUT,BRASILIA,AVENIDA  BL 10,949,-1.27513,-48.47311,RESTAURANTE SABOR DO PARA,1.0
DAICO,PONTA GROSSA,RUA  QUINZE DE AGOSTO,1203,-1.304234,-48.483188,CHURRASCO DELIVERY,1.0
DAENT,UNIVERSITARIO,FURO  DA PACIENCIA,0,-1.49877,-48.440425,BAR E RESTAURANTE DO BOA,1.0
DAENT,UNIVERSITARIO,FURO  DA PACIENCIA,0,-1.5013,-48.435569,RESTAURANTE,1.0
DASAC,SACRAMENTA,AVENIDA SENADOR LEMOS,2924,-1.418913,-48.47994,RESTAURANTE CHAMEGO DO JUNIOR,1.0
DABEN,COQUEIRO,ALAMEDA  NS 13,59,-1.3325,-48.442531,DEPOSITO DE BEBIDAS,1.0
DASAC,PEDREIRA,TRAVESSA  LOMAS VALENTINAS,1215,-1.427561,-48.464716,RESTAURANTE DELICIA DE PANELA,1.0
DASAC,PEDREIRA,TRAVESSA  LOMAS VALENTINAS,1181,-1.427448,-48.465009,RESTAURANTE,1.0
DASAC,TELEGRAFO,PASSAGEM  DAS FLORES,270,-1.423943,-48.487065,BAR SEM NOME,1.0
DASAC,TELEGRAFO,PASSAGEM  MIRACI,462,-1.426244,-48.478787,CIBER CAFE,1.0
DASAC,TELEGRAFO,PASSAGEM  BOCA DO ACRE,530,-1.420504,-48.486954,BAR DO JACA,1.0
DAGUA,CANUDOS,TRAVESSA  JUVENAL CORDEIRO,181,-1.453164,-48.457319,BAR,1.0
DAGUA,CONDOR,AVENIDA  ALCINDO CACELA,3860,-1.470596,-48.476278,RESTAURANTE E PEIXARIA REDE DE PESCADOR,1.0
DAGUA,CONDOR,AVENIDA  ALCINDO CACELA,3828,-1.470354,-48.476264,MARCENARIA DE BILHAR,1.0
DAGUA,MONTESE (TERRA FIRME),AVENIDA  PERIMETRAL,3,-1.464391,-48.446951,RESTAURANTE SABOR PARAENSE,1.0
DAGUA,GUAMA,TRAVESSA  TEOFILO CONDURU,5,-1.456269,-48.460635,RESTAURANTE,1.0
DAENT,CASTANHEIRA,RODOVIA  AUGUSTO MONTENEGRO,573,-1.403796,-48.435088,PARAZAO JOGO E BAR,1.0
DAOUT,BRASILIA,RUA  UBIRAJARA FILHO,1266,-1.269939,-48.478011,BAR E RETAURANTE,1.0
DAICO,PONTA GROSSA,RUA  MANOEL BARATA,1059,-1.303687,-48.487158,BAR,1.0
DABEN,CABANAGEM,ALAMEDA  MONTEIRO LOBATO,5,-1.367191,-48.434962,BAR DA LOIRA,1.0
DABEN,TAPANA,RUA  RANARIO,76,-1.324933,-48.468185,VADECO BAR,1.0
DABEL,MARCO,TRAVESSA  ANGUSTURA,3345,-1.43397,-48.457944,RESTAURANTE FUJI,1.0
DABEL,CIDADE VELHA,PORTO  PALMEIRACO,26,-1.460262,-48.506389,DEPOSITO DE BEBIDAS,1.0
DABEL,CIDADE VELHA,RUA  BOAVENTURA,0,-1.45998,-48.505668,BAR,1.0
DABEL,SAO BRAS,AVENIDA  JOSE BONIFACIO,170,-1.445083,-48.469129,BAR CHURRASK ROLL,1.0
DAENT,CASTANHEIRA,PASSAGEM  DOIS DE JUNHO,327,-1.403372,-48.434219,RESTAURANTE DA JULIA,1.0
DAENT,CASTANHEIRA,RUA SAO JOSE,3,-1.404323,-48.434084,RESTAURANTE CANTINA DO SABOR,1.0
DAENT,VAL-DE-CANS,TRAVESSA  NATAL,3307,-1.400028,-48.471777,RESTAURANTE SABOR RESENHA,1.0
DASAC,SACRAMENTA,PASSAGEM  SANTANA,89,-1.414358,-48.480535,BAR DO LUIZ,1.0
DAGUA,JURUNAS,TRAVESSA  HONORIO JOSE DOS SANTOS,857,-1.46913,-48.489391,MURILO RESTAURANTE BAR E JOGO DO BIXO,1.0
DAGUA,GUAMA,PASSAGEM  RUI BARBOSA,587,-1.474747,-48.464711,CAFE DA MANHA,1.0
DAGUA,GUAMA,PASSAGEM  JOAO DE DEUS,1003,-1.475501,-48.461167,BAR DO EDSON,1.0
DAGUA,JURUNAS,RUA  DOS CARIPUNAS,277,-1.472225,-48.495466,DEPOSITO DE BEBIDAS,1.0
DAGUA,JURUNAS,RUA  CESARIO ALVIM,598,-1.465658,-48.498963,BAR,1.0
DAENT,MANGUEIRAO,RUA SANTA ODILIA,820,-1.3948,-48.430408,CLUBE BALNEARIO BAR,1.0
DAENT,MANGUEIRAO,RUA SANTA ODILIA,86,-1.394265,-48.429049,RESTAURANTE E ASSADOS DA SHEILA,1.0
DAENT,MANGUEIRAO,RUA SANTA ODILIA,777,-1.395418,-48.430279,DEPOSITO DE BEBIDAS,1.0
DAENT,MANGUEIRAO,PASSAGEM  TUPI,119,-1.395807,-48.431365,RESTAURANTE,1.0
DAGUA,GUAMA,AVENIDA  TUCUNDUBA,33,-1.461828,-48.456646,BAR DO SABIA,1.0
DAENT,UNIVERSITARIO,AVENIDA  PERIMETRAL,196,-1.46649,-48.448067,BAR LANCHONETE DA RUTH,1.0
DAENT,UNIVERSITARIO,AVENIDA  PERIMETRAL,234,-1.465799,-48.447648,MARCITA VARIEDADES E CHURRASCO DA JUCA,2.0
DAENT,CURIO-UTINGA,PASSAGEM  AUGUSTA,23,-1.430932,-48.446852,DEPOSITO DE BEBIDA,1.0
DAENT,CURIO-UTINGA,AVENIDA  JOAO PAULO SEGUNDO,273,-1.429334,-48.447367,RESTAURANTE ECLIPSE,1.0
DAMOS,MURUBIRA,RUA  VARIANTE,0,-1.123815,-48.436105,BAR ENCONTRO DOS AMIGOS,1.0
DAMOS,VILA,RUA PADRE MANOEL RAIOL,547,-1.160737,-48.467399,DEPOSITO DE BEBIDAS,1.0
DAENT,CURIO-UTINGA,AVENIDA  JOAO PAULO SEGUNDO,84,-1.428817,-48.446418,PEIXARIA E FRUTEIRA,1.0
DAENT,CURIO-UTINGA,PASSAGEM  CANAA,3361,-1.432719,-48.450687,BAR E RESTAURANTE NEGUINHOS BAR,1.0
DABEN,CABANAGEM,ESTRADA  DO UNA,85,-1.378245,-48.43083,RESTAURANTE,1.0
DABEN,SAO CLEMENTE,TRAVESSA SAO CRISTOVAO,0,-1.360229,-48.464467,BAR,1.0
DAENT,MARAMBAIA,RUA SAO JOSE,0,-1.398962,-48.451373,BAR,1.0
DAGUA,CONDOR,RUA  NOVA,200,-1.472247,-48.482319,RESTAURANTE SABOR DE CASA,1.0
DAGUA,CONDOR,PASSAGEM SANTA TERESINHA,18,-1.472551,-48.481624,BAR DA TOKA,1.0
DAGUA,CONDOR,PASSAGEM SANTA TERESINHA,2,-1.472698,-48.481584,BAR DO LEAL,1.0
DAOUT,AGUA BOA,RUA  AMAZONAS,0,-1.24797,-48.449369,BAR,1.0
DAOUT,BRASILIA,RUA  MAGALHAES BARATA,0,-1.222036,-48.552724,RESTAURANTE E POUSADA,1.0
DAICO,PARACURI,RODOVIA  ARTHUR BERNARDES,8,-1.313215,-48.485957,CASSIANO BAR,1.0
DAICO,PONTA GROSSA,RUA  QUINZE DE AGOSTO,364,-1.311538,-48.482848,BAR,1.0
DASAC,TELEGRAFO,RODOVIA  ARTHUR BERNARDES,374,-1.42465,-48.489381,DEPOSITO DE BEBIDAS,1.0
DASAC,TELEGRAFO,RODOVIA  ARTHUR BERNARDES,484,-1.423713,-48.489493,BAR,1.0
DABEL,REDUTO,TRAVESSA  QUINTINO BOCAIUVA,478,-1.445128,-48.492045,BAR DESATIVADO,1.0
DABEN,BENGUI,RUA SAO CLEMENTE,500,-1.377532,-48.46283,RESTAURANTE,1.0
DABEN,BENGUI,RUA SAO CLEMENTE,0,-1.377501,-48.462925,RESTAURANTE,1.0
DABEN,BENGUI,RUA  AJAX DE OLIVEIRA,0,-1.377898,-48.463308,RESTAURANTE,1.0
DABEL,SAO BRAS,TRAVESSA  FRANCISCO CALDEIRA CASTELO BRANCO,703,-1.448974,-48.470699,RESTAURANTE,1.0
DABEL,BATISTA CAMPOS,TRAVESSA SAO FRANCISCO,0,-1.459259,-48.497294,BAR E RESTAURANTE,1.0
DABEL,BATISTA CAMPOS,TRAVESSA SAO FRANCISCO,471,-1.459132,-48.497256,RESTAURANTE,1.0
DAMOS,MARACAJA,RUA  FRANCISCO CARDOSO,1286,-1.166158,-48.465524,RESTAURANTE,1.0
DABEN,PARQUE VERDE,PASSAGEM SAO JORGE,22,-1.358172,-48.450496,TABERNA E BAR,1.0
DAGUA,CREMACAO,RUA SAO MIGUEL,1055,-1.4645,-48.482362,CONFRARIA DO CAFE,1.0
DASAC,TELEGRAFO,TRAVESSA  JOSE PIO,773,-1.43356,-48.484878,RESTAURANTE,1.0
DAMOS,BAIA DO SOL,RUA  BEIRA RIO,1012,-1.071476,-48.330222,RESTAURANTE JUDITE,1.0
DAGUA,MONTESE (TERRA FIRME),AVENIDA  PERIMETRAL,19,-1.46566,-48.447739,CHURRASCO E ACAI POPULAR,1.0
DABEL,CIDADE VELHA,RUA  SIQUEIRA MENDES,264,-1.455944,-48.5057,BAR PALAFITA,1.0
DABEL,CIDADE VELHA,TRAVESSA  FELIX ROCQUE,58,-1.456542,-48.506177,EMPRESA BAR DO PARA,1.0
DAGUA,MONTESE (TERRA FIRME),RUA SAO DOMINGOS,92,-1.45915,-48.453292,BAR,1.0
DABEL,SAO BRAS,TRAVESSA  FRANCISCO CALDEIRA CASTELO BRANCO,539,-1.447253,-48.47085,DONA ANA RESTAURANTE,1.0
DABEL,CIDADE VELHA,TRAVESSA  FELIX ROCQUE,318,-1.45611,-48.503865,RESTAURANTE,1.0
DABEL,CIDADE VELHA,RUA DOUTOR ASSIS,225,-1.457543,-48.505078,RESTAURANTE NURIAS,1.0
DABEL,CIDADE VELHA,TRAVESSA  JOAQUIM TAVORA,103,-1.45785,-48.50553,RESTAURANTE DA ROSA,1.0
DABEL,CIDADE VELHA,RUA PADRE CHAMPAGNAT,31,-1.45547,-48.504576,STEAK BAR RESTAURANTE,1.0
DAENT,MANGUEIRAO,RUA TENENTE BEZERRA,58,-1.380003,-48.437382,BAR DO BAR,1.0
DAENT,MANGUEIRAO,RUA TENENTE BEZERRA,188,-1.377886,-48.434451,BAR DO BURICA,1.0
DAENT,MARAMBAIA,RUA  MARAVALHO BELO,0,-1.400173,-48.440343,BAR DR PINGO,1.0
DAENT,MARAMBAIA,RUA  MARAVALHO BELO,60,-1.399376,-48.440352,BRASILEIRINHO GOURMET RESTAURANTE,1.0
DASAC,MARACANGALHA,AVENIDA  DOS TUCANOS,1,-1.407545,-48.481601,BAR E MERCEARIA,1.0
DAGUA,CONDOR,RUA  DOS TAMBES,0,-1.472032,-48.480263,BAR DO PAXICA,1.0
DASAC,BARREIRO,PASSAGEM  STELIO MAROJA,1016,-1.41646,-48.488373,DEPOSITO DE BEBIDAS,1.0
DAENT,CASTANHEIRA,PASSAGEM  NEWTON MIRANDA,112,-1.402035,-48.43073,CAROL RESTAURANTE,1.0
DAENT,CURIO-UTINGA,PASSAGEM  ANA DEUSA,139,-1.426219,-48.446672,DEPOSITO DE BEBIDAS,1.0
DAGUA,JURUNAS,RUA  DOS PARIQUIS,307,-1.471493,-48.496402,BAR E COMERCIO,1.0
DAGUA,JURUNAS,RUA  DOS PARIQUIS,219,-1.470898,-48.497778,BAR,1.0
DAGUA,JURUNAS,AVENIDA  BERNARDO SAYAO,1029,-1.472337,-48.497605,BAR,1.0
DAENT,CURIO-UTINGA,PASSAGEM SAO FRANCISCO,98,-1.427984,-48.443503,BAR,1.0
DABEL,CIDADE VELHA,RUA  DO ARSENAL,0,-1.466503,-48.502069,CHURRASCO DO MINEIRO,1.0
DABEN,PARQUE VERDE,RUA  BRAGANCA,33,-1.370169,-48.441711,RESTAURANTE SABOR CASEIRO,1.0
DABEN,TAPANA,RUA  PAULO GUILHERME,4,-1.351991,-48.476903,RESTAURANTE DA SOCORRO,1.0
DAOUT,ITAITEUA,ESTRADA  VELHA DO OUTEIRO,0,-1.26646,-48.439471,BAR,1.0
DABEN,SAO CLEMENTE,TRAVESSA SAO CLEMENTE,0,-1.360606,-48.46531,BAR,1.0
DABEL,BATISTA CAMPOS,RUA  DOS TIMBIRAS,1911,-1.46196,-48.484634,RESTAURANTE CANTINHO DA BRUNA,1.0
DABEL,MARCO,TRAVESSA  CURUZU,1455,-1.441274,-48.468298,BAR,1.0
DABEN,TAPANA,RUA  BENEDITO BANDEIRA,1,-1.349499,-48.468512,BAR DA RAY,1.0
DABEN,TAPANA,RUA  VINTE E CINCO DE OUTUBRO,5,-1.348444,-48.470506,BAR,1.0
DABEL,MARCO,TRAVESSA BARAO DO TRIUNFO,2426,-1.430845,-48.465365,BOTECO DA BARAO,1.0
DAGUA,JURUNAS,RUA  CONCEICAO BEIRA MAR,6,-1.475936,-48.494457,BAR,1.0
DAGUA,JURUNAS,RUA  CONCEICAO BEIRA MAR,13,-1.475942,-48.494547,RESTAURANTE,1.0
DAGUA,JURUNAS,RUA  CONCEICAO BEIRA MAR,4,-1.475985,-48.494597,BAR,1.0
DAENT,AGUAS LINDAS,ESTRADA  SANTANA DO AURA,192,-1.409926,-48.384908,RESTAURANTE,1.0
DABEN,TAPANA,RODOVIA  DO TAPANA,6,-1.348794,-48.459932,BAR RESTAURANTE,1.0
DAENT,MANGUEIRAO,RUA  DA PAZ,135,-1.379567,-48.435284,DEPOSITO DE BEBIDA,1.0
DAENT,AURA,QUADRA  DOIS,60,-1.416028,-48.398727,BAR DO PUMA,1.0
DAENT,AURA,QUADRA  TRES,16,-1.418353,-48.398536,BAR E MERCEARIA,1.0
DABEL,CAMPINA,RUA  CARLOS GOMES,6,-1.454401,-48.495541,CHURRASCO DA IRMA,1.0
DAGUA,GUAMA,TRAVESSA  CALDEIRA CASTELO BRANCO,0,-1.469533,-48.470287,BAR,1.0
DAGUA,GUAMA,TRAVESSA  CALDEIRA CASTELO BRANCO,0,-1.469533,-48.470287,DEPOSITO DE BEBIDAS,1.0
DAGUA,GUAMA,RUA  AUGUSTO CORREA,0,-1.467244,-48.458273,BOX PEIXARIA,1.0
DABEN,PRATINHA,PASSAGEM SANTO AFONSO,10,-1.376875,-48.480673,CHURRASCARIA ALTAS HORAS,1.0
DABEN,PRATINHA,PASSAGEM SANTO AFONSO,19,-1.376778,-48.481541,DEPOSITO DE BEBIDAS,1.0
DABEN,PRATINHA,RUA SAO JOSE,30,-1.37461,-48.482026,BAR DO MARAJO,1.0
DAICO,CRUZEIRO,RUA SANTA IZABEL,1206,-1.301494,-48.479591,BAR DO PICA PAU,1.0
DAGUA,JURUNAS,RUA  DOS MUNDURUCUS,144,-1.471965,-48.498486,HAMBURGUERIA E CHURRASCO BAD BOY,1.0
DAENT,MANGUEIRAO,AVENIDA MAJOR AVIADOR SEDA,16,-1.379423,-48.455485,RESTAURANTE SABOR CASEIRO,1.0
DAENT,MANGUEIRAO,AVENIDA MAJOR AVIADOR SEDA,44,-1.380161,-48.455572,RESTAURANTE,1.0
DAENT,MANGUEIRAO,PASSAGEM  QUINZE DE NOVEMBRO,0,-1.380183,-48.454183,LIMAS BAR E CONVENIENCIA,1.0
DASAC,FATIMA,RUA  ANTONIO BARRETO,1760,-1.442377,-48.473048,RESTAURANTE EGUA DA BROCA,1.0
DASAC,FATIMA,RUA  ANTONIO BARRETO,1820,-1.4424,-48.472987,RESTAURANTE DO PRETO,1.0
DASAC,FATIMA,RUA  ANTONIO BARRETO,1492,-1.442697,-48.474945,COZINHA DO CHEFE RESTAURANTE E EVENTOS,1.0
DASAC,FATIMA,TRAVESSA  TRES DE MAIO,0,-1.444038,-48.474485,BAR,1.0
DABEN,TAPANA,AVENIDA  BENEDITO MONTEIRO,45,-1.341275,-48.453744,RESTAURANTE E PONTO COMERCIAL,2.0
DABEL,BATISTA CAMPOS,PASSAGEM  DO HORTO,40,-1.457563,-48.487054,MODELO BAR,1.0
DABEL,BATISTA CAMPOS,PASSAGEM  DO HORTO,40,-1.457402,-48.486839,BAR,1.0
DABEL,CAMPINA,RUA  O DE ALMEIDA,371,-1.451463,-48.497214,DOM REGIS RESTAURANTE E BUFFET,1.0
DABEN,TAPANA,RUA  JUSCELINO KUBITSCHECK,33,-1.344799,-48.464311,BAR PEDRAO,1.0
DABEN,PARQUE VERDE,RUA SARGENTO GETULIO,180,-1.36905,-48.453369,ESQUINA BAR,1.0
DABEL,UMARIZAL,TRAVESSA ALMIRANTE WANDENKOLK,116,-1.439366,-48.492004,RESTAURANTE OLHO GORDO,1.0
DAMOS,CHAPEU VIRADO,AVENIDA  DEZESSEIS DE NOVEMBRO,5,-1.137944,-48.459071,BAR E LANCHONETE CANTAO,1.0
DAGUA,MONTESE (TERRA FIRME),AVENIDA  CIPRIANO SANTOS,42,-1.449757,-48.447927,BAR,1.0
DAGUA,GUAMA,PASSAGEM NOSSA SENHORA DE FATIMA,14,-1.463845,-48.466695,BAR DA ONCA,1.0
DAGUA,JURUNAS,RUA  DOS TAMOIOS,315,-1.469979,-48.498625,CHURRASCO DA JO,1.0
DAGUA,MONTESE (TERRA FIRME),RUA SAO DOMINGOS,43,-1.460814,-48.454009,CHURRASCARIA,1.0
DAGUA,MONTESE (TERRA FIRME),RUA SAO DOMINGOS,25,-1.460308,-48.45373,COMPLEXO COMERCIAL BAR E ARENA,1.0
DAICO,AGULHA,RUA  OITO DE MAIO,104,-1.302098,-48.469728,RESTAURANTE CARIOCA,1.0
DASAC,SACRAMENTA,PASSAGEM  FORTALEZA,0,-1.407766,-48.470706,PEIXARIA,1.0
DABEN,SAO CLEMENTE,PASSAGEM  DOS CINQUENTA,31,-1.357062,-48.466835,BAR DE COVENIENCIA,1.0
DASAC,TELEGRAFO,TRAVESSA  JOSE PIO,1005,-1.434151,-48.482829,BARZINHO BAR,1.0
DABEL,UMARIZAL,TRAVESSA  JOSE PIO,883,-1.433914,-48.484089,DEPOSITO DE BEBIDAS EGUA DA BREJA,1.0
DABEN,TAPANA,PASSAGEM  AMORAS,29,-1.344381,-48.478216,RESTAURANTE,1.0
DABEN,PRATINHA,PASSAGEM  LIBERDADE,17,-1.356953,-48.476039,BOTECO DA JOSY,1.0
DAENT,MANGUEIRAO,AVENIDA MAJOR AVIADOR SEDA,152,-1.3835,-48.455394,CAFE DA MERY,1.0
DAENT,MANGUEIRAO,AVENIDA MAJOR AVIADOR SEDA,37,-1.383644,-48.455401,CHURRASCO TURBINADO,1.0
DABEN,COQUEIRO,TRAVESSA  WE 7,68,-1.340754,-48.439455,BAR,1.0
DABEL,UMARIZAL,AVENIDA  PEDRO MIRANDA,99,-1.437172,-48.478804,BOTECO DO PIPO,1.0
DAENT,SOUZA,PASSAGEM  GAMA MALCHER,20,-1.415375,-48.442817,RESTAURANTE DO MARCELO,1.0
DAENT,MARAMBAIA,TRAVESSA  UNIAO,118,-1.404851,-48.463188,BAR PARADA OBRIGATORIA,1.0
DABEL,CAMPINA,AVENIDA  ASSIS DE VASCONCELOS,396,-1.449173,-48.495368,BISTRO SETE RESTAURANTE,1.0
DABEL,NAZARE,AVENIDA  ALCINDO CACELA,1609,-1.451065,-48.47769,RESTAURANTE E HAMBURGUERIA CARVALHO,1.0
DABEN,BENGUI,PASSAGEM  VALDIR ACATAUASSU NUNES,7,-1.376546,-48.44815,BAR,1.0
DABEN,BENGUI,PASSAGEM  VALDIR ACATAUASSU NUNES,120,-1.376364,-48.448127,DEPOSITO DE BEBIDAS,1.0
DASAC,SACRAMENTA,RUA  CACIQUE,102,-1.406262,-48.469168,BAR E MERCEARIA,1.0
DAICO,MARACACUERA,TRAVESSA  F,630,-1.29862,-48.45882,BAR DA LOIRA,1.0
DAICO,PARQUE GUAJARA,RUA  PARA,14,-1.316633,-48.455351,RESTO E CHURRASCARIA DELICIAS NA MESA,1.0
DABEN,COQUEIRO,RUA  PAU GRANDE,21,-1.329324,-48.438677,BAR CHOPPTEL,1.0
DAGUA,JURUNAS,RUA  DOS TAMOIOS,123,-1.47109,-48.499688,RESTAURANTE,1.0
DAMOS,BAIA DO SOL,ALAMEDA SAO SEBASTIAO,0,-1.067653,-48.334148,BAR DO DANIEL,1.0
DAMOS,MARACAJA,RUA  SIQUEIRA MENDES,904,-1.165038,-48.465435,BAR,1.0
DAENT,AGUAS LINDAS,RUA  ROSA DE LUXEMBURGO,0,-1.405727,-48.392228,PONTO DE CHURRASCO DO RONY,1.0
DAENT,AGUAS LINDAS,AVENIDA  OSVALDO ORLANDO COSTA,7,-1.406467,-48.39221,GUEDES BAR,1.0
DAGUA,CONDOR,TRAVESSA  QUATORZE DE MARCO,3379,-1.467946,-48.47876,BAR DO AJAX,1.0
DAGUA,MONTESE (TERRA FIRME),AVENIDA  CELSO MALCHER,458,-1.454414,-48.453222,FERREIRA GRILL RESTAURANTE,1.0
DABEL,CIDADE VELHA,RUA  TRIUNVIRATO,303,-1.463016,-48.500674,BAR DO BACU,1.0
DAGUA,JURUNAS,RUA  DOS TAMOIOS,100,-1.471296,-48.499926,BAR,1.0
DAICO,MARACACUERA,ESTRADA  VELHA DO OUTEIRO,0,-1.294655,-48.454562,BAR DO BOTO,1.0
DAOUT,ITAITEUA,RUA  FIDELIS,0,-1.270924,-48.432938,RESTAURANTE PAI DEGUA,1.0
DAMOS,VILA,TRAVESSA  SIQUEIRA MENDES,32,-1.165107,-48.472499,RESTAURANTE,1.0
DAGUA,JURUNAS,AVENIDA ENGENHEIRO FERNANDO GUILHON,0,-1.471513,-48.491025,CASA DE SHOW FLORENTINA SHOW PRIME,1.0
DAGUA,JURUNAS,AVENIDA ENGENHEIRO FERNANDO GUILHON,0,-1.471392,-48.490941,BAR,1.0
DAGUA,JURUNAS,AVENIDA ENGENHEIRO FERNANDO GUILHON,623,-1.471206,-48.490856,BAR E RESTAURNTE PAI E FILHO,1.0
DAICO,PARACURI,RUA  CUMARU,19,-1.311641,-48.477639,BAR DA ROSE,1.0
DAICO,PARACURI,RUA  CUMARU,39,-1.312579,-48.477584,BAR DO PITO,1.0
DAICO,PARACURI,RUA  MURURE,2,-1.311023,-48.478033,BAR DO LOURO,1.0
DAICO,PARACURI,RUA  CUMARU,32,-1.313918,-48.477355,RED ZONE CYBER CAFE LAN HOUSE,1.0
DAGUA,MONTESE (TERRA FIRME),PASSAGEM SAO PEDRO,330,-1.453489,-48.450766,CHURRASCO JOAO BAIAO,1.0
DAICO,TENONE,PASSAGEM  MARCOLANDIA,15,-1.311857,-48.452087,BAR DA ROSA,1.0
DABEN,TAPANA,PASSAGEM  MIZAEL MARTINS,28,-1.345119,-48.476672,BAR,1.0
DAENT,CASTANHEIRA,PASSAGEM NOSSA SENHORA APARECIDA,363,-1.409045,-48.431698,RESTAURANTE,1.0
DASAC,SACRAMENTA,PASSAGEM SAO PEDRO,84,-1.413007,-48.472083,RESTAURANTE,1.0
DABEL,CAMPINA,AVENIDA PRESIDENTE GETULIO VARGAS,708,-1.452684,-48.495407,CHURRASCARIA GRAO SABOR,1.0
DAICO,CRUZEIRO,RUA  AVELINO MONTEIRO,390,-1.264121,-48.560812,CHURRASCAO E ACAI DO SOSO,1.0
DABEN,BENGUI,RUA SAO CLEMENTE,309,-1.376398,-48.463039,BAR DA CRIS,1.0
DASAC,SACRAMENTA,PASSAGEM  CABEDELO,679,-1.411903,-48.47866,BAR DO TIO BIA,1.0
DASAC,SACRAMENTA,PASSAGEM  CABEDELO,679,-1.411944,-48.478673,MARMITAS E RESTAURANTE YONEKURA,1.0
DAENT,AGUAS LINDAS,QUADRA  TRES CONJUNTO VERDEJANTE I,0,-1.409056,-48.393912,BAR DA NEGA,1.0
DAICO,CRUZEIRO,TRAVESSA SAO ROQUE,983,-1.299998,-48.480669,MIX SUSHI BAR,1.0
DAICO,CRUZEIRO,TRAVESSA SAO ROQUE,897,-1.300122,-48.481367,RESTAURANTE,1.0
DAICO,CRUZEIRO,TRAVESSA SAO ROQUE,1005,-1.299953,-48.480361,BAR,1.0
DAOUT,AGUA BOA,ESTRADA  DO TUCUMAERA,2502,-1.256242,-48.449757,BAR,1.0
DASAC,TELEGRAFO,RUA  NOVA,90,-1.428795,-48.479945,BAR,1.0
DAGUA,GUAMA,AVENIDA  BERNARDO SAYAO,4330,-1.474932,-48.467679,RESTAURANTE,1.0
DAGUA,GUAMA,AVENIDA  BERNARDO SAYAO,4326,-1.474945,-48.467903,BAR SKY,1.0
DAGUA,GUAMA,AVENIDA  BERNARDO SAYAO,4300,-1.474888,-48.468454,BAR,1.0
DAGUA,GUAMA,AVENIDA  BERNARDO SAYAO,4298,-1.47481,-48.468606,DEPOSITO DE BEBIDAS DIVINA PROVIDENCIA,1.0
DAICO,CRUZEIRO,RUA  SIQUEIRA MENDES,0,-1.296084,-48.489762,CASSIO BAR E RESTAURANTE,1.0
DABEL,MARCO,TRAVESSA  CHACO,1939,-1.441027,-48.466058,BOTECO DO BALAO,1.0
DABEL,CAMPINA,RUA  VINTE E OITO DE SETEMBRO,276,-1.449435,-48.497075,RESTAURANTE E BUFFET CANTINA DO ZE,1.0
DABEL,REDUTO,AVENIDA PRESIDENTE GETULIO VARGAS,351,-1.450652,-48.493785,RESTAURANTE,1.0
DABEN,SAO CLEMENTE,PASSAGEM SANTO ANTONIO,155,-1.368858,-48.459312,CONVENIENCIA SINUCA DE CANTO,1.0
DABEL,SAO BRAS,TRAVESSA  TRES DE MAIO,1445,-1.452607,-48.474078,BOI NOVO CHURRASCARIA,1.0
DABEL,SAO BRAS,TRAVESSA  TRES DE MAIO,1525,-1.453214,-48.474133,BAR DA RESIDENCIA,1.0
DABEL,SAO BRAS,AVENIDA  GENTIL BITTENCOURT,2373,-1.45456,-48.471207,RESTAURANTE,1.0
DABEL,SAO BRAS,TRAVESSA  QUATORZE DE ABRIL,1582,-1.454107,-48.472308,BAR VIKINGSBAR,1.0
DABEL,SAO BRAS,TRAVESSA  QUATORZE DE ABRIL,1542,-1.454066,-48.472409,RESTAURANTE SABOR CASEIRO,1.0
DABEL,MARCO,AVENIDA  ROMULO MAIORANA,873,-1.439269,-48.464444,BAR DO CARVALHO,1.0
DABEL,MARCO,AVENIDA  ROMULO MAIORANA,0,-1.43951,-48.464626,RESTAURANTE POINT DA LOURA,1.0
DABEL,MARCO,TRAVESSA  HUMAITA,1905,-1.438735,-48.466658,BAR E RESTAURANTE CASA BRANCO,1.0
DABEL,MARCO,TRAVESSA  LOMAS VALENTINAS,2518,-1.434318,-48.454769,CAFE,1.0
DAICO,MARACACUERA,ESTRADA  VELHA DO OUTEIRO,13,-1.289319,-48.458247,RESTAURANTE SABOR CASEIRO,1.0
DABEN,TAPANA,RUA  ALEUTAS,3,-1.34292,-48.452209,RESTAURANTE,1.0
DABEN,TAPANA,RUA  ALEUTAS,7,-1.342913,-48.45238,RESTAURANTE CANTINA DE JESUS,1.0
DABEL,UMARIZAL,TRAVESSA ALMIRANTE WANDENKOLK,1114,-1.446137,-48.486107,CASA DE EVENTOS INFANTIL,1.0
DABEL,UMARIZAL,TRAVESSA DOM ROMUALDO COELHO,15,-1.438024,-48.492332,CASA DE EVENTOS,1.0
DABEL,UMARIZAL,TRAVESSA ALMIRANTE WANDENKOLK,686,-1.447458,-48.485515,BAR E RESTAURANTE,2.0
DAENT,MARAMBAIA,PASSAGEM  MARIA DAS GRACAS,31,-1.401828,-48.435293,RESTAURANTE GARAGEM DO ESPETO,1.0
DAICO,PARACURI,RUA  TIRADENTES,212,-1.310618,-48.472116,ELIANAS BAR,1.0
DAOUT,AGUA BOA,RUA  TUCUMAEIRA,27,-1.232899,-48.433749,BAR,1.0
DABEN,TAPANA,ESTRADA  DO RANARIO,0,-1.325042,-48.465227,RESTAURANTE SABOR DA ELIANE,1.0
DABEN,TAPANA,ESTRADA  DO RANARIO,0,-1.325087,-48.465196,RESTAURANTE ADONAI,1.0
DABEN,CABANAGEM,RUA  DAMASCO,0,-1.368709,-48.433648,DEPOSITO DE BEBIDAS,1.0
DABEN,CABANAGEM,RUA  DAMASCO,0,-1.368994,-48.43403,PONTO DO CHURRASCO,1.0
DAENT,MANGUEIRAO,RODOVIA  TRANSMANGUEIRAO,2,-1.381125,-48.448884,BAR E RESTAURANTE KUBANACAN,1.0
DAENT,MANGUEIRAO,RODOVIA  TRANSMANGUEIRAO,3,-1.381161,-48.448868,RESTAURANTE DELICIOUS VIEIRA,1.0
DAENT,MANGUEIRAO,RUA  DO CANAL,72,-1.3818,-48.449354,BAR DO GILSON,1.0
DAENT,MANGUEIRAO,RUA  DO CANAL,7,-1.38274,-48.449246,BAR DO BRANCO,1.0
DAOUT,BRASILIA,RUA  DOS LIRIOS,0,-1.278173,-48.470379,BAR,1.0
DABEN,TAPANA,ILHA  DOS PATOS,0,-1.345379,-48.535748,BAR,1.0
DASAC,TELEGRAFO,TRAVESSA CORONEL LUIS BENTES,4011,-1.427342,-48.491765,BAR,1.0
DAGUA,MONTESE (TERRA FIRME),PASSAGEM  LIBERDADE,510,-1.45255,-48.446903,MAX BAR,1.0
DAGUA,MONTESE (TERRA FIRME),RUA SAO DOMINGOS,0,-1.452972,-48.448244,CHURRASCO DE ROSE,1.0
DAGUA,MONTESE (TERRA FIRME),RUA SAO DOMINGOS,842,-1.452868,-48.448001,RESTAURANTE DANI,1.0
DAGUA,MONTESE (TERRA FIRME),RUA SAO DOMINGOS,1051,-1.451588,-48.446757,PARA PASTEL RESTAURANTE,1.0
DAGUA,JURUNAS,TRAVESSA  HONORIO JOSE DOS SANTOS,1412,-1.472178,-48.485781,DEPOSITO DE BEBIDAS,1.0
DABEN,COQUEIRO,AVENIDA  PRINCIPAL,74,-1.331381,-48.442438,DEPOSITO DE BEBIDAS,1.0
DABEN,COQUEIRO,AVENIDA  PRINCIPAL,74,-1.331437,-48.44255,BAR,1.0
DABEN,COQUEIRO,AVENIDA  PRINCIPAL,73,-1.331413,-48.442264,RESTAURANTE,1.0
DABEN,COQUEIRO,AVENIDA  PRINCIPAL,0,-1.331563,-48.443155,CAFE E LANCHONETE,1.0
DABEN,COQUEIRO,AVENIDA  PRINCIPAL,0,-1.33151,-48.442767,CAFE E RESTAURANTE DA CHICA,1.0
DABEN,COQUEIRO,AVENIDA  PRINCIPAL,50,-1.331531,-48.442987,BAR E DEPOSITO DE BEBIDAS,1.0
DABEN,COQUEIRO,AVENIDA  PRINCIPAL,0,-1.331495,-48.442869,BAR DO B,1.0
DASAC,SACRAMENTA,TRAVESSA  LOMAS VALENTINAS,13,-1.418918,-48.476531,MERCADINHO BAR,1.0
DASAC,SACRAMENTA,TRAVESSA  LOMAS VALENTINAS,25,-1.418788,-48.476786,DEPOSITO DE BEBIDAS,1.0
DAICO,MARACACUERA,ESTRADA  DA MARACACUERA,2018,-1.301635,-48.461873,CAFE DA MANHA,1.0
DAICO,CRUZEIRO,RUA  BACURI,0,-1.261713,-48.565056,BAR DO REMO,1.0
DABEN,BENGUI,RUA  BETANIA,8,-1.371252,-48.449213,BAR,1.0
DABEN,CABANAGEM,RUA  PARA,16,-1.374278,-48.429302,BAR E MERCIARIA,1.0
DAOUT,SAO JOAO DO OUTEIRO,ESTRADA  PRINCIPAL DO OUTEIRO,1445,-1.27011,-48.477325,CASA DE SHOW,1.0
DASAC,TELEGRAFO,TRAVESSA CORONEL LUIS BENTES,93,-1.427619,-48.489868,BOTECO,1.0
DAOUT,AGUA BOA,AVENIDA  PAULO COSTA,1620,-1.250972,-48.45685,RESTAURANTE,1.0
DAICO,CRUZEIRO,RUA  MANOEL BARATA,368,-1.297643,-48.487829,RESTAURANTE MEGA FOOD,1.0
DAICO,CRUZEIRO,RUA  JARBAS PASSARINHO,325,-1.26375,-48.5586,BAR,1.0
DAICO,CRUZEIRO,RUA  JARBAS PASSARINHO,0,-1.26371,-48.558407,BAR,1.0
DAICO,CRUZEIRO,AVENIDA PADRE JULIO MARIA,598,-1.299012,-48.485688,RESTAURANTE MANIA DE COMER,1.0
DAICO,CRUZEIRO,RUA  MANOEL BARATA,533,-1.298863,-48.487394,RESTAURANTE,1.0
DAICO,CRUZEIRO,RUA  MANOEL BARATA,643,-1.300004,-48.487261,RESTAURANTE,1.0
DAICO,CRUZEIRO,RUA  SIQUEIRA MENDES,553,-1.300177,-48.489478,BAR GATOS E RATOS,1.0
DABEN,PRATINHA,TRAVESSA  FLUMINENSE,15,-1.358106,-48.469658,LOISE BAR E COVENIENCIA,1.0
DAOUT,ITAITEUA,AVENIDA  JADER BARBALHO,10,-1.260189,-48.44749,BAR E RESTAURANTE DOS AMIGOS,1.0
DAOUT,ITAITEUA,RUA  UATAMA,0,-1.26151,-48.440212,RESTAURANTE E RECEPCAO ALPHAVILLE BELEM,1.0
DAICO,TENONE,TRAVESSA  WE UM,0,-1.32279,-48.43255,BAR NOSSA SENHORA DE NAZARE,1.0
DAICO,TENONE,RUA  VALPARAISO,0,-1.323557,-48.43493,BAR,1.0
DAICO,PARACURI,RUA  MENINO JESUS,0,-1.319644,-48.485037,BAR,1.0
DASAC,TELEGRAFO,RUA  NOVA,159,-1.429573,-48.480466,DEPOSITO E CONVENIENCIA BEBIDAS EM GERAL,1.0
DASAC,TELEGRAFO,RUA  NOVA,189,-1.429289,-48.480317,DEPOSITO DE BEBIDAS,1.0
DAGUA,JURUNAS,AVENIDA  ROBERTO CAMELIER,71,-1.463176,-48.49398,BAR,1.0
DASAC,TELEGRAFO,RUA  NOVA,551,-1.42662,-48.478548,BAR,1.0
DABEN,CABANAGEM,PASSAGEM  VINTE E CINCO DE JULHO,20,-1.360707,-48.436648,DEPOSITO DE BEBIDAS,1.0
DABEN,CABANAGEM,RUA  PRINCIPAL,58,-1.375001,-48.43455,RESTAURANTE DA IRMA,1.0
DABEN,CABANAGEM,RUA  PRINCIPAL,62,-1.375033,-48.434473,BAR,1.0
DAGUA,JURUNAS,TRAVESSA  HONORIO JOSE DOS SANTOS,0,-1.464204,-48.49602,BAR SAO JOSE LIBERTO,1.0
DAGUA,JURUNAS,TRAVESSA  HONORIO JOSE DOS SANTOS,43,-1.463824,-48.496592,RESTAURANTE OAHU,1.0
DAGUA,JURUNAS,TRAVESSA  HONORIO JOSE DOS SANTOS,117,-1.464366,-48.496052,BAR NIGHT RETRO,1.0
DABEL,NAZARE,AVENIDA GOVERNADOR MAGALHAES BARATA,232,-1.45202,-48.478733,RESTAURANTE CALL MASS,1.0
DABEN,COQUEIRO,RUA  HONOLULU,0,-1.34999,-48.435925,CAFE DELICIA,1.0
DABEN,COQUEIRO,RODOVIA  AUGUSTO MONTENEGRO,33,-1.342452,-48.451419,RESTAURANTE BOM SABOR,1.0
DABEN,COQUEIRO,RODOVIA  AUGUSTO MONTENEGRO,32,-1.342407,-48.451458,NOSSO RESTAURANTE,1.0
DAENT,MARAMBAIA,PASSAGEM  DALVA,230,-1.403383,-48.447228,BENDITO SABOR RESTAURANTE,1.0
DAENT,MARAMBAIA,PASSAGEM  DALVA,444,-1.402466,-48.445259,RESTAURANTE DUAS IRMAES,1.0
DAENT,MARAMBAIA,PASSAGEM  DALVA,144,-1.403809,-48.447787,BAR,1.0
DAENT,MARAMBAIA,PASSAGEM  DALVA,208,-1.403385,-48.447348,BAR,1.0
DAGUA,GUAMA,TRAVESSA  VINTE E CINCO DE JUNHO,386,-1.464723,-48.460242,BAR DO ELSON E EDSON,1.0
DAMOS,BAIA DO SOL,ESTRADA  DA BAIA DO SOL,230,-1.067324,-48.344552,BAR MERCEARIA BRECHO,1.0
DASAC,BARREIRO,PASSAGEM  MIRAMAR,27,-1.417427,-48.49205,BAR JUJU PROCEDE,1.0
DAENT,MARAMBAIA,RUA  DA MATA,764,-1.401192,-48.460963,TORRES BAR,1.0
DAICO,PARACURI,PASSAGEM SAO JORGE,2,-1.314014,-48.484567,BAR DO SIGNALDO,1.0
DAENT,CASTANHEIRA,RUA  MARIANO,30,-1.408047,-48.434125,RESTAURANTE,1.0
DAOUT,AGUA BOA,AVENIDA  PAULO COSTA,3061,-1.251409,-48.456343,RESTAURANTE,1.0
DAOUT,AGUA BOA,AVENIDA  PAULO COSTA,56,-1.251758,-48.455977,CAFE E CIA,1.0
DASAC,TELEGRAFO,AVENIDA SENADOR LEMOS,1855,-1.422801,-48.488768,BAR E RESTAURANTE HARAZ,1.0
DASAC,TELEGRAFO,TRAVESSA DOM JOAO,156,-1.425718,-48.485388,BAR ENCONTRO DOS AMIGOS,1.0
DAENT,MANGUEIRAO,RUA  MUCAJAS,145,-1.380952,-48.434084,CASA DE EVENTOS,1.0
DASAC,MARACANGALHA,RUA  CINCO,212,-1.398967,-48.476735,DEPOSITO DE BEBIDAS BRISAS,1.0
DASAC,MARACANGALHA,AVENIDA  CONTORNO LESTE,162,-1.398976,-48.476168,FERJO BAR,1.0
DASAC,MARACANGALHA,AVENIDA  CONTORNO LESTE,152,-1.398845,-48.476122,ESPORTE BAR,1.0
DASAC,MARACANGALHA,AVENIDA  CONTORNO LESTE,172,-1.399108,-48.476105,BAR DOS AMIGOS,1.0
DASAC,MARACANGALHA,AVENIDA  CONTORNO,5,-1.3992,-48.47465,CYBER CAFE ACESSO,1.0
DAICO,MARACACUERA,RUA  NOVA DO FIDELIS,75,-1.275932,-48.430189,BAR E RESTAURANTE,1.0
DAOUT,ITAITEUA,RUA  NOVA DO FIDELIS,97,-1.275738,-48.431327,BOTECO DO TOCO,1.0
DAICO,MARACACUERA,RUA  DO CAMPO,0,-1.27677,-48.427845,BAR DA SIMONE,1.0
DABEN,SAO CLEMENTE,PASSAGEM NOSSA SENHORA DE NAZARE,4,-1.359564,-48.465968,FABRICA DE BILHAR AUGUSTUS,1.0
DAOUT,AGUA BOA,TRAVESSA PRINCESA DO MAR,6,-1.251274,-48.460024,BAR E RESTAURANTE,1.0
DAOUT,AGUA BOA,RUA  BEIRA RIO,0,-1.250398,-48.459854,BAR E RESTAURANTE LAGOA AZUL,1.0
DAOUT,AGUA BOA,RUA  BEIRA RIO,0,-1.251545,-48.460771,BAR E RESTAURANTE PREAMAR,1.0
DAOUT,AGUA BOA,RUA  BEIRA RIO,0,-1.251125,-48.460376,BAR E RESTAURANTE,1.0
DABEN,TAPANA,RUA PRESIDENTE CASTELLO BRANCO,125,-1.334304,-48.47481,BAR DO RONALDO,1.0
DABEN,TAPANA,PASSAGEM  UBERABA,141,-1.335321,-48.475669,BAR,1.0
DABEN,COQUEIRO,TRAVESSA  JUSCELINO KUBITSCHEK,2,-1.363381,-48.425837,THAY CAFETERIA,1.0
DAICO,AGULHA,TRAVESSA  DA SOLEDADE,2111,-1.30943,-48.470584,VENDA DE CHURRASCO,1.0
DAICO,AGULHA,TRAVESSA  DA SOLEDADE,241,-1.309295,-48.469349,BAR DOS AFONSOS,4.0
DABEL,NAZARE,AVENIDA COMANDANTE BRAS DE AGUIAR,821,-1.454233,-48.483551,RESTAURANTE,1.0
DABEL,NAZARE,AVENIDA COMANDANTE BRAS DE AGUIAR,821,-1.454105,-48.483709,BOTECO DA BRAZ,1.0
DAENT,MARAMBAIA,RUA  PRIMEIRO DE AGOSTO,293,-1.395641,-48.452091,BAR,1.0
DAENT,MARAMBAIA,RUA  PRIMEIRO DE AGOSTO,183,-1.395626,-48.451756,RESTAURANTE REPITOCA,1.0
DABEL,MARCO,TRAVESSA BARAO DO TRIUNFO,3028,-1.433866,-48.460938,BAR DO BRANCO,1.0
DAGUA,MONTESE (TERRA FIRME),AVENIDA  CELSO MALCHER,651,-1.456121,-48.451619,RESTAURANTE E LANCHONETE,1.0
DAMOS,MANGUEIRAS,AVENIDA  DEZESSEIS DE NOVEMBRO,1979,-1.151781,-48.465525,DEPOSITO DE BEBIDAS,1.0
DASAC,TELEGRAFO,PASSAGEM  ASSUNCAO,6,-1.423692,-48.485212,BAR,1.0
DABEL,MARCO,PASSAGEM  CELINA,246,-1.44045,-48.454887,BOTECO DO GORDO,1.0
DAICO,PARQUE GUAJARA,RUA  DEZESSETE DE ABRIL,35,-1.314188,-48.461496,RESTAURANTE DO NEGAO,1.0
DAICO,PARQUE GUAJARA,RUA  DEZESSETE DE ABRIL,0,-1.314188,-48.461858,PEIXARIA SALMO 91,1.0
DAICO,PARQUE GUAJARA,RUA  DEZESSETE DE ABRIL,19,-1.314175,-48.461902,DEPOSITO DE BEBIDAS,1.0
DAICO,PARQUE GUAJARA,RUA  DEZESSETE DE ABRIL,0,-1.314206,-48.462199,CHURRASCARIA PROMESSADE DEUS,1.0
DAICO,PARQUE GUAJARA,RUA  DEZESSETE DE ABRIL,0,-1.314213,-48.462044,RESTAURANTE,1.0
DAICO,PARQUE GUAJARA,RUA  DEZESSETE DE ABRIL,1,-1.31424,-48.462301,DEPOSITO DE BEBIDAS,1.0
DAENT,MARAMBAIA,PASSAGEM  JOSE DE ALENCAR,18,-1.400875,-48.452894,DEPOSITO DE BEBIDAS,1.0
DAENT,MARAMBAIA,AVENIDA  RODOLFO CHERMONT,1010,-1.400567,-48.453465,CYBER CAFE,1.0
DAICO,CRUZEIRO,RUA  DOIS DE DEZEMBRO,706,-1.296521,-48.478108,BAR DO JOAO,1.0
DABEN,COQUEIRO,RUA  PRINCIPAL,0,-1.331186,-48.441249,CONVENIENCIA E BAR,1.0
DABEN,PARQUE VERDE,RODOVIA  TAPANA,0,-1.348957,-48.459724,SHOW DE CHURRASCO,1.0
DAOUT,AGUA BOA,AVENIDA  16 DE NOVEMBRO,51,-1.243244,-48.42321,CASA SAO PEDRO BAR,1.0
DAENT,AGUAS LINDAS,RUA  PRIMEIRO DE MAIO,41,-1.410539,-48.390593,BAR,1.0
DAICO,CRUZEIRO,PRAIA  DO AMOR,0,-1.260828,-48.565132,BAR E RESTAURANTE ISRAEL,1.0
DAICO,CRUZEIRO,PRAIA  DO AMOR,0,-1.259565,-48.565207,BAR E RESTAURANTE O PARAISO DO PRINCIPE,1.0
DAICO,CRUZEIRO,PRAIA  DO AMOR,0,-1.261671,-48.565369,BAR DO AGUIA,1.0
DAICO,CRUZEIRO,PRAIA  DO AMOR,0,-1.262408,-48.565847,BAR DOS AMIGOS,1.0
DAMOS,SAO FRANCISCO,RUA  BEIRA RIO,0,-1.10794,-48.425299,BAR,1.0
DAENT,CASTANHEIRA,AVENIDA  PRIMEIRO DE DEZEMBRO,329,-1.408065,-48.426634,RESTAURANTE SABOR DO BAIRRO,1.0
DAENT,CASTANHEIRA,AVENIDA  PRIMEIRO DE DEZEMBRO,13,-1.407974,-48.426435,ALDAS BAR,1.0
DAENT,AGUAS LINDAS,RUA  MARANHAO,17,-1.395321,-48.394558,BAR,1.0
DAENT,AGUAS LINDAS,RUA  MACEIO,156,-1.396482,-48.394175,BAR E MERCEARIA,1.0
DAMOS,SAO FRANCISCO,RESIDENCIAL  RECANTO DAS GARCAS,0,-1.106499,-48.423491,RESTAURANTE E BAR,1.0
DAGUA,JURUNAS,TRAVESSA  DOS TUPINAMBAS,1394,-1.469322,-48.484889,BAR E RESTAURANTE,1.0
DAENT,VAL-DE-CANS,PASSAGEM IRMA ZENOBIA,0,-1.376946,-48.480162,DEPOSITO DE BEBIDAS,1.0
DAENT,MARAMBAIA,PASSAGEM  SAMARITANA,220,-1.401958,-48.441879,DEPOSITO DE BEBIDAS,1.0
DAMOS,SAO FRANCISCO,RUA  BEIRA RIO,120,-1.107881,-48.424999,RESTAURANTE OPCAO DA ILHA,1.0
DASAC,SACRAMENTA,VILA  RUBI,0,-1.41337,-48.468881,BAR,1.0
DASAC,SACRAMENTA,VILA  RUBI,0,-1.41337,-48.468881,RESTAURANTE,1.0
DASAC,FATIMA,TRAVESSA  NOVE DE JANEIRO,353,-1.442588,-48.476079,BAR E MERCADINHO,1.0
DASAC,FATIMA,TRAVESSA  NOVE DE JANEIRO,313,-1.442188,-48.476039,BAR E RESTAURANTE DO BEZERRA,1.0
DASAC,SACRAMENTA,PASSAGEM  SALVADOR,78,-1.407392,-48.472216,BAR,1.0
DASAC,PEDREIRA,AVENIDA  PEDRO MIRANDA,454,-1.434565,-48.476537,BAR E LANCHENTE BIG DIB,1.0
DASAC,FATIMA,RUA  BOAVENTURA DA SILVA,1721,-1.445909,-48.475021,RESTAURANTE JARDIM BOA VENTURA,1.0
DASAC,MARACANGALHA,TRAVESSA  RIO TROMBETAS,6,-1.402746,-48.479426,DEPOSITO DE BEBIDAS,1.0
DASAC,PEDREIRA,RUA  ANTONIO EVERDOSA,609,-1.430856,-48.477622,RESTAURANTE,1.0
DASAC,TELEGRAFO,TRAVESSA CORONEL LUIZ BENTES,42,-1.428365,-48.487851,RESTAURANTE E LANCHONETE SABOR DUARTE,1.0
DASAC,TELEGRAFO,RUA  DO UNA,12,-1.428956,-48.488427,ACAI E RESTAURANTE BOCA ROXA,1.0
DAENT,MARAMBAIA,PASSAGEM  DALVA,505,-1.402198,-48.444959,CASA DE EVENTOS,1.0
DABEL,BATISTA CAMPOS,TRAVESSA  QUINTINO BOCAIUVA,3394,-1.468619,-48.483867,BAR E MERCEARIA DA SANDRA,4.0
DABEL,BATISTA CAMPOS,TRAVESSA  QUINTINO BOCAIUVA,1323,-1.469258,-48.484164,MERCEARIA E DEPOSITO DE BEBIDAS,1.0
DABEN,SAO CLEMENTE,PASSAGEM  JOHN ENGELHARD,4,-1.36126,-48.46624,CHURRASCO MAE E FILHA,1.0
DABEN,SAO CLEMENTE,PASSAGEM  JOHN ENGELHARD,11,-1.361345,-48.465758,POINT DO CHURRASCO,1.0
DAGUA,JURUNAS,TRAVESSA  BOM JARDIM,0,-1.47461,-48.487927,BAR,1.0
DASAC,MARACANGALHA,RUA  RIO AMAZONAS,4,-1.401289,-48.480207,RESTAURANTE SAUMO 23,1.0
DAICO,PARACURI,RODOVIA  ARTHUR BERNARDES,10,-1.316862,-48.485356,RESTAURANTE E PIZZARIA MANIAS LANCHES,1.0
DAICO,PARACURI,RODOVIA  ARTHUR BERNARDES,0,-1.31762,-48.48565,MIX CONVENIENCIA E CAFE,1.0
DAICO,PARACURI,PASSAGEM  OSVALDO PASSOS,44,-1.317296,-48.485067,RESTAURANTE ACAI DA TIA,1.0
DAMOS,BAIA DO SOL,RUA  CLOVIS,76,-1.062305,-48.35023,BAR BELA VISTA,1.0
DABEN,COQUEIRO,TRAVESSA  VINTE E TRES,24,-1.351707,-48.436732,DEPOSITO DE BEBIDAS,1.0
DABEN,CABANAGEM,PASSAGEM  OLIMPIA,0,-1.369543,-48.434675,CHURRASCO DO MARQUINHOS,1.0
DABEN,CABANAGEM,PASSAGEM  OLIMPIA,122,-1.369773,-48.434501,BAR OPCAO,1.0
DABEN,CABANAGEM,RUA  PRINCIPAL,97,-1.373217,-48.432214,BAR E MERCEARIA 2 IRMAOS,1.0
DABEN,CABANAGEM,RUA  PRINCIPAL,89,-1.373385,-48.432388,RESTAURANTE DO AUGUSTO,1.0
DABEL,UMARIZAL,TRAVESSA  QUATORZE DE MARCO,1198,-1.445892,-48.480708,RESTAURANTE,1.0
DAMOS,MANGUEIRAS,ALAMEDA  ELNA TRINDADE,50,-1.146835,-48.45396,BAR DO INDIO,1.0
DAENT,MARAMBAIA,AVENIDA  TAVARES BASTOS,755,-1.40681,-48.44689,PEIXARIA E RESTAURANTE SABOR MISTER,1.0
DAICO,AGULHA,RUA SANTA HELENA,45,-1.307737,-48.467441,BAR DA FAFA,1.0
DABEN,TAPANA,RUA  BUZIOS,13,-1.344517,-48.458191,BAR DO DODO,1.0
DABEN,TAPANA,RUA  BUZIOS,13,-1.344473,-48.458232,BAR DO DODO,1.0
DABEN,COQUEIRO,PASSAGEM  BELGICA,28,-1.362423,-48.430823,BAR BELISSIMO,1.0
DABEN,PRATINHA,RUA  BIANCA,0,-1.362657,-48.467871,BAR,1.0
DAGUA,CONDOR,PASSAGEM  ALBI MIRANDA,10,-1.469116,-48.472521,BAR,1.0
DAENT,SOUZA,PASSAGEM  GETULIO VARGAS,0,-1.417227,-48.448616,CAFETERIA,1.0
DAENT,MARAMBAIA,RUA SAO JOSE,0,-1.399446,-48.45301,RESTAURANTE SABOR ACAI,1.0
DAENT,SOUZA,PASSAGEM  GETULIO VARGAS,6,-1.417723,-48.447798,BAR E RESTAURANTE DA MIKA,1.0
DAENT,SOUZA,PASSAGEM  GETULIO VARGAS,2,-1.417541,-48.447902,BAR E LANCHONETE DA HELP,1.0
DAENT,SOUZA,PASSAGEM  GETULIO VARGAS,2,-1.417521,-48.447853,BAR,1.0
DAMOS,CARANANDUBA,RUA  BEIRA RIO,741,-1.101862,-48.412999,BOTECO,1.0
DAENT,CURIO-UTINGA,AVENIDA  JOAO PAULO SEGUNDO,106,-1.428013,-48.446074,BAR BUMERANGUE,1.0
DAMOS,AEROPORTO,ESTRADA  DOS DIAMANTES,1335,-1.143963,-48.457218,RAMONES BAR,1.0
DAMOS,AEROPORTO,RUA  AEROPORTO,2,-1.143079,-48.458734,DEPOSITO DE BEBIDAS JGS E VARIEDADES,1.0
DAOUT,SAO JOAO DO OUTEIRO,AVENIDA NOSSA SENHORA DA CONCEICAO,0,-1.25388,-48.460136,DEPOSITO DE BEBIDAS,1.0
DABEN,PRATINHA,PASSAGEM  DOIS AMIGOS,91,-1.364582,-48.469004,BAR MALOCAS,1.0
DAMOS,BAIA DO SOL,RUA  PARQUE SEVERINO,0,-1.074184,-48.331604,BAR,1.0
DABEN,CABANAGEM,RUA  PRINCIPAL,0,-1.375236,-48.434673,RESTAURANTE DEUS E FIEL,1.0
DABEN,SAO CLEMENTE,PASSAGEM  SAMAUMA,11,-1.359515,-48.467828,ZINHOS BAR,1.0
DABEN,SAO CLEMENTE,PASSAGEM  SAMAUMA,51,-1.359555,-48.467842,BAR DO ZINHO,1.0
DABEN,TAPANA,AVENIDA PADRE BRUNO SECHI,10,-1.352918,-48.459519,RESTAURANTE KIDELICA,1.0
DAGUA,MONTESE (TERRA FIRME),PASSAGEM  LIGACAO,276,-1.461779,-48.451147,BAR,1.0
DAGUA,MONTESE (TERRA FIRME),PASSAGEM  PARQUE AMAZONIA,115,-1.463654,-48.450098,DEPOSITO DE BEBIDAS,1.0
DABEL,MARCO,VILA  FONTENELE,38,-1.442927,-48.459824,CAFETERIA SUELI ESTEVES,1.0
DABEL,MARCO,TRAVESSA  MARIZ E BARROS,2401,-1.435864,-48.463147,RESTAURANTE,1.0
DABEL,MARCO,TRAVESSA  MARIZ E BARROS,2463,-1.436179,-48.462707,RAIZES CAFE,1.0
DABEL,MARCO,TRAVESSA  MARIZ E BARROS,2263,-1.435077,-48.464106,BAR E RESTAURANTE O DEDAO,1.0
DABEL,MARCO,AVENIDA DUQUE DE CAXIAS,790,-1.435374,-48.465213,RESTAURANTE SUSHI DON SHEN,1.0
DAENT,AGUAS LINDAS,RUA  DEMOCRACIA OPERARIA,3,-1.406685,-48.393648,RESTAURANTE,1.0
DAENT,AGUAS LINDAS,RUA  DEMOCRACIA OPERARIA,25,-1.407402,-48.393604,BAR,1.0
DABEN,TAPANA,RUA  TRES,230,-1.337899,-48.468015,BAR,1.0
DABEN,TAPANA,RUA  TRES,236,-1.337953,-48.467719,DEPOSITO DE BEBIDAS ADEMAR,1.0
DABEN,TAPANA,RUA  TRES,297,-1.338458,-48.464329,BAR,1.0
DABEN,TAPANA,RUA  BACABEIRA,4,-1.338908,-48.460344,DEPOSITO DE BEBIDAS,1.0
DABEN,COQUEIRO,PASSAGEM  TUPI,53,-1.353035,-48.442922,BAR,1.0
DABEN,PARQUE VERDE,RUA  PRINCIPAL,3,-1.352887,-48.448935,ESKINA BAR,1.0
DAENT,MANGUEIRAO,AVENIDA  NORTE,0,-1.376225,-48.439172,BAR,1.0
DABEN,TAPANA,RUA  C,164,-1.350421,-48.473023,DEPOSITO DE BEBIDAS,1.0
DABEL,BATISTA CAMPOS,TRAVESSA  DOS APINAGES,541,-1.463527,-48.488918,BAR DO SALVADOR,1.0
DABEL,SAO BRAS,TRAVESSA  TRES DE MAIO,860,-1.447358,-48.47437,GERONCIOS BAR,1.0
DABEL,SAO BRAS,TRAVESSA  TRES DE MAIO,866,-1.447426,-48.47432,BAR,1.0
DASAC,SACRAMENTA,PASSAGEM SANTO ANTONIO,95,-1.411098,-48.475856,BAR SEM DENOMINACAO,1.0
DAICO,CAMPINA DE ICOARACI,RUA  OITO DE MAIO,442,-1.2943,-48.470838,BAR,1.0
DASAC,FATIMA,PASSAGEM  DIOGO MOIA,629,-1.441183,-48.470786,BAR,1.0
DASAC,FATIMA,PASSAGEM  DIOGO MOIA,607,-1.441221,-48.471418,RESTAURANTE FECHADO,1.0
DABEL,UMARIZAL,RUA  OLIVEIRA BELO,677,-1.440242,-48.478323,RESTAURANTE E LANCHONETE E EVENTOS,1.0
DAENT,MARAMBAIA,RUA NOSSA SENHORA DE FATIMA,401,-1.406204,-48.442588,BAR ANASTACIA,1.0
DAENT,MARAMBAIA,RUA  ANCHIETA,76,-1.406823,-48.4442,BAR DA ZILDA,1.0
DABEN,PARQUE VERDE,RUA  DAS MARGARIDAS,0,-1.360677,-48.45817,BAR DO ZEBRA E CASA DE RECPCAO DO ZEBRA,1.0
DAGUA,GUAMA,PASSAGEM SAO LAZARO,51,-1.473462,-48.465811,PIZZARIA LANCHONETE BAR BELEM BELEM,1.0
DAGUA,CONDOR,AVENIDA  ROBERTO CAMELIER,1802,-1.473041,-48.481636,MERCADINHO BAR DO PICOLA,1.0
DABEL,NAZARE,AVENIDA COMANDANTE BRAS DE AGUIAR,420,-1.454584,-48.487941,RESTAURANTE CAPITAL BAR,1.0
DABEL,NAZARE,TRAVESSA  BENJAMIN CONSTANT,1499,-1.455181,-48.488214,COSANOSTRA RESTAURANTE,1.0
DABEN,PARQUE VERDE,AVENIDA PADRE BRUNO SECHI,3,-1.365945,-48.458236,RESTAURANTE,1.0
DABEN,PARQUE VERDE,PASSAGEM  ASSIS CHATEAUBRIAND,4,-1.367994,-48.458061,BAR,1.0
DABEN,COQUEIRO,RODOVIA  AUGUSTO MONTENEGRO,0,-1.335109,-48.450392,RESTAURANTE XIQUE XIQUE,1.0
DAGUA,CANUDOS,AVENIDA  CIPRIANO SANTOS,0,-1.448894,-48.458914,RESTAURANTE,1.0
DABEL,UMARIZAL,RUA  MUNICIPALIDADE,1760,-1.434524,-48.488007,RESTAURANTE E BOTECO LAS CHICAS,1.0
DABEN,COQUEIRO,RUA  PRINCIPAL,1000,-1.330146,-48.436402,RESTAURANTE COZINHA DA LU COMIDA CASEIRA,1.0
DABEL,MARCO,TRAVESSA BARAO DO TRIUNFO,3974,-1.438497,-48.453845,BAR,1.0
DABEL,MARCO,TRAVESSA BARAO DO TRIUNFO,3974,-1.438482,-48.45382,BAR,1.0
DAGUA,GUAMA,PASSAGEM  JOAO DE DEUS,205,-1.468804,-48.464332,SILVAS BAR DRINKS,1.0
DAGUA,CONDOR,TRAVESSA  TRES DE MAIO,3456,-1.471092,-48.474167,RESTAURANTE SABOR PARAENSE,1.0
DAICO,PONTA GROSSA,RUA  SIQUEIRA MENDES,1211,-1.306128,-48.489109,BAR DA MARGARETH,1.0
DABEL,MARCO,AVENIDA  JOAO PAULO II,0,-1.440719,-48.457417,CAIANO CHURRASCARIA,1.0
DABEL,MARCO,AVENIDA  JOAO PAULO II,836,-1.441402,-48.457919,RESTAURANTE PARA E SABORES,1.0
DABEL,MARCO,PASSAGEM SAO PEDRO,152,-1.442698,-48.456998,BAR ARMANDO TARQUEDA,1.0
DABEL,MARCO,TRAVESSA  VILETA,3185,-1.442732,-48.458111,LAN HOUSE E CYBER CAFE,1.0
DAGUA,CREMACAO,TRAVESSA  NOVE DE JANEIRO,2333,-1.460431,-48.47527,RESTAURANTE SABOR DA TERRA,1.0
DABEN,PARQUE VERDE,PASSAGEM  DIARIO,0,-1.361634,-48.457966,MERCANTIL DO PARK CAFE,1.0
DAICO,AGULHA,PASSAGEM  SOL NASCENTE,92,-1.3031,-48.467648,BAR DO PAULO,1.0
DAICO,AGULHA,TRAVESSA  DOS BERREDOS,1585,-1.306043,-48.476734,RESTAURANTE,1.0
DAMOS,MARACAJA,RUA  PRATIQUARA,131,-1.163878,-48.466283,RESTAURANTE,1.0
DAICO,CAMPINA DE ICOARACI,PASSAGEM  DEMETRIO DE MORAES,9,-1.298153,-48.471007,LC PUB RESTAURANTE,1.0
DAICO,TENONE,TRAVESSA  SEM DENOMINACAO QUATORZE,9,-1.318056,-48.429652,BAR,1.0
DAOUT,AGUA BOA,RUA  PREAMAR,0,-1.242726,-48.452207,BAR,1.0
DAOUT,AGUA BOA,RUA  PREAMAR,0,-1.242714,-48.452175,BAR DOS AMIGOS,1.0
DAOUT,AGUA BOA,RUA  PREAMAR,0,-1.242384,-48.451477,COLUNAS BAR E RESTAURANTE,1.0
DAOUT,AGUA BOA,RUA  PREAMAR,0,-1.242149,-48.45156,BAR E RESTAURANTE MARE MANSA,1.0
DAOUT,AGUA BOA,RUA  PREAMAR,0,-1.242032,-48.451448,BAR E RESTAURANTE BELO PARAISO,1.0
DAOUT,AGUA BOA,RUA  PREAMAR,0,-1.242436,-48.451793,BOTECO DO MOLEQUE,1.0
DAOUT,AGUA BOA,RUA  PREAMAR,0,-1.241961,-48.451398,BAR E RESTAURANTE MAR AMOR,1.0
DAOUT,AGUA BOA,RUA  PREAMAR,0,-1.241464,-48.450822,BAR E RESTAURANTE DA MARLY,1.0
DAOUT,AGUA BOA,RUA  PREAMAR,0,-1.240844,-48.450188,BAR E RESTAURANTE DA ROSINHA,1.0
DAOUT,AGUA BOA,RUA  PREAMAR,0,-1.240866,-48.450287,BAR E RESTAURANTE SERRA SS,1.0
DAOUT,AGUA BOA,RUA  PREAMAR,65,-1.242567,-48.451869,RESTAURANTE,1.0
DAOUT,AGUA BOA,RUA  PREAMAR,0,-1.241528,-48.450937,BAR E RESTAURANTE,1.0
DAOUT,AGUA BOA,RUA  PREAMAR,0,-1.242556,-48.452043,BAR RESTAURANTE SS SERRA,1.0
DAOUT,AGUA BOA,RUA  PREAMAR,65,-1.242444,-48.451848,BOTECO,1.0
DASAC,TELEGRAFO,PASSAGEM  PRAIANA,18,-1.429531,-48.491726,PORTO SOLAMAR CASA DE SHOW,1.0
DAENT,SOUZA,PASSAGEM SAO LUIS,191,-1.417465,-48.461275,BOTECO,1.0
DAOUT,SAO JOAO DO OUTEIRO,AVENIDA  MANOEL BARATA,80,-1.263294,-48.464993,NOSSO BAR,1.0
DASAC,PEDREIRA,TRAVESSA BARAO DO TRIUNFO,1050,-1.42375,-48.475822,MAX BAR,1.0
DABEL,NAZARE,AVENIDA GENERALISSIMO DEODORO,1133,-1.450699,-48.482716,RESTAURANTE CALAMARES,1.0
DABEL,NAZARE,AVENIDA GENERALISSIMO DEODORO,1189,-1.451217,-48.482752,RESTAURANTE GREEN,1.0
DABEL,NAZARE,AVENIDA GENERALISSIMO DEODORO,1175,-1.451143,-48.482702,RESTAURANTE AVANA,1.0
DABEL,NAZARE,AVENIDA GENERALISSIMO DEODORO,1071,-1.450217,-48.482772,CAFETERIA EMPORIO AVENIDA,1.0
DABEL,NAZARE,AVENIDA GOVERNADOR JOSE MALCHER,1350,-1.449819,-48.481947,CAFETERIA SODIE DOCES,1.0
DABEL,MARCO,AVENIDA DUQUE DE CAXIAS,1310,-1.427735,-48.460193,BAR,1.0
DABEL,CAMPINA,BOULEVARD  CASTILHOS FRANCA,504,-1.44981,-48.500466,CAFE SANTO BAR E RESTAURANTE,1.0
DAMOS,CARANANDUBA,RUA SANTA RITA,35,-1.096934,-48.405975,BAR,1.0
DABEN,BENGUI,RUA  AJAX DE OLIVEIRA,168,-1.376357,-48.456849,RESTAURANTE DAS MENINAS,1.0
DABEN,BENGUI,RUA  AJAX DE OLIVEIRA,166,-1.376342,-48.456938,VENDA DE CHURRASCO,1.0
DABEN,COQUEIRO,RUA  A,165,-1.353599,-48.444355,BAR,1.0
DAGUA,CONDOR,TRAVESSA  NOVE DE JANEIRO,3349,-1.469637,-48.474868,DEPOSITO DE BEBIDAS,1.0
DABEL,UMARIZAL,RUA  MUNICIPALIDADE,1643,-1.435397,-48.488489,BAR MUNICIPAL,1.0
DABEL,UMARIZAL,TRAVESSA DOM PEDRO I,599,-1.437224,-48.48824,VER O ACAI RESTAURANTE,1.0
DABEL,UMARIZAL,TRAVESSA DOM PEDRO I,611,-1.438069,-48.488313,PRA VIDA CAFE E CIA,1.0
DAENT,CURIO-UTINGA,PASSAGEM  ARARAS,1,-1.426364,-48.444347,BAR,1.0
DAENT,CURIO-UTINGA,PASSAGEM  PANTANAL,5,-1.427196,-48.442713,BAR,1.0
DABEN,TAPANA,RUA  INDEPENDENCIA,38,-1.347173,-48.468697,BAR,1.0
DAICO,TENONE,RUA SAO VALENTIM,675,-1.326562,-48.428795,CASA DA TAPIOCA,1.0
DABEN,TAPANA,TRAVESSA  E,0,-1.350911,-48.475201,PEIXARIA 2 IRMAOS,1.0
DABEN,TAPANA,TRAVESSA  E,30,-1.350082,-48.475074,DEPOSITO DE BEBIDAS,1.0
DABEN,TAPANA,ALAMEDA SAO FRANCISCO,726,-1.340981,-48.473518,BAR DA CRIS,1.0
DABEN,COQUEIRO,TRAVESSA  NS 8,59,-1.330556,-48.445731,BAR,1.0
DABEN,COQUEIRO,RUA  PRINCIPAL,0,-1.331119,-48.446502,CLUBE DO BILHAR,1.0
DABEL,SAO BRAS,TRAVESSA  QUATORZE DE ABRIL,1083,-1.449363,-48.472588,RESTAURANTE DIVINUS PALADAR,1.0
DABEL,SAO BRAS,TRAVESSA  QUATORZE DE ABRIL,1061,-1.449188,-48.472566,BAR BAIUCA DA RESENHA,1.0
DABEL,SAO BRAS,TRAVESSA  QUATORZE DE ABRIL,1197,-1.450417,-48.472458,RESTAURANTE TEMPERO DA DU,1.0
DABEL,SAO BRAS,TRAVESSA  QUATORZE DE ABRIL,1079,-1.449434,-48.472608,RESTAURANTE KASA DA MEDUSA,1.0
DABEL,SAO BRAS,TRAVESSA  QUATORZE DE ABRIL,1275,-1.451176,-48.472594,RESTAURANTE HIROSHIMA,1.0
DAENT,MANGUEIRAO,TRAVESSA SARGENTO FAVARO,0,-1.381909,-48.45734,ANINHAS BAR E RESTAURANTE,1.0
DAENT,MANGUEIRAO,TRAVESSA SARGENTO FAVARO,0,-1.381987,-48.457402,BAR E RESTAURANTE CATALINA,1.0
DABEL,MARCO,TRAVESSA  VILETA,2311,-1.438301,-48.464686,RESTAURANTE,1.0
DABEL,MARCO,TRAVESSA  VILETA,2375,-1.438604,-48.464288,COZINHA RESTAURANTE,1.0
DABEL,MARCO,TRAVESSA  VILETA,2203,-1.437753,-48.465479,BAR,1.0
DABEL,MARCO,TRAVESSA  CHACO,2219,-1.442395,-48.463969,BAR DO BIGODE,1.0
DABEL,MARCO,TRAVESSA  CHACO,2231,-1.442529,-48.463774,CAREQUINHAS BAR,1.0
DAGUA,JURUNAS,RUA  TUPINAMBAS,636,-1.465257,-48.489615,BAR,1.0
DAOUT,BRASILIA,RUA  DAS BEGONIAS,1668,-1.280146,-48.471108,BAR DE BIBIDAS,1.0
DAICO,CRUZEIRO,RUA  QUINZE DE AGOSTO,875,-1.301437,-48.483372,IBIRAPUERA CASA DE SHOW,1.0
DAICO,CRUZEIRO,RUA  QUINZE DE AGOSTO,0,-1.300508,-48.4835,BAR E LANCHONETE BOCAL,1.0
DAICO,CRUZEIRO,RUA  QUINZE DE AGOSTO,947,-1.302001,-48.483291,CYBER CAFE NET POWER,1.0
DAICO,CAMPINA DE ICOARACI,RUA  DOIS DE DEZEMBRO,611,-1.295729,-48.47792,DEPOSITO DE BEBIDAS,1.0
DAICO,CAMPINA DE ICOARACI,RUA  OITO DE MAIO,0,-1.299105,-48.470092,PONTO DO CAFE,1.0
DABEL,MARCO,TRAVESSA  HUMAITA,1613,-1.437183,-48.468941,RESTAURANTE,1.0
DASAC,PEDREIRA,TRAVESSA  MARIZ E BARROS,930,-1.428649,-48.474784,RESTAURANTE,1.0
DASAC,PEDREIRA,TRAVESSA  MARIZ E BARROS,970,-1.428513,-48.474178,RESTAURANTE,1.0
DAGUA,MONTESE (TERRA FIRME),TRAVESSA  MARIZ E BARROS,71,-1.445395,-48.450804,COMERCIO DO CAFEZAL,1.0
DABEL,MARCO,TRAVESSA ALFERES COSTA,2695,-1.424815,-48.457853,RESTAURANTE EMPORIO AMAZONICO,1.0
DAGUA,CREMACAO,TRAVESSA  TRES DE MAIO,1976,-1.45736,-48.47384,DEPOSITO DO BAR,1.0
DAGUA,CREMACAO,RUA  DOS MUNDURUCUS,0,-1.457998,-48.47433,VENDA DE CAFE DA MANHA,1.0
DAGUA,CREMACAO,RUA  DOS MUNDURUCUS,0,-1.457758,-48.473867,RESTAURANTE E CERVEJARIA,1.0
DABEL,SAO BRAS,ESTACIONAMENTO  COMPLEXO SAO BRAS,0,-1.451512,-48.468136,BAR,1.0
DABEL,SAO BRAS,RUA  FARIAS DE BRITO,100,-1.452001,-48.46777,RESTAURANTE LANCHE RAPIDO,1.0
DAICO,CAMPINA DE ICOARACI,PASSAGEM  MANGUE,293,-1.291062,-48.464117,RESTAURANTE,1.0
DAICO,CRUZEIRO,RUA  DOIS DE DEZEMBRO,896,-1.298126,-48.477961,BAR JANES BAR,1.0
DASAC,MARACANGALHA,ALAMEDA  PAIXAO,1,-1.398788,-48.481228,DEPOSITO DE BEBIDAS SEM NOME,1.0
DAICO,MARACACUERA,ESTRADA  VELHA DO OUTEIRO,0,-1.282892,-48.450319,RESTAURANTE SEM NOME,1.0
DAICO,MARACACUERA,ESTRADA  VELHA DO OUTEIRO,0,-1.28292,-48.451521,RESTAURANTE SALMO 23,1.0
DASAC,PEDREIRA,TRAVESSA  TIMBO,696,-1.428512,-48.476595,CASA DE EVENTOS,1.0
DAOUT,BRASILIA,RUA  DAS VIOLETAS,3,-1.278619,-48.474082,BAR E DEPOSITO DE BEBIDAS,1.0
DABEL,CAMPINA,TRAVESSA PADRE EUTIQUIO,860,-1.456336,-48.496284,RESTAURANTE DA LENE,1.0
DAGUA,CONDOR,PASSAGEM  TEIXEIRA,644,-1.46797,-48.48035,BAR MATHEUS,1.0
DAICO,AGUAS NEGRAS,PASSAGEM  OLIVEIRA,11,-1.307313,-48.457213,BAR DO PANTOJA,1.0
DAICO,AGUAS NEGRAS,PASSAGEM SAO RAIMUNDO,120,-1.307686,-48.458332,BAR DOS AMIGOS,1.0
DABEN,PARQUE VERDE,RUA  VINTE E TRES DE AGOSTO,20,-1.355231,-48.458302,BAR GELADAO,1.0
DAENT,VAL-DE-CANS,AVENIDA  BRASIL,223,-1.397464,-48.473162,DEPOSITO DE BEBIDAS,1.0
DAENT,VAL-DE-CANS,AVENIDA  BRASIL,55,-1.397652,-48.474674,RESTAURANTE,1.0
DABEL,UMARIZAL,RUA  DIOGO MOIA,1106,-1.441848,-48.479354,RESTAURANTE NOSSO SABOR,1.0
DABEN,TAPANA,ALAMEDA  OITO,162,-1.349706,-48.466326,POINT DO CHURRASCO,1.0
DAENT,MARAMBAIA,PASSAGEM SANTO ANTONIO,21,-1.407048,-48.442325,BAR,1.0
DAGUA,JURUNAS,PASSAGEM  LIBERDADE,110,-1.475952,-48.487392,BAR E LANCHONETE BOM PRECO,1.0
DAENT,SOUZA,AVENIDA  JOAO PAULO II,87,-1.420032,-48.443672,RESTAURANTE DA ROSE,1.0
DAENT,SOUZA,AVENIDA  JOAO PAULO II,547,-1.424206,-48.446664,RESTAURANTE SAO JOAO PAULO II,1.0
DABEN,CABANAGEM,AVENIDA  BRASIL,1,-1.359366,-48.437166,ROBS BAR,1.0
DAENT,SOUZA,ALAMEDA  OITO,0,-1.415916,-48.449288,RESTAURANTE SABOR DO IMPERIO,1.0
DAENT,MARAMBAIA,AVENIDA  RODOLFO CHERMONT,1091,-1.400555,-48.453587,BAR E RESTAURANTE VITORIA,1.0
DAENT,MARAMBAIA,RUA  DA MATA,0,-1.401734,-48.455019,BAR DOS FEIRANTES,1.0
DAENT,MARAMBAIA,RUA  DA MATA,0,-1.40149,-48.454922,RESTAURANTE PALADAR,4.0
DAENT,MARAMBAIA,RUA  DA MATA,0,-1.40142,-48.454805,BOTECO DO TECO,1.0
DAENT,MARAMBAIA,RUA  DA MATA,0,-1.40185,-48.454991,PEIXARIA MANCHA,3.0
DABEL,NAZARE,AVENIDA GENERALISSIMO DEODORO,891,-1.448494,-48.482689,RESTAURANTE,1.0
DASAC,BARREIRO,RODOVIA  ARTHUR BERNARDES,1428,-1.41635,-48.49313,BAR,1.0
DABEL,UMARIZAL,RUA  BERNAL DO COUTO,1160,-1.439069,-48.480334,RESTAURANTE,1.0
DABEL,UMARIZAL,RUA  OLIVEIRA BELO,445,-1.440775,-48.480243,CAFE DA MANHA,1.0
DAENT,CASTANHEIRA,RODOVIA  BR 316,0,-1.403822,-48.429086,BAR E RESTAURANTE BERUTI,1.0
DABEN,PARQUE VERDE,PASSAGEM SANTA BARBARA,0,-1.349907,-48.46049,BAR,1.0
DAENT,MARAMBAIA,AVENIDA  TAVARES BASTOS,727,-1.407064,-48.446733,BAR TOC TOC,1.0
DAENT,MANGUEIRAO,RODOVIA  AUGUSTO MONTENEGRO,1,-1.381987,-48.438199,ACAI E RESTAURANTE DO GIL,1.0
DAENT,MANGUEIRAO,RODOVIA  AUGUSTO MONTENEGRO,1,-1.382043,-48.438289,BAR ACAI E RESTAURANTE DO GIL,1.0
DAENT,MANGUEIRAO,RUA  JOSE MONTEIRO,13,-1.38247,-48.437729,BAR E MERCADO PAPO DE BOLA,1.0
DABEN,COQUEIRO,TRAVESSA  WE 9,1485,-1.339141,-48.435632,BAR,1.0
DABEN,SAO CLEMENTE,PASSAGEM SANTO ANTONIO,43,-1.368902,-48.461645,BAR DO CEARA,1.0
DABEN,PRATINHA,RODOVIA  ARTHUR BERNARDES,0,-1.366096,-48.477018,BAR CERVEJA E BREJA,1.0
DABEN,PRATINHA,PASSAGEM  JOHN ENGELHARD,0,-1.361449,-48.471808,RESTAURANTE DA JHON,1.0
DAENT,MARAMBAIA,RUA CAPITAO BRAGA,4,-1.403411,-48.436193,BAR DO ALAN,1.0
DAGUA,JURUNAS,RUA  DOS CARIPUNAS,302,-1.472181,-48.495032,DEPOSITO DE BEBIDAS,1.0
DABEL,CIDADE VELHA,AVENIDA ALMIRANTE TAMANDARE,0,-1.461054,-48.502172,BAR,1.0
DABEL,CIDADE VELHA,RUA  DE OBIDOS,0,-1.462353,-48.501766,BAR,1.0
DAICO,PARACURI,RUA  JUTAI,31,-1.314072,-48.478399,LOURAS BAR,1.0
DAICO,TENONE,RUA  VINTE DE SETEMBRO,17,-1.321654,-48.443463,PONTO DO CHURRASCO,1.0
DABEN,BENGUI,ESTRADA  DO BENGUI,0,-1.370991,-48.451419,RESTAURANTE KI DELICIA,1.0
DABEN,BENGUI,ESTRADA  DO BENGUI,0,-1.370996,-48.451547,RESTAURANTE CONVENIENCIA JM,1.0
DAENT,AGUAS LINDAS,RUA  OSVALDO CRUZ,581,-1.393256,-48.39804,LOLA CHURRASCARIA E RESTAURANTE,1.0
DAENT,AGUAS LINDAS,RUA  OSVALDO CRUZ,581,-1.393213,-48.398069,CHURRASCARIA E RESTAURANTE,1.0
DAENT,AGUAS LINDAS,RUA  OSVALDO CRUZ,581,-1.393095,-48.398162,RESTAURANTE DA NET,1.0
DABEN,BENGUI,PASSAGEM  FERREIRA FILHO,22,-1.374495,-48.45864,RESTAURANTE DA LENE,1.0
DAENT,AGUAS LINDAS,RUA  MANAUS,103,-1.394982,-48.396464,DEPOSITO DE BEBIDAS,1.0
DAENT,AGUAS LINDAS,RUA  OSVALDO CRUZ,645,-1.396471,-48.397916,CAFE SB,1.0
DAENT,AGUAS LINDAS,RUA  OSVALDO CRUZ,637,-1.396121,-48.397992,BAR,1.0
DAENT,MARAMBAIA,PASSAGEM  IRACEMA,365,-1.400324,-48.447781,ROCHAS BAR,1.0
DAENT,MARAMBAIA,PASSAGEM  IRACEMA,243,-1.400788,-48.447885,RESTAURANTE MARAMBAIA,1.0
DASAC,MARACANGALHA,RUA  TRINTA E DOIS A,22,-1.399484,-48.486135,BAR,1.0
DASAC,MARACANGALHA,RUA  TRINTA A,26,-1.398766,-48.485418,BAR,1.0
DASAC,MARACANGALHA,AVENIDA  LESTE,0,-1.398423,-48.485301,BAR,1.0
DABEL,CIDADE VELHA,TRAVESSA  MONTE ALEGRE,342,-1.46384,-48.500571,RESENHA CHURRASCARIA BISTRO,1.0
DABEN,UNA,PASSAGEM  SUELY,76,-1.36936,-48.424471,DEPOSITO DE BEBIDAS,1.0
DABEN,CABANAGEM,AVENIDA  INDEPENDENCIA,57,-1.366572,-48.435528,RESTAURANTE BOM SABOR,1.0
DABEN,CABANAGEM,AVENIDA  INDEPENDENCIA,60,-1.366577,-48.435519,INDEPENDENCIAS BAR,1.0
DASAC,PEDREIRA,TRAVESSA  ALFERES COSTA,361,-1.421752,-48.462674,LANCHONETE E RESTAURANTE AMADOR,1.0
DAENT,MARAMBAIA,RUA  B,94,-1.404108,-48.458245,DEPOSITO DE BEBIDA,1.0
DASAC,PEDREIRA,TRAVESSA SAO SEBASTIAO,462,-1.416083,-48.470104,BAR,1.0
DASAC,PEDREIRA,TRAVESSA SAO SEBASTIAO,456,-1.4161,-48.470097,BAR,1.0
DABEL,UMARIZAL,RUA  BOAVENTURA DA SILVA,1308,-1.44617,-48.479461,RESTAURANTE JIRAYA SUSHI,1.0
DABEL,NAZARE,RUA  BOAVENTURA DA SILVA,1198,-1.446732,-48.480525,RESTAURANTE SEM DENOMINACAO,1.0
DABEL,NAZARE,TRAVESSA  QUATORZE DE MARCO,1755,-1.451486,-48.480308,RESTAURANTE COMIDINHAS,1.0
DAENT,MANGUEIRAO,RODOVIA  TRANSCOQUEIRO,0,-1.384345,-48.435395,CASA DE EVENTOS,1.0
DASAC,TELEGRAFO,PASSAGEM  BOCA DO ACRE,342,-1.422322,-48.487375,BAR DO KIRIN,1.0
DASAC,TELEGRAFO,PASSAGEM  BOM FUTURO,188,-1.422435,-48.486722,BAR VENDA DE BEBIDAS,1.0
DASAC,SACRAMENTA,AVENIDA SENADOR LEMOS,3919,-1.414613,-48.471622,BARNAS BAR,1.0
DASAC,SACRAMENTA,AVENIDA SENADOR LEMOS,3919,-1.414394,-48.471705,BARNAS BAR,1.0
DAGUA,JURUNAS,RUA  DOS TIMBIRAS,318,-1.47318,-48.493995,BAR E RESTAURANTE,1.0
DAGUA,JURUNAS,AVENIDA  ROBERTO CAMELIER,1110,-1.469049,-48.486809,BAR KATIA,1.0
DAGUA,CREMACAO,RUA  FERNANDO GUILHON,2418,-1.463006,-48.478132,MERCEARIA E BAR,1.0
DAGUA,JURUNAS,RUA  DOS TAMOIOS,669,-1.467387,-48.496692,SAO MIGUEL BAR E RESTO,1.0
DAICO,PONTA GROSSA,RUA  SIQUEIRA MENDES,1201,-1.306034,-48.489109,BAR,1.0
DAGUA,GUAMA,PASSAGEM  BOM JESUS UM,18,-1.455934,-48.45706,DEPOSITO DE BEBIDAS,1.0
DAGUA,MONTESE (TERRA FIRME),PASSAGEM SAO SEBASTIAO,90,-1.454346,-48.447991,BAR E RESTAURANTE DO PARA,1.0
DASAC,PEDREIRA,AVENIDA MARQUES DE HERVAL,842,-1.432632,-48.47117,RESTAURANTE,1.0
DASAC,PEDREIRA,AVENIDA MARQUES DE HERVAL,856,-1.432515,-48.471107,BAR,1.0
DASAC,PEDREIRA,AVENIDA MARQUES DE HERVAL,788,-1.433102,-48.47144,BAR,1.0
DABEL,NAZARE,AVENIDA VISCONDE DE SOUZA FRANCO,1454,-1.450307,-48.486409,RESTAURANTE LA TRAVIATA,1.0
DABEL,NAZARE,AVENIDA VISCONDE DE SOUZA FRANCO,1394,-1.450182,-48.486383,ANEXO DO RESTAURANTE LA TRAVIATA,1.0
DABEL,NAZARE,AVENIDA VISCONDE DE SOUZA FRANCO,1364,-1.449893,-48.486491,BOTECO DA NINA,1.0
DASAC,TELEGRAFO,RUA  CURUCA,790,-1.432122,-48.483832,RESTAURANTE E BAR,1.0
DASAC,TELEGRAFO,RUA  CURUCA,822,-1.43179,-48.483766,DEPOSITO DE BEBIDAS,1.0
DASAC,PEDREIRA,RUA  ANTONIO EVERDOSA,1141,-1.42649,-48.475214,DEPOSITO DE BEBIDAS,1.0
DASAC,PEDREIRA,TRAVESSA  LOMAS VALENTINAS,270,-1.422649,-48.47197,BOTECO LOS HERMANOS,1.0
DASAC,PEDREIRA,TRAVESSA  LOMAS VALENTINAS,270,-1.42268,-48.471996,BOTECO LOS HERMANOS,1.0
DAENT,CURIO-UTINGA,PASSAGEM  ELVIRA,432,-1.429442,-48.448529,MERCEARIA E BAR DA NETE,1.0
DAENT,CURIO-UTINGA,PASSAGEM  ELVIRA,460,-1.429304,-48.448721,BAR DO KLEIDIR,1.0
DAENT,CURIO-UTINGA,AVENIDA  JOAO PAULO II,456,-1.429478,-48.448664,CAFETERIA SANMAR,1.0
DAENT,CURIO-UTINGA,AVENIDA  JOAO PAULO II,823,-1.429794,-48.448759,RESTAURANTE,2.0
DASAC,TELEGRAFO,PASSAGEM  BROTINHO,4,-1.422628,-48.488859,BAR E OFICINA MECANICA,1.0
DASAC,TELEGRAFO,PASSAGEM  BOCA DO ACRE,447,-1.422441,-48.487492,DEPOSITO DE BEBIDA,1.0
DASAC,TELEGRAFO,PASSAGEM  DAS FLORES,0,-1.423694,-48.48873,CASA DE SHOW,1.0
DAOUT,AGUA BOA,RUA SAO SEBASTIAO,2935,-1.251389,-48.454594,BAR E MERCEARIA VENTO NO LITROZAL,1.0
DASAC,PEDREIRA,TRAVESSA  TIMBO,830,-1.429252,-48.475579,DEPOSITO DE BEBIDAS,1.0
DASAC,PEDREIRA,TRAVESSA  TIMBO,854,-1.429265,-48.4754,BAR,1.0
DASAC,PEDREIRA,TRAVESSA  TIMBO,734,-1.428823,-48.476224,RESTAURANTE,1.0
DASAC,PEDREIRA,AVENIDA  PEDRO MIRANDA,913,-1.430748,-48.474118,RESTAURANTE,1.0
DASAC,PEDREIRA,AVENIDA  PEDRO MIRANDA,903,-1.430863,-48.474188,TAPIOCARIA,1.0
DASAC,PEDREIRA,AVENIDA  PEDRO MIRANDA,893,-1.430891,-48.474241,RESTAURANTE,2.0
DASAC,PEDREIRA,AVENIDA  PEDRO MIRANDA,887,-1.430931,-48.474258,BAR,1.0
DASAC,PEDREIRA,TRAVESSA  VILETA,775,-1.43093,-48.475782,BAR,1.0
DABEN,PRATINHA,RUA PRESIDENTE LULA,25,-1.363359,-48.469094,BAR DA LOURA SKINA SHOW,1.0
DABEN,COQUEIRO,TRAVESSA  WE 3,5,-1.344439,-48.44884,RESTAURANTE LAURA REFEICOES,1.0
DABEN,COQUEIRO,RUA  DA CASTANHEIRA,379,-1.34165,-48.451154,RESTAURANTE NSA SRA DE NAZARE,1.0
DAMOS,MARAHU,RUA  BEIRA RIO,0,-1.070934,-48.395161,BAR E RES PORTAL DO MARAHU,1.0
DAMOS,MARAHU,RUA  BEIRA RIO,0,-1.072343,-48.397903,RESTAURANTE DO PATUA,1.0
DAGUA,CONDOR,PASSAGEM  MOTORIZADA,202,-1.472768,-48.483579,BAR DO ROBERTO,1.0
DAGUA,CONDOR,PASSAGEM  MOTORIZADA,190,-1.472884,-48.483604,RESTAURANTE,1.0
DAOUT,SAO JOAO DO OUTEIRO,AVENIDA NOSSA SENHORA DA CONCEICAO,28,-1.256249,-48.462277,CUIABANO RESTAURANTE PIZZARIA SORVETERIA,1.0
DAOUT,SAO JOAO DO OUTEIRO,AVENIDA NOSSA SENHORA DA CONCEICAO,25,-1.255998,-48.46204,RESTAURANTE CANTINHO DO SABOR,1.0
DABEL,SAO BRAS,TRAVESSA  DAS MERCES,3,-1.444469,-48.46896,RESTAURANTE DO KIKO,1.0
DABEL,MARCO,TRAVESSA  DAS MERCES,15,-1.44424,-48.469076,RESTAURANTE,1.0
DABEL,MARCO,TRAVESSA  DAS MERCES,0,-1.44519,-48.467844,RESTAURANTE,1.0
DABEL,SAO BRAS,TRAVESSA  DAS MERCES,243,-1.445536,-48.467388,CAFE DA MANHA,1.0
DABEL,MARCO,AVENIDA  ROMULO MAIORANA,196,-1.44466,-48.467767,RESTAURANTE,1.0
DABEL,MARCO,AVENIDA  ROMULO MAIORANA,200,-1.444352,-48.467786,BAR DO TOM,1.0
DABEN,TAPANA,RUA  HAROLDO VELOSO,318,-1.341818,-48.470755,RESTAURANTE GUEDES,1.0
DABEN,TAPANA,RUA  HAROLDO VELOSO,93,-1.342255,-48.468017,BAR E RESTAURANTE,1.0
DABEL,SAO BRAS,TRAVESSA  TRES DE MAIO,1056,-1.449202,-48.474313,RESTAURANTE PARADA OBRIGATORIA,1.0
DAGUA,GUAMA,PASSAGEM  NOVA DOIS,27,-1.46595,-48.455284,RESTAURANTE DONA MARIA,1.0
DASAC,SACRAMENTA,AVENIDA SENADOR LEMOS,3230,-1.416942,-48.478326,RESTAURANTE,1.0
DASAC,SACRAMENTA,AVENIDA SENADOR LEMOS,3234,-1.416889,-48.478183,BARBEARIA E RESTAURANTE ANDRADE,1.0
DASAC,SACRAMENTA,AVENIDA SENADOR LEMOS,3246,-1.416644,-48.477979,RESTAURANTE PC,1.0
DASAC,SACRAMENTA,ALAMEDA SAO JOAO,105,-1.417848,-48.477017,BAR,1.0
DASAC,PEDREIRA,TRAVESSA BARAO DO TRIUNFO,2139,-1.429245,-48.467658,GARCIA PEIXARIA RESTAURANTE,1.0
DABEL,SAO BRAS,AVENIDA CONSELHEIRO FURTADO,3521,-1.455986,-48.467267,RESTAURANTE,2.0
DABEL,UMARIZAL,RUA  DIOGO MOIA,133,-1.445073,-48.487391,RESTAURANTE,1.0
DAENT,MANGUEIRAO,RUA  DEZESSETE DE AGOSTO,2,-1.380576,-48.439006,MIRANDAS BAR,1.0
DAENT,MANGUEIRAO,RUA  DEZESSETE DE AGOSTO,0,-1.38049,-48.438822,BARBOSA RESTAURANTE E CHURRASCARIA,1.0
DAICO,CAMPINA DE ICOARACI,PASSAGEM  PASSARELA OESTE,57,-1.298938,-48.469219,RESTAURANTE NOSSA SENHORA DE FATIMA,1.0
DAICO,CAMPINA DE ICOARACI,PASSAGEM  PASSARELA OESTE,10,-1.298777,-48.469058,DEPOSITO BEBIDA,1.0
DAICO,CAMPINA DE ICOARACI,PASSAGEM  PASSARELA OESTE,68,-1.298814,-48.469348,RESTAURANTE MR GRIL,1.0
DAICO,PONTA GROSSA,PASSAGEM  DAS FLORES,286,-1.312223,-48.483727,BOTECO DO URUBU,1.0
DAICO,PONTA GROSSA,PASSAGEM  DAS FLORES,79,-1.312171,-48.485516,BAR,1.0
DABEL,CAMPINA,BOULEVARD  CASTILHOS FRANCA,744,-1.44862,-48.498642,RESTAURANTE PONTO DO ACAI,1.0
DABEL,CAMPINA,BOULEVARD  CASTILHOS FRANCA,636,-1.449241,-48.499343,RESTAURANTE SABOR CASEIRO E DEPOSITO,1.0
DABEL,CAMPINA,BOULEVARD  CASTILHOS FRANCA,648,-1.449066,-48.499278,BAR E RESTAURANTE,1.0
DAOUT,BRASILIA,ESTRADA  DO POCAO,0,-1.242726,-48.535514,BAR DO NEI,1.0
DAOUT,BRASILIA,ESTRADA  DO POCAO,0,-1.242935,-48.53558,BAR E RESTAURANTE BEIRA MAR,1.0
DABEL,UMARIZAL,RUA  DIOGO MOIA,566,-1.443534,-48.484188,DEPOSITO DE BEBIDAS,1.0
DABEN,BENGUI,PASSAGEM SAO MATEUS,23,-1.374933,-48.460078,RESTAURANTE SUPIMPAS,1.0
DABEL,MARCO,TRAVESSA  MAURITI,2170,-1.432679,-48.46507,CHURRASCARIA PICUI,1.0
DAOUT,ITAITEUA,RUA  DO FIDELIS,9,-1.270137,-48.436524,RESTAURANTE,1.0
DAGUA,GUAMA,PASSAGEM  MODELO,89,-1.462464,-48.458049,BAR,1.0
DABEN,TAPANA,PASSAGEM  AMORAS,7,-1.34397,-48.476684,BAR,1.0
DAGUA,GUAMA,AVENIDA  TUCUNDUBA,9,-1.466815,-48.454008,DEPOSITO DE BEBIDAS,1.0
DAGUA,JURUNAS,AVENIDA  BERNARDO SAYAO,1921,-1.476437,-48.491038,BAR E RESTAURANTE DA DIANA,1.0
DAGUA,GUAMA,AVENIDA  JOSE BONIFACIO,2764,-1.471807,-48.468513,RESTAURANTE DE COMIDA JAPONESA,1.0
DABEN,COQUEIRO,AVENIDA SAO PEDRO,2,-1.355001,-48.437833,BAR DO DUNGA,1.0
DABEN,COQUEIRO,AVENIDA SAO PEDRO,4,-1.354913,-48.437767,BAR WHISKROTORIO,1.0
DAENT,CURIO-UTINGA,ESTRADA  DA CEASA,0,-1.458312,-48.418668,BAR,1.0
DAENT,CURIO-UTINGA,ESTRADA  DA CEASA,0,-1.45938,-48.423822,RESTAURANTE,1.0
DAOUT,AGUA BOA,RUA  DAS PALMEIRAS,63,-1.243289,-48.449953,BAR DAS PALMEIRAS,1.0
DABEN,TAPANA,TRAVESSA  E,101,-1.351843,-48.475279,RESTAURANTE,1.0
DAENT,MARAMBAIA,PASSAGEM  JARBAS PASSARINHO,47,-1.397152,-48.452791,BAR DOCE BAR,1.0
DABEN,UNA,RODOVIA  MARIO COVAS,2327,-1.368998,-48.421824,RESTAURANTE,1.0
DAENT,MARAMBAIA,TRAVESSA  PORTEL,174,-1.399097,-48.461882,DEPOSITO DE BEBIDAS E BAR,1.0
DABEL,MARCO,AVENIDA  ROMULO MAIORANA,2571,-1.426191,-48.455763,RESTAURANTE,1.0
DAOUT,AGUA BOA,AVENIDA  PAULO COSTA,1732,-1.251887,-48.455937,VENANCIOS BAR,1.0
DAGUA,GUAMA,AVENIDA  JOSE BONIFACIO,1980,-1.464141,-48.46873,BAR E RESTAURANTE IMPERIO DO HAMBURGUER,1.0
DAGUA,JURUNAS,TRAVESSA  BOM JARDIM,660,-1.465162,-48.498328,BAR THE BEATLES,1.0
DAGUA,JURUNAS,TRAVESSA  BOM JARDIM,694,-1.465639,-48.497772,BAR,1.0
DAGUA,CANUDOS,AVENIDA  CEARA,888,-1.447577,-48.457649,DEPOSITO DE BEBIDAS,1.0
DAICO,AGUAS NEGRAS,PASSAGEM  OSCARINA D ARC,1200,-1.3078,-48.45748,BAR E SALAO DE BELEZA,1.0
DAICO,CAMPINA DE ICOARACI,RODOVIA  AUGUSTO MONTENEGRO,395,-1.299654,-48.474686,BAR DO EDER,1.0
DABEL,BATISTA CAMPOS,TRAVESSA  BENJAMIN CONSTANT,1831,-1.45791,-48.487644,CHURRASCARIA,1.0
DAGUA,GUAMA,PASSAGEM SAO MIGUEL,46,-1.468411,-48.467127,BOTECO DA ELY,1.0
DAGUA,GUAMA,RUA  AUGUSTO CORREA,646,-1.470383,-48.458918,RESTAURANTE YURI,1.0
DABEN,PARQUE VERDE,PASSAGEM  BOA ESPERANCA,57,-1.357941,-48.443619,BAR DO MAURO,1.0
DABEL,SAO BRAS,RUA  ROSO DANIN,10,-1.451094,-48.46644,BAR,1.0
DAGUA,JURUNAS,AVENIDA  ROBERTO CAMELIER,429,-1.465031,-48.491706,RESTAURANTE DOM MARCOS,1.0
DAENT,MANGUEIRAO,RUA  PRINCIPAL,1,-1.375425,-48.437954,DEPOSITO DE CERVEJA,1.0
DAENT,MARAMBAIA,RUA  DA MATA,0,-1.401471,-48.461268,RESTAURANTE,1.0
DAGUA,GUAMA,RUA  DOS MUNDURUCUS,3814,-1.457722,-48.471948,RESTAURANTE E BAR ESPETINHO DA MUNDURUCUS,1.0
DABEL,CIDADE VELHA,RUA  TRIUNVIRATO,556,-1.461456,-48.498151,RESTAURANTE,1.0
DASAC,PEDREIRA,PASSAGEM  ALVARO ADOLFO,10,-1.437252,-48.475224,BAR,1.0
DAICO,PARACURI,RUA  CASTELO BRANCO,5,-1.311595,-48.476425,DEPOSITO DE BEBIDAS,1.0
DABEN,PARQUE VERDE,AVENIDA  INDEPENDENCIA,4,-1.369125,-48.438849,RESTAURANTE FILHOS REI,1.0
DAICO,CAMPINA DE ICOARACI,PASSAGEM  BRASILIA,0,-1.293708,-48.462982,PONTO DE CAFE,1.0
DABEL,UMARIZAL,AVENIDA GENERALISSIMO DEODORO,355,-1.443404,-48.482984,BY BEBEL LIMA RESTAURANTE,1.0
DAICO,AGULHA,PASSAGEM  FREDERICO HOSANA,38,-1.301865,-48.475116,BAR DO BODE,1.0
DAENT,CURIO-UTINGA,ESTRADA  DA CEASA,8,-1.459095,-48.421993,BAR DO ZEQUINHA,1.0
DABEL,SAO BRAS,ESTACIONAMENTO  COMPLEXO SAO BRAS,0,-1.45164,-48.467989,RESTAURANTE,1.0
DAMOS,CARANANDUBA,RODOVIA  PA 391,23,-1.102631,-48.401493,BAR,1.0
DABEN,COQUEIRO,AVENIDA  PRINCIPAL,51,-1.331325,-48.447361,RESTAURANTE GARAGEM EM BRASA,1.0
DASAC,PEDREIRA,RUA  ANTONIO EVERDOSA,1808,-1.421693,-48.471541,FLORESTA BAR TOCA DO LOBO,1.0
DAGUA,GUAMA,TRAVESSA  FRANCISCO CALDEIRA CASTELO BRANCO,2156,-1.462073,-48.470581,BAR,1.0
DAENT,SOUZA,PASSAGEM  GETULIO VARGAS,224,-1.415712,-48.449857,BAR E MERCEARIA O TONINHO,1.0
DABEL,MARCO,PASSAGEM  JARINA,16,-1.446407,-48.458537,RESTAURANTE,1.0
DAENT,SOUZA,PASSAGEM  GETULIO VARGAS,14,-1.415943,-48.449682,BAR DO GIL,1.0
DAENT,CURIO-UTINGA,ESTRADA  DA CEASA,1,-1.457239,-48.424488,BAR,1.0
DASAC,SACRAMENTA,PASSAGEM  A,149,-1.419354,-48.478346,RESTAURANTE BGB REFEICOES,1.0
DAENT,SOUZA,PASSAGEM  GETULIO VARGAS,62,-1.415672,-48.450025,BAR DA SULA,1.0
DABEN,TAPANA,RUA PRESIDENTE GETULIO VARGAS,511,-1.345303,-48.474625,BAR,1.0
DAMOS,BONFIM,RUA  BOA ESPERANCA,0,-1.172595,-48.337366,BAR,1.0
DAGUA,GUAMA,AVENIDA  JOSE BONIFACIO,2782,-1.471816,-48.468618,RESTAURANTE SAMURAY,1.0
DAGUA,GUAMA,PASSAGEM  HELENA,39,-1.468122,-48.46986,BAR,1.0
DABEN,COQUEIRO,AVENIDA SAO PEDRO,0,-1.35482,-48.437735,LANCHONETE CAFE DA CLAUDIA,1.0
DAGUA,JURUNAS,TRAVESSA  BOM JARDIM,608,-1.465156,-48.498351,BOTECO DO RENATO,1.0
DAICO,PARACURI,RUA  L 1,136,-1.312442,-48.473536,BAR,1.0
DAENT,MARAMBAIA,RUA  DA MATA,0,-1.401479,-48.461291,DEPOSITO DE BEBIDA,1.0
DASAC,PEDREIRA,RUA  ANTONIO EVERDOSA,1830,-1.421537,-48.471377,RESTAURANTE,1.0
DAICO,CAMPINA DE ICOARACI,RUA  JOAQUIM RESENDE,268,-1.297182,-48.472697,BAR,1.0
DABEN,PARQUE VERDE,RUA  CUJUBIM,7,-1.359063,-48.446402,BOTECO DO LITRAO,1.0
DAMOS,VILA,RUA  BEIRA RIO,1,-1.165401,-48.473745,BAR POR DO SOL,1.0
DASAC,PEDREIRA,RUA  ANTONIO EVERDOSA,1802,-1.421662,-48.4715,BAR BRASIL,1.0
DAENT,CURIO-UTINGA,PASSAGEM  ELVIRA,461,-1.42932,-48.448604,BAR GELADAO,1.0
DAENT,AGUAS LINDAS,AVENIDA  OSVALDO ORLANDO COSTA,0,-1.406531,-48.39359,RESTAURANTE,1.0
DABEL,SAO BRAS,PASSAGEM  ALBERTO ENGELHARD,179,-1.450107,-48.476417,RESTAURANTE,1.0
DABEL,SAO BRAS,TRAVESSA  TRES DE MAIO,1179,-1.450188,-48.474083,RESTAURANTE DOIS CARLOS,1.0
DAENT,MARAMBAIA,RUA  PRAINHA,129,-1.404483,-48.436037,VITORIA RESTAURANTE,1.0
DAGUA,CREMACAO,RUA  DOS MUNDURUCUS,2519,-1.458316,-48.483437,BAR,1.0
DABEN,TAPANA,RESIDENCIAL  RAIMUNDO JINKINGS,22,-1.347857,-48.464431,BAR E RESTAURANTE CANTINHO DA PRECIOSA,1.0
DAGUA,JURUNAS,AVENIDA CONSELHEIRO FURTADO,287,-1.462335,-48.494344,NAMATA CAFE,1.0
DAGUA,JURUNAS,AVENIDA CONSELHEIRO FURTADO,281,-1.462433,-48.494478,RESTAURANTE,1.0
DABEL,UMARIZAL,TRAVESSA  JOSE PIO,1067,-1.434326,-48.482248,THE BLACK RESTAURANTE E ACAI,1.0
DAGUA,CONDOR,PASSAGEM  TEIXEIRA,575,-1.467409,-48.479533,BAR,1.0
DASAC,PEDREIRA,TRAVESSA VISCONDE DE INHAUMA,523,-1.434642,-48.469163,HIPER BAR,1.0
DAICO,PONTA GROSSA,RUA CORONEL JUVENCIO SARMENTO,1860,-1.309342,-48.481086,BAR DO ALEXANDRE,1.0
DABEL,NAZARE,TRAVESSA DOUTOR MORAES,328,-1.456075,-48.489617,RESTAURANTE,1.0
DABEL,NAZARE,TRAVESSA DOUTOR MORAES,310,-1.455996,-48.489645,RESTAURANTE SELF SERVICE,1.0
DAENT,MARAMBAIA,RUA  RAUL SOARES,250,-1.399499,-48.440781,BAR,1.0
DAENT,MARAMBAIA,RUA  RAUL SOARES,68,-1.398925,-48.440752,MERCADINHO E BAR,1.0
DAMOS,CARANANDUBA,AVENIDA BARAO DO RIO BRANCO,22,-1.092333,-48.411144,BAR,1.0
DAMOS,CARANANDUBA,AVENIDA BARAO DO RIO BRANCO,0,-1.092382,-48.410659,BAR E RESTAURANTE MORENINHA,1.0
DAOUT,BRASILIA,RUA SAO JOSE,191,-1.279295,-48.475457,BOTECO ANAICE,1.0
DAICO,CAMPINA DE ICOARACI,TRAVESSA  S QUATRO,0,-1.298504,-48.462761,BAR DA SORTE 4,1.0
DASAC,FATIMA,TRAVESSA  TRES DE MAIO,683,-1.445418,-48.47441,RESTAURANTE,1.0
DASAC,PEDREIRA,TRAVESSA  LOMAS VALENTINAS,852,-1.425698,-48.467409,RESTAURANTE NARITA,1.0
DAICO,PONTA GROSSA,RUA CORONEL JUVENCIO SARMENTO,1908,-1.309783,-48.481224,BAR,1.0
DAGUA,JURUNAS,TRAVESSA  HONORIO JOSE DOS SANTOS,1004,-1.470194,-48.488516,BAR PARABRASIL,1.0
DABEN,TAPANA,RUA  INDEPENDENCIA,7,-1.348268,-48.468502,LOBATOS BAR,1.0
DABEN,TAPANA,RUA  INDEPENDENCIA,19,-1.34703,-48.468723,CHURRASCO DA SANDRA E THAISA FASHION,1.0
DABEN,TAPANA,RUA SAO CLEMENTE,0,-1.357083,-48.466036,BOX BAR,2.0
DASAC,PEDREIRA,AVENIDA MARQUES DE HERVAL,2767,-1.418885,-48.462383,RESTAURANTE,1.0
DAGUA,JURUNAS,RUA  OSVALDO DE CALDAS BRITO,455,-1.468493,-48.499025,DEPOSITO DE BEBIDA REGIS,1.0
DAICO,CAMPINA DE ICOARACI,TRAVESSA  BOM JESUS,23,-1.298438,-48.474425,BAR ANASTACIA,1.0
DASAC,MARACANGALHA,AVENIDA  SUL,0,-1.400219,-48.477198,BARRACA DO CAFE,1.0
DABEL,SAO BRAS,TRAVESSA  FRANCISCO CALDEIRA CASTELO BRANCO,822,-1.449879,-48.470872,RESTAURANTE,1.0
DAICO,PARQUE GUAJARA,RUA  DA FEIRA,5,-1.328646,-48.453452,PEIXARIA,1.0
DAMOS,BAIA DO SOL,ESTRADA  BAIA DO SOL,0,-1.066039,-48.339505,BAR DOS 3 RICARDOS,1.0
DABEL,CAMPINA,AVENIDA PRESIDENTE GETULIO VARGAS,0,-1.453047,-48.494298,BAR DO PARQUE,1.0
DABEN,COQUEIRO,TRAVESSA  WE 8,2,-1.340739,-48.442156,RESTAURANTE,1.0
DAGUA,CONDOR,TRAVESSA  NOVE DE JANEIRO,3178,-1.46822,-48.475049,BAR DO VICENTE,4.0
DAICO,PARQUE GUAJARA,RUA  MARIO ANDREAZA,6,-1.328835,-48.450031,BAR DO DAVI,1.0
DAICO,PARQUE GUAJARA,RUA  MARIO ANDREAZA,2,-1.328781,-48.450316,RESTAURANTE PE DE FEIJAO,1.0
DAMOS,BAIA DO SOL,ESTRADA  DA BAIA DO SOL,251,-1.066864,-48.342816,BAR E MERCEARIA DO MARANHAO,1.0
DAMOS,FAROL,RUA  ABELARDO CONDURU,547,-1.134999,-48.464181,BAR,1.0
DAENT,CURIO-UTINGA,AVENIDA ALMIRANTE BARROSO,2740,-1.427378,-48.452456,RESTAURANTE E LANCHONETE,1.0
DABEL,SAO BRAS,AVENIDA GOVERNADOR JOSE MALCHER,2979,-1.448225,-48.467053,RESTAURANTE,1.0
DAMOS,ARIRAMBA,RUA  BEIRA RIO,0,-1.116432,-48.434595,RESTAURANTE APIONEIRA,1.0
DAENT,CASTANHEIRA,RUA  MARIANO,137,-1.409718,-48.433064,BAR DO DANIEL,1.0
DASAC,PEDREIRA,TRAVESSA  PEREBEBUI,353,-1.417565,-48.471543,RESTAURANTE BENEZAO,1.0
DAGUA,CREMACAO,AVENIDA  ALCINDO CACELA,2378,-1.457628,-48.477226,LUDOTECA BOARDGAME E CAFE,1.0
DAMOS,ARIRAMBA,RUA  BEIRA RIO,0,-1.116572,-48.435052,JURUBEBA RESTAURANTE,2.0
DABEL,MARCO,AVENIDA DOUTOR FREITAS,3102,-1.430229,-48.45215,BAR,1.0
DABEL,MARCO,AVENIDA DOUTOR FREITAS,3126,-1.430402,-48.452048,BAR,1.0
DASAC,SACRAMENTA,TRAVESSA  ANGUSTURA,488,-1.419651,-48.479343,BAR DO GEOVANY,1.0
DAENT,MANGUEIRAO,TRAVESSA SARGENTO FRAZAO,81,-1.38034,-48.455998,BAR CANTINHO DA MARGO,1.0
DAENT,MARAMBAIA,RUA  PRAINHA,27,-1.403505,-48.435956,RESTAURANTE,1.0
DAMOS,BAIA DO SOL,RUA  JARDIM DO IPIXUNA,311,-1.069791,-48.352125,TAPIOCA DA IRMA NAZARE,1.0
DAGUA,MONTESE (TERRA FIRME),PASSAGEM  SAMAUMEIRA,0,-1.463649,-48.450806,BAR KABOA,2.0
DAENT,MARAMBAIA,RUA  PRAINHA,123,-1.404405,-48.43602,RESTAURANTE DU CHEFE,1.0
DASAC,MARACANGALHA,AVENIDA  SUL,0,-1.400185,-48.477,CAFE DA BIANCA,1.0
DABEL,MARCO,TRAVESSA  TIMBO,1851,-1.434385,-48.468135,BAR,1.0
DAICO,PONTA GROSSA,TRAVESSA  SOUZA FRANCO,450,-1.304451,-48.485022,ACADEMIA DE GINASTICA E CAFETERIA,1.0
DABEL,NAZARE,TRAVESSA DOUTOR MORAES,322,-1.456049,-48.489576,RESTAURANTE,1.0
DAENT,MARAMBAIA,RUA  PRAINHA,123,-1.404364,-48.436066,RESTAURANTE DUCHEFE,1.0
DAMOS,BAIA DO SOL,ESTRADA  BAIA DO SOL,0,-1.06605,-48.33968,CANTINHO DO CAFE,1.0
DAICO,PARQUE GUAJARA,RUA  MARIO ANDREAZA,2,-1.328901,-48.449689,CHURRASCO DO CRISTIAN,1.0
DAGUA,CREMACAO,RUA ENGENHEIRO FERNANDO GUILHON,3145,-1.462531,-48.471891,RESTAURANTE E LANCHONETE IMPERIO DO SABOR LAVA JATO E BAR,1.0
DABEL,NAZARE,TRAVESSA  BENJAMIN CONSTANT,1064,-1.451523,-48.489936,RESTAURANTE DELICIAS DO JURA,1.0
DABEN,PARQUE VERDE,RODOVIA  AUGUSTO MONTENEGRO,16,-1.356608,-48.453768,RESTAURANTE,1.0
DASAC,FATIMA,TRAVESSA  TRES DE MAIO,683,-1.44558,-48.474361,RESTAURANTE,1.0
DAGUA,CREMACAO,AVENIDA ENGENHEIRO FERNANDO GUILHON,0,-1.463086,-48.479317,BAR,1.0
DAMOS,MANGUEIRAS,AVENIDA  DEZESSEIS DE NOVEMBRO,1881,-1.148132,-48.463799,BAR E FRUTEIRA,1.0
DABEL,MARCO,RUA  DO CANAL DA VISCONDE,1039,-1.431477,-48.466167,MERCEARIA E BAR,1.0
DASAC,PEDREIRA,TRAVESSA VISCONDE DE INHAUMA,545,-1.434473,-48.468984,DEPOSITO DE BEBIDAS SEM DENOMINACAO,1.0
DAENT,MANGUEIRAO,AVENIDA MAJOR AVIADOR SEDA,122,-1.382759,-48.455394,RESTAURANTE SABOR CASEIRO,1.0
DAENT,MARAMBAIA,CANAL  AGUA CRISTAL,2,-1.406903,-48.449679,RESTAURANTE,1.0
DAICO,CRUZEIRO,RUA  MURUBIRA,0,-1.253802,-48.559942,BAR,1.0
DAENT,AGUAS LINDAS,AVENIDA  OSVALDO ORLANDO COSTA,0,-1.406457,-48.39301,PEIXARIA,1.0
DABEL,CAMPINA,TRAVESSA FREI GIL DE VILA NOVA,258,-1.449884,-48.49583,BAR E RESTAURANTE COVA DA ONCA,1.0
DABEL,NAZARE,TRAVESSA DOUTOR MORAES,314,-1.456045,-48.489568,RESTAURANTE A QUILO,1.0
DAICO,PONTA GROSSA,RUA CORONEL JUVENCIO SARMENTO,1860,-1.309334,-48.481061,BAR,1.0
DAMOS,MANGUEIRAS,AVENIDA  DEZESSEIS DE NOVEMBRO,1841,-1.147279,-48.463327,SICEROS BAR,1.0
DAGUA,MONTESE (TERRA FIRME),RUA  LAURO SODRE,20,-1.458827,-48.454598,BAR DO ROBERTO CARLOS,1.0
DAENT,MARAMBAIA,RUA  PRAINHA,171,-1.404823,-48.43597,BAR,1.0
DABEN,COQUEIRO,TRAVESSA  WE 8,0,-1.341041,-48.443394,RESTAURANTE A GRANDE FAMILIA,1.0
DAMOS,FAROL,AVENIDA  DEZESSEIS DE NOVEMBRO,698,-1.138143,-48.45934,BAR E LANCHE CANTAO,1.0
DAENT,CURIO-UTINGA,AVENIDA  JOAO PAULO II,108,-1.430318,-48.450082,RESTAURANTE BAR E RESTO DA NETY,1.0
DAGUA,CREMACAO,RUA  DOS MUNDURUCUS,2501,-1.458405,-48.483528,RESTAURANTE,1.0
DAMOS,CARANANDUBA,AVENIDA BARAO DO RIO BRANCO,199,-1.091991,-48.410519,BAR E RESTAURANTE,1.0
DAGUA,JURUNAS,TRAVESSA  HONORIO JOSE DOS SANTOS,996,-1.470049,-48.488496,DEPOSITO DE BEBIDAS,1.0
DAENT,AGUAS LINDAS,AVENIDA  OSVALDO ORLANDO COSTA,0,-1.406401,-48.392471,BAR E LANCHONETE,1.0
DASAC,SACRAMENTA,TRAVESSA  ANGUSTURA,658,-1.420634,-48.478028,BAR DO RICHARD,1.0
DAOUT,AGUA BOA,ESTRADA  DO TUCUMAEIRA,113,-1.245983,-48.440641,BAR DO MIGUEL,1.0
DAENT,MARAMBAIA,RUA  PRAINHA,215,-1.405168,-48.435945,RESTAURANTE PRATO POPULAR,1.0
DAENT,MARAMBAIA,RUA  PRAINHA,179,-1.404854,-48.435956,BAR,1.0
DAENT,CASTANHEIRA,RUA  MARIANO,18,-1.408262,-48.434019,RESTAURANTE E LANCHONETE 4 IRMAS,1.0
DABEL,NAZARE,TRAVESSA  BENJAMIN CONSTANT,1415,-1.454323,-48.488408,RESTAURANTE BETO SALOMAO,1.0
DAGUA,CANUDOS,AVENIDA  GENTIL BITTENCOURT,3535,-1.454713,-48.460522,RESTAURANTE BOM SABOR,1.0
DASAC,FATIMA,AVENIDA  JOSE BONIFACIO,207,-1.444478,-48.469242,RESTAURANTE,1.0
DABEN,TAPANA,RODOVIA  DO TAPANA,0,-1.331747,-48.469569,RESTAURANTE E LAVA JATO STUDIO 104,1.0
DASAC,MARACANGALHA,RUA  RIO AMAZONAS,3,-1.401346,-48.479753,BAR,1.0
DAICO,PARQUE GUAJARA,RUA  DEZESSETE DE ABRIL,158,-1.314647,-48.46462,BAR DA LOURA BARBEARIA PREFERIDA DE OURO,2.0
DAENT,MARAMBAIA,PASSAGEM  SAMARITANA,19,-1.403562,-48.440875,RESTAURANTE BOM SAMARITANO,1.0
DAICO,PONTA GROSSA,RUA CORONEL JUVENCIO SARMENTO,1719,-1.307899,-48.481009,RESTAURANTE COMIDA CASEIRA,1.0
DASAC,PEDREIRA,TRAVESSA DOUTOR ENEAS PINHEIRO,1882,-1.424977,-48.465956,RESTAURANTE,1.0
DAMOS,VILA,RUA PADRE MANOEL RAIOL,515,-1.162017,-48.467382,BAR,1.0
DABEN,PARQUE VERDE,RODOVIA  AUGUSTO MONTENEGRO,300,-1.357897,-48.453205,BAR,1.0
DAMOS,CARANANDUBA,RUA NOSSA SENHORA DA CONCEICAO,136,-1.091863,-48.408972,BAR,1.0
DABEN,PRATINHA,RODOVIA  ARTHUR BERNARDES,680,-1.377028,-48.480662,ALEX BAR,1.0
DAGUA,JURUNAS,RUA  OSVALDO DE CALDAS BRITO,866,-1.46567,-48.49679,CHURRASCO DO CHACA,1.0
DAOUT,AGUA BOA,RUA  PREAMAR,0,-1.243166,-48.452894,BAR EU TE AMO,1.0
DASAC,TELEGRAFO,AVENIDA SENADOR LEMOS,2228,-1.424163,-48.483397,RESTAURANTE,1.0
DAGUA,CREMACAO,AVENIDA CONSELHEIRO FURTADO,2017,-1.456447,-48.48074,RESTAURANTE TACACA DO QUINCAS,1.0
DAMOS,VILA,GALERIA  FEIRINHA,0,-1.164875,-48.47335,RESTAURANTE E PIZZARIA DO MUNINHOS,1.0
DAICO,CRUZEIRO,RUA  SIQUEIRA MENDES,335,-1.298121,-48.489687,RESTAURANTE TETO,1.0
DAICO,CRUZEIRO,RUA  SIQUEIRA MENDES,297,-1.297684,-48.489684,RESTAURANTE RAIZES,1.0
DABEL,CIDADE VELHA,PASSAGEM  CONCEICAO,17,-1.466622,-48.501115,BAR,1.0
DABEN,PARQUE VERDE,JARDIM  ALVORADA,2,-1.371158,-48.456813,BAR,1.0
DABEL,MARCO,PASSAGEM  JARINA,256,-1.444718,-48.457016,DELAS BAR,1.0
DASAC,FATIMA,TRAVESSA  TRES DE MAIO,71,-1.439983,-48.475447,BOTECO,1.0
DABEN,TAPANA,RODOVIA  DO TAPANA,0,-1.329106,-48.479777,RESTAURANTE DA CRIS,1.0
DABEL,MARCO,TRAVESSA ALFERES COSTA,2962,-1.426348,-48.455942,RESTAURANTE ANA COMIDA CASEIRA,1.0
DABEN,TAPANA,RODOVIA  DO TAPANA,4,-1.329033,-48.479799,RESTAURANTE,4.0
DABEN,TAPANA,RODOVIA  DO TAPANA,8,-1.328966,-48.480023,RESTAURANTE FRUTO DAS MENINAS,1.0
DABEN,TAPANA,RODOVIA  DO TAPANA,21,-1.328932,-48.480333,BAR E RESTAURANTE BONS AMIGOS,1.0
DABEL,MARCO,TRAVESSA  PEREBEBUI,0,-1.427411,-48.456862,DEPOSITO DO RESTAURANTE GM,1.0
DABEL,MARCO,TRAVESSA  PEREBEBUI,2350,-1.427557,-48.456762,RESTAURANTE GM,1.0
DAICO,CRUZEIRO,TRAVESSA SAO ROQUE,580,-1.300327,-48.484083,RESTAURANTE SABOR DA VILA,1.0
DAICO,CRUZEIRO,TRAVESSA SAO ROQUE,610,-1.300274,-48.483907,BAR JK,1.0
DAICO,AGULHA,RUA  OITO DE MAIO,481,-1.305392,-48.469226,LANCHONETE THE DIFFERENTIAL CAFE,1.0
DAICO,PARQUE GUAJARA,RUA  MARIO ANDREAZA,49,-1.328924,-48.451701,VENDA DE CHURRASCO,1.0
DASAC,SACRAMENTA,PASSAGEM  BATISTA,527,-1.416686,-48.483712,BAR CADA UM POR SI,1.0
DASAC,SACRAMENTA,PASSAGEM  BATISTA,529,-1.416771,-48.483552,BAR SEM NOME,1.0
DABEL,UMARIZAL,RUA  BERNAL DO COUTO,574,-1.441411,-48.485093,BAR,1.0
DAICO,PARACURI,RODOVIA  ARTHUR BERNARDES,7,-1.314672,-48.485625,MARLUCI BAR,1.0
DAICO,PARQUE GUAJARA,RUA  MARIO ANDREAZA,65,-1.328936,-48.452171,SPORTS BAR,1.0
DAGUA,JURUNAS,RUA  DOS TAMOIOS,1336,-1.462874,-48.493001,GUSTO SAGRADO CAFE BY NANA,1.0
DAENT,AGUAS LINDAS,RUA  B,0,-1.410039,-48.397427,RESTAURANTE SABOR CASEIRO,1.0
DABEL,MARCO,TRAVESSA  CURUZU,2248,-1.445475,-48.46225,LURDECA MARIOCA RESTAURANTE E DOCERIA,1.0
DAICO,CAMPINA DE ICOARACI,ESTRADA  VELHA DO OUTEIRO,0,-1.293322,-48.463449,BAR,1.0
DAGUA,MONTESE (TERRA FIRME),RUA SAO DOMINGOS,26,-1.460436,-48.453759,LUCIAS BAR,1.0
DAMOS,BONFIM,RODOVIA ENGENHEIRO AUGUSTO MEIRA FILHO,87,-1.169891,-48.334432,BAR DO COCA,1.0
DAMOS,BONFIM,RODOVIA ENGENHEIRO AUGUSTO MEIRA FILHO,45,-1.172094,-48.332149,BAR VIRA COPO,1.0
DAGUA,CONDOR,PASSAGEM SAO SEBASTIAO,84,-1.467303,-48.48051,BAR,1.0
DAENT,MARAMBAIA,PASSAGEM  DALVA,171,-1.403644,-48.447623,RESTAURANTE DEGUSTE,1.0
DABEL,SAO BRAS,TRAVESSA  TRES DE MAIO,951,-1.448258,-48.474221,RESTAURANTE,1.0
DAICO,PONTA GROSSA,RUA SANTA ISABEL,1293,-1.302421,-48.479383,BAR,1.0
DAENT,MARAMBAIA,AVENIDA  TAVARES BASTOS,1350,-1.402982,-48.450586,RESTAURANTE,1.0
DAMOS,VILA,GALERIA  FEIRINHA,0,-1.165149,-48.473376,RESTAURANTE,1.0
DAICO,CRUZEIRO,RUA  SIQUEIRA MENDES,269,-1.297377,-48.489666,RESTAURANTE O BOTECOS,1.0
DASAC,PEDREIRA,AVENIDA MARQUES DE HERVAL,659,-1.434125,-48.472649,RESTAURANTE,1.0
DABEN,TAPANA,PASSAGEM  AMORAS,82,-1.343977,-48.474147,BAR,1.0
DABEL,CAMPINA,RUA SENADOR MANOEL BARATA,704,-1.450858,-48.497722,CYBER CAFE,1.0
DABEN,COQUEIRO,TRAVESSA  VINTE E SETE,0,-1.348411,-48.439139,ESCOLA MUNICIPAL PROF ALANA DE SOUZA BAR,1.0
DABEN,TAPANA,RUA PRESIDENTE DUTRA,2,-1.340491,-48.477209,CHURRASCARIA,1.0
DAENT,AGUAS LINDAS,RUA  JOAO BATISTA,28,-1.413542,-48.393594,BAR,1.0
DAGUA,CREMACAO,AVENIDA CONSELHEIRO FURTADO,2021,-1.456488,-48.480792,RESTAURANTE,1.0
DAICO,MARACACUERA,ESTRADA  DA MARACACUERA,8,-1.291584,-48.434934,RESTAURANTE,1.0
DAGUA,GUAMA,ALAMEDA  HUGO RICHARDSON,40,-1.47301,-48.470275,BAR,1.0
DABEN,SAO CLEMENTE,PASSAGEM  JOHN ENGELHARD,24,-1.361202,-48.466782,RESTAURANTE,1.0
DAOUT,BRASILIA,ESTRADA  PRINCIPAL DO OUTEIRO,0,-1.278392,-48.474051,BAR DO LITRAO,1.0
DABEL,UMARIZAL,AVENIDA GENERALISSIMO DEODORO,283,-1.442803,-48.482713,RESTAURANTE,1.0
DAENT,MARAMBAIA,AVENIDA  TAVARES BASTOS,1508,-1.403023,-48.452011,RESTAURANTE O LENHADOR,1.0
DAGUA,MONTESE (TERRA FIRME),PASSAGEM  LAMBARI,62,-1.454909,-48.453797,BAR DO CEARA,1.0
DABEL,NAZARE,AVENIDA GENERALISSIMO DEODORO,1533,-1.454473,-48.482705,CAFE BISTRO POINT GOURMET,1.0
DABEL,NAZARE,AVENIDA  GENTIL BITTENCOURT,263,-1.456522,-48.489911,COZINHA DICASA RESTAURANTE,1.0
DAMOS,BAIA DO SOL,ESTRADA  DA BAIA DO SOL,2,-1.066823,-48.343145,RESTAURANTE O CONCENTRADO,2.0
DABEN,CABANAGEM,RUA  PRINCIPAL,12,-1.374327,-48.43348,RESTAURANTE SABOR DE MEL,1.0
DABEN,TAPANA,RODOVIA  DO TAPANA,7,-1.328959,-48.479942,RESTAURANTE DA MORENA,1.0
DABEN,UNA,RODOVIA  TRANSCOQUEIRO,68,-1.376043,-48.425623,CHURRASCO,1.0
DABEN,TAPANA,RUA PRESIDENTE CASTELLO BRANCO,15,-1.342124,-48.473312,RESTAURANTE,1.0
DAENT,MARAMBAIA,AVENIDA  TAVARES BASTOS,1550,-1.402888,-48.452399,RESTAURANTE,1.0
DABEL,REDUTO,TRAVESSA  PIEDADE,539,-1.450445,-48.493507,DISTRIBUIDORA VENEZA DEPOSITO DE BEBIDAS,1.0
DABEL,NAZARE,TRAVESSA  BENJAMIN CONSTANT,1361,-1.453809,-48.488159,RESTAURANTE ADEGA DA BENJAMIM,1.0
DAENT,MARAMBAIA,AVENIDA  TAVARES BASTOS,1572,-1.402845,-48.452591,RESTAURANTE,1.0
DASAC,MARACANGALHA,AVENIDA  CONTORNO,28,-1.399216,-48.475933,RESTAURANTE BRUNA GRILL,1.0
DAMOS,BAIA DO SOL,ESTRADA  DA BAIA DO SOL,18,-1.069398,-48.350359,BAR 3 IRMAS,1.0
DABEL,UMARIZAL,RUA  BERNAL DO COUTO,580,-1.441516,-48.485357,DEPOSITO DE BEBIDAS BAR,1.0
DAGUA,JURUNAS,PASSAGEM  CARLOS DE CARVALHO,0,-1.47293,-48.486926,BAR,1.0
DABEN,PARQUE VERDE,RUA  HELIO PINHEIRO,25,-1.365786,-48.45101,LUCAS BAR,1.0
DABEN,PRATINHA,PASSAGEM  GUAJARA,0,-1.376052,-48.482652,BAR,1.0
DAGUA,GUAMA,PASSAGEM  MONTE SINAI,13,-1.465845,-48.457089,BOTECO DO MAIA,1.0
DAICO,CRUZEIRO,RUA  SIQUEIRA MENDES,297,-1.297684,-48.489684,ESTACIONAMENTO AO LADO DO RESTAURANTE RAIZES,1.0
DAICO,CRUZEIRO,RUA  SIQUEIRA MENDES,243,-1.297234,-48.489754,RESTAURANTE DOM DIOGO,1.0
DAOUT,SAO JOAO DO OUTEIRO,RUA  BEIRA RIO,0,-1.254591,-48.465235,BAR AREAO,1.0
DAMOS,AEROPORTO,RUA  AEROPORTO,1120,-1.141822,-48.458138,BAR DA AUREA,1.0
DAOUT,AGUA BOA,TRAVESSA  VITORIA,33,-1.249075,-48.448,BAR,1.0
DAGUA,CREMACAO,AVENIDA CONSELHEIRO FURTADO,2525,-1.456588,-48.476506,RESTAURANTE,2.0
DAICO,CRUZEIRO,RUA  SIQUEIRA MENDES,209,-1.296876,-48.489717,RESTAURANTE CHALE 100,1.0
DABEN,PARQUE VERDE,PASSAGEM  SEM DENOMINACAO,3,-1.352707,-48.449898,DEPOSITO DE BEBIDAS,1.0
DABEN,PARQUE VERDE,RODOVIA  AUGUSTO MONTENEGRO,400,-1.35662,-48.453514,BOTECO DO ITALIANO,1.0
DAGUA,JURUNAS,RUA  OSVALDO DE CALDAS BRITO,858,-1.465707,-48.49684,CHURRASCO DO CHACA,1.0
DABEN,COQUEIRO,TRAVESSA  WE 12,666,-1.339224,-48.443565,BAR ROSILANGES,1.0
DAMOS,VILA,GALERIA  FEIRINHA,0,-1.164951,-48.473336,RESTAURANTE DELA FRANCE,1.0
DAENT,MARAMBAIA,AVENIDA  TAVARES BASTOS,1518,-1.402997,-48.452068,BAR E RESTAURANTE,1.0
DAICO,CAMPINA DE ICOARACI,ESTRADA  VELHA DO OUTEIRO,1556,-1.293726,-48.465784,DEPOSITO DE BEBIDAS AZULAO,1.0
DASAC,TELEGRAFO,AVENIDA  PEDRO ALVARES CABRAL,1701,-1.43161,-48.49049,SILVAS BAR,1.0
DABEL,UMARIZAL,TRAVESSA  SOARES CARNEIRO,1216,-1.436823,-48.482386,BAR DOS MARTINS,1.0
DAICO,CRUZEIRO,TRAVESSA SAO ROQUE,568,-1.300222,-48.484153,RESTAURANTE CANTINHO DO DAYAN COMIDAS CASEIRA,1.0
DABEN,TAPANA,TRAVESSA  UBERABA,559,-1.334796,-48.479003,RESTAURANTE,1.0
DAICO,MARACACUERA,ESTRADA  DA MARACACUERA,0,-1.293926,-48.436832,RESTAURANTE DEUS PROVERA,1.0
DABEL,CIDADE VELHA,PASSAGEM  CONCEICAO,5,-1.466284,-48.501035,BAR,1.0
DAICO,PARACURI,ILHA  URUBUOCA,0,-1.321122,-48.53514,BAR E RESTAURANTE,1.0
DABEN,TAPANA,RODOVIA  DO TAPANA,30,-1.328909,-48.480574,BAR DA BELL,1.0
DASAC,TELEGRAFO,PASSAGEM  PRAIANA,0,-1.428252,-48.491659,RESTAURANTE DA AMELIA,1.0
DABEN,PARQUE VERDE,RUA  CARLOS SANTOS,68,-1.367845,-48.441799,BAR ALTAS HORAS,1.0
DAGUA,JURUNAS,VILA  CARIPUNAS,32,-1.473559,-48.496176,BAR DOS MANOS,1.0
DABEN,PARQUE VERDE,PASSAGEM  SEM DENOMINACAO,0,-1.352753,-48.450235,RESTAURANTE,1.0
DAMOS,BONFIM,RODOVIA ENGENHEIRO AUGUSTO MEIRA FILHO,79,-1.169757,-48.334688,BAR A BRASILEIRA,1.0
DAOUT,AGUA BOA,RUA  JADER BARBALHO,1,-1.249534,-48.456402,DEPOSITO DE BEBIDAS NIKOLE,1.0
DABEL,NAZARE,AVENIDA COMANDANTE BRAS DE AGUIAR,0,-1.454789,-48.487654,RESTAURANTE SANTITO,1.0
DAENT,MARAMBAIA,PASSAGEM  LONTRA,40,-1.405898,-48.460226,BAR,1.0
DAICO,CRUZEIRO,RUA  MAGALHAES BARATA,0,-1.262199,-48.556124,RESTAURANTE LA BOTEQUIM,1.0
DAGUA,JURUNAS,PASSAGEM  ACAI,24,-1.474589,-48.492884,BAR,1.0
DASAC,TELEGRAFO,AVENIDA  PEDRO ALVARES CABRAL,2110,-1.427566,-48.48928,BAR,1.0
DABEL,CIDADE VELHA,RUA  SIQUEIRA MENDES,130,-1.457195,-48.505747,RESTAURANTE ORLANDINA,1.0
DASAC,MARACANGALHA,AVENIDA  LESTE,0,-1.400204,-48.490888,RESTAURANTE DA CRIS,1.0
DASAC,BARREIRO,PASSAGEM  JOSE MARIA,945,-1.409764,-48.481499,DEPOSITO DE BEBIDA,1.0
DAOUT,AGUA BOA,RUA  ITAPOA,2015,-1.254569,-48.454748,BOTECO DO SR ADEMILSON,1.0
DASAC,TELEGRAFO,PASSAGEM  PRAIANA,9,-1.428583,-48.492157,BAR E RESTAURANTE FE EM DEUS,1.0
DASAC,TELEGRAFO,PASSAGEM  PRAIANA,55,-1.428576,-48.492245,BOTECO DA CRISTINA VILA DA BARCA,1.0
DAICO,AGULHA,PASSAGEM  JOSE SOARES MONTENEGRO,7,-1.307542,-48.477223,DEPOSITO DE BEBIDAS DO JAIME,1.0
DABEN,COQUEIRO,AVENIDA  SECUNDARIA,66,-1.332242,-48.443586,RESTAURANTE,1.0
DABEL,MARCO,TRAVESSA  VILETA,2826,-1.441126,-48.46019,RESTAURANTE E LANCHES,1.0
DAENT,MARAMBAIA,CANAL  AGUA CRISTAL,0,-1.407576,-48.450696,DEPOSITO DE BEBIDAS MONTENEGRO,1.0
DAENT,UNIVERSITARIO,IGARAPE  PIRIQUITAQUARA,0,-1.502221,-48.44439,BAR DO CHICO,1.0
DAGUA,GUAMA,IGARAPE  PIRIQUITAQUARA,0,-1.50405,-48.447505,RESTAURANTE DOS PASSAROS,1.0
DABEL,MARCO,AVENIDA DUQUE DE CAXIAS,823,-1.43926,-48.468512,RESTAURANTE,1.0
DABEL,SAO BRAS,TRAVESSA  PRIMEIRA DE QUELUZ,0,-1.449748,-48.465376,BAR CRAZY BLACK,1.0
DABEL,SAO BRAS,TRAVESSA  PRIMEIRA DE QUELUZ,112,-1.449896,-48.465324,BAR E POUSADA ACONCHEGO,1.0
DABEL,SAO BRAS,AVENIDA CONSELHEIRO FURTADO,2799,-1.456231,-48.473849,BAR,1.0
DAICO,PARQUE GUAJARA,RUA  DO CAMPO,11,-1.338906,-48.456841,BAR DO MARANHAO,1.0
DAICO,CAMPINA DE ICOARACI,AVENIDA  CONTORNO NORTE,7,-1.298827,-48.469491,BAR ACACIA,1.0
DASAC,PEDREIRA,AVENIDA SENADOR LEMOS,3949,-1.414755,-48.471429,BAR,1.0
DAMOS,MANGUEIRAS,AVENIDA  DEZESSEIS DE NOVEMBRO,0,-1.153942,-48.46646,FRANGOARIA E CHURRASCARIA,1.0
DABEN,COQUEIRO,TRAVESSA  L 17,6,-1.347843,-48.437716,DEPOSITO DE BEBIDAS,1.0
DAMOS,FAROL,RUA  BEIRA RIO,0,-1.135322,-48.467056,RESTAURANTE HOTEL FAROL,1.0
DAOUT,SAO JOAO DO OUTEIRO,RUA SAO JORGE,1574,-1.262563,-48.468565,RESTAURANTE E LANCHONETE TUDO DE BOM,1.0
DAICO,TENONE,PASSAGEM  ALACID NUNES,2,-1.325721,-48.43714,RESTAURANTE DELICIAS DA SANDRA,1.0
DAGUA,CREMACAO,RUA  DOS MUNDURUCUS,2768,-1.458307,-48.480991,RESTAURANTE EGUA DA COMIDA CASEIRA,1.0
DAGUA,GUAMA,RUA  PAULO CICERO,629,-1.469679,-48.47089,DEPOSITO DE BEBIDAS,1.0
DAGUA,CONDOR,AVENIDA  ROBERTO CAMELIER,1614,-1.471906,-48.483209,BAR,1.0
DABEL,MARCO,TRAVESSA  ANGUSTURA,3220,-1.433455,-48.458578,VER A CERVA BOTECO,1.0
DAGUA,CANUDOS,TRAVESSA  NINA RIBEIRO,533,-1.453124,-48.464039,BAR,1.0
DASAC,PEDREIRA,PASSAGEM  ALVARO ADOLFO,57,-1.437173,-48.475592,MERCEARIA E BAR,1.0
DABEN,TAPANA,RUA  DA PAZ,0,-1.348922,-48.476374,BAR E MERCEARIA,1.0
DABEL,MARCO,PASSAGEM  ACACIA,79,-1.443904,-48.4509,VENDA DE CUZCUZ E TAPIOCA,1.0
DAICO,TENONE,PASSAGEM  OITO DE MARCO,29,-1.316024,-48.440124,BAR,1.0
DAOUT,BRASILIA,AVENIDA  BL 10,3,-1.284344,-48.47779,BAR E MERCEARIA PIMENTEL,1.0
DABEL,NAZARE,TRAVESSA DOUTOR MORAES,33,-1.452726,-48.49075,BAR THE DOG HOUSE,1.0
DABEL,MARCO,RUA  JABATITEUA,633,-1.447504,-48.454368,DEPOSITO DE BEBIDAS ADINAMAR,1.0
DABEL,SAO BRAS,AVENIDA CONSELHEIRO FURTADO,2825,-1.456485,-48.473461,RESTAURANTE,1.0
DASAC,PEDREIRA,AVENIDA MARQUES DE HERVAL,1405,-1.428481,-48.468957,BAR E RESTAURANTE,1.0
DABEL,UMARIZAL,TRAVESSA  MANOEL EVARISTO,1283,-1.43625,-48.481181,BOTECO DA RAY,1.0
DABEL,CIDADE VELHA,RUA  SIQUEIRA MENDES,130,-1.45712,-48.505789,CASA DE SHOW ACAI BIRUTA,1.0
DAGUA,MONTESE (TERRA FIRME),TRAVESSA  MARIZ E BARROS,0,-1.446476,-48.45038,CAFE E CIA,1.0
DAENT,AGUAS LINDAS,AVENIDA  OSVALDO ORLANDO COSTA,0,-1.406762,-48.395933,RESTAURANTE SABOR PARAENSE,1.0
DAICO,CRUZEIRO,RUA  MAGALHAES BARATA,0,-1.26331,-48.555803,RESTAURANTE E PIZZARIA SABIA,2.0
DABEL,SAO BRAS,AVENIDA GOVERNADOR MAGALHAES BARATA,836,-1.451835,-48.47298,GRAMOPHONE CAFE,1.0
DABEL,UMARIZAL,TRAVESSA  QUATORZE DE MARCO,493,-1.439944,-48.48061,RESTAURANTE E LANCHONETE,1.0
DAENT,MANGUEIRAO,AVENIDA  CENTENARIO,0,-1.381736,-48.457633,MANAS BAR E RESTAURANTE,1.0
DAMOS,NATAL DO MURUBIRA,RODOVIA ENGENHEIRO AUGUSTO MEIRA FILHO OU PA 391,72,-1.131754,-48.442146,RESTAURANTE CAMPING DA NAZA,1.0
DAICO,CRUZEIRO,RUA  MANOEL BARATA,171,-1.295508,-48.487718,OFICINA E RESTAURANTE,1.0
DAGUA,JURUNAS,PASSAGEM SAO VICENTE DE PAULA,32,-1.473338,-48.487715,RESTAURANTE SABOR DE MEL,1.0
DABEL,UMARIZAL,TRAVESSA  MANOEL EVARISTO,1241,-1.436069,-48.481567,RESTAURANTE,1.0
DABEL,NAZARE,TRAVESSA  QUINTINO BOCAIUVA,1779,-1.454943,-48.485725,VINHEDO RESTAURANTE LANCHONETE,1.0
DABEL,MARCO,TRAVESSA  VILETA,2398,-1.43926,-48.463593,RESTAURANTE,1.0
DABEN,COQUEIRO,AVENIDA  SECUNDARIA,62,-1.332288,-48.443674,RESTAURANTE SAGRADA FAMILIA,1.0
DABEL,UMARIZAL,TRAVESSA  QUATORZE DE MARCO,467,-1.439653,-48.480545,RESTAURANTE,1.0
DAGUA,GUAMA,RUA  PAULO CICERO,567,-1.46952,-48.471097,LICOS BAR,1.0
DAMOS,SAO FRANCISCO,RUA  BEIRA RIO,245,-1.107653,-48.424152,BAR,1.0
DAGUA,JURUNAS,PASSAGEM  ACAI,40,-1.474489,-48.492863,BAR,1.0
DASAC,MARACANGALHA,AVENIDA  LESTE,0,-1.398574,-48.486251,BAR,1.0
DAENT,AGUAS LINDAS,TRAVESSA  QUINTA,19,-1.410413,-48.391287,BAR DO JAIR,1.0
DASAC,BARREIRO,PASSAGEM  BOM JESUS,21,-1.412377,-48.480296,BAR DO PITY,1.0
DAOUT,BRASILIA,RUA  MAGALHAES BARATA,0,-1.222384,-48.549659,RESTAURANTE NEGAO,1.0
DAOUT,BRASILIA,AVENIDA  BL 10,2299,-1.284734,-48.478019,BAR DOS AMIGOS,1.0
DABEL,MARCO,AVENIDA DUQUE DE CAXIAS,955,-1.438397,-48.467597,RESTAURANTE DUCKBILL,1.0
DAGUA,GUAMA,PASSAGEM  NAPOLEAO LAUREANO,214,-1.459935,-48.460212,RESTAURANTE DELICIAS DA TATA,1.0
DABEL,CAMPINA,RUA  TREZE DE MAIO,136,-1.453843,-48.501539,RESTAURANTE DOCE SABOR,1.0
DAGUA,CONDOR,TRAVESSA  NOVE DE JANEIRO,3116,-1.467698,-48.474991,CIBER CAFE E LAN HOUSE,1.0
DABEL,BATISTA CAMPOS,RUA  DOS CARIPUNAS,1880,-1.46106,-48.486103,BOTECO MANELAO,1.0
DAMOS,NATAL DO MURUBIRA,ALAMEDA  PROGRESSO,46,-1.136266,-48.448413,BAR,1.0
DAGUA,CREMACAO,RUA  DOS PARIQUIS,2365,-1.459709,-48.484179,BAR E RESTAURANTE,1.0
DABEL,NAZARE,AVENIDA GENERALISSIMO DEODORO,1354,-1.452985,-48.48288,BAR SAMAUMA,1.0
DAENT,MANGUEIRAO,PASSAGEM  OSWALDO MOREIRA,51,-1.382475,-48.436478,CASA DE EVENTOS,1.0
DABEL,CIDADE VELHA,PASSAGEM  DO CARMO,0,-1.459944,-48.505821,BAR,1.0
DAICO,PARACURI,TRAVESSA  DA SOLEDADE,97,-1.310172,-48.476323,RESTAURANTE,1.0
DAICO,AGULHA,TRAVESSA  DA SOLEDADE,211,-1.310234,-48.477161,DEPOSITO DE BEBIDAS,1.0
DAGUA,CANUDOS,AVENIDA CONSELHEIRO FURTADO,3974,-1.455641,-48.462754,BAR,1.0
DAGUA,JURUNAS,TRAVESSA  MONTE ALEGRE,1778,-1.472452,-48.490758,CHURRASCO DA LOIRA,1.0
DAMOS,VILA,AVENIDA  GETULIO VARGAS,433,-1.160771,-48.470009,BOTECO DA TL,1.0
DAMOS,CARANANDUBA,RUA SAO JOAO,210,-1.097766,-48.407744,POINT DO CHURRASCO,1.0
DASAC,TELEGRAFO,RUA  FREDERICO SCHENEIPPE,0,-1.428332,-48.48602,RESTAURANTE,1.0
DASAC,TELEGRAFO,RUA  FREDERICO SCHENEIPPE,0,-1.428224,-48.485833,RESTAURANTE NA HORA,1.0
DASAC,TELEGRAFO,RUA  FREDERICO SCHENEIPPE,224,-1.42793,-48.485824,RESTAURANTE,1.0
DASAC,TELEGRAFO,RUA  FREDERICO SCHENEIPPE,0,-1.427876,-48.485779,RESTAURANTE,1.0
DAICO,CAMPINA DE ICOARACI,RUA MONSENHOR JOSE MARIA AZEVEDO,859,-1.294622,-48.471121,BAR E RESTAURANTE CALYPSO,1.0
DABEL,CIDADE VELHA,TRAVESSA  BOM JARDIM,82,-1.461464,-48.501418,BAR,1.0
DABEL,MARCO,RESIDENCIAL  CELSO MALCHER,0,-1.432364,-48.464602,RESTAURANTE REMANCO DO PEIXE,1.0
DAENT,CASTANHEIRA,PASSAGEM SAO LUIS,23,-1.403042,-48.431217,BAR DA LOURA,1.0
DAGUA,CONDOR,BEIRA  DO RIO GUAMA,0,-1.490771,-48.469275,BAR E RESTAURANTE DECK COMBU,1.0
DAGUA,CONDOR,BEIRA  DO RIO GUAMA,0,-1.490946,-48.470737,RESTAURANTE SAMBODRAMO NAUTICO,1.0
DAGUA,CONDOR,BEIRA  DO RIO GUAMA,0,-1.493788,-48.479701,RESTAURANTE FLOR DO COMBU,1.0
DAGUA,CONDOR,BEIRA  DO RIO GUAMA,0,-1.493696,-48.480236,MALOCA E RESTAURANTE O MARINHEIRO,1.0
DAGUA,CONDOR,BEIRA  DO RIO GUAMA,0,-1.494238,-48.483664,RESTAURANTE PAI DEGUA,1.0
DAGUA,CONDOR,BEIRA  DO RIO GUAMA,0,-1.49439,-48.484965,RESTAURANTE MURURE,1.0
DAGUA,JURUNAS,BEIRA  DO RIO GUAMA,0,-1.49485,-48.488143,BAR,1.0
DAGUA,JURUNAS,TRAVESSA  CARLOS DE CARVALHO,1549,-1.469963,-48.490693,BAR E RESTANTE RESTO DOS AMIGOS,1.0
DAGUA,CONDOR,TRAVESSA PADRE EUTIQUIO,0,-1.475075,-48.471633,RESTAURANTE,1.0
DAGUA,CONDOR,TRAVESSA PADRE EUTIQUIO,3545,-1.475043,-48.471736,BAR,1.0
DAGUA,CONDOR,TRAVESSA PADRE EUTIQUIO,4122,-1.474958,-48.471902,RESTAURANTE,1.0
DAGUA,CONDOR,TRAVESSA PADRE EUTIQUIO,4183,-1.475338,-48.471468,BAR,1.0
DAGUA,CONDOR,TRAVESSA PADRE EUTIQUIO,30,-1.47538,-48.471258,BAR,1.0
DAGUA,CONDOR,TRAVESSA PADRE EUTIQUIO,3,-1.475457,-48.471153,BAR,1.0
DAGUA,CONDOR,TRAVESSA PADRE EUTIQUIO,3980,-1.473988,-48.473074,BAR DO RIBA,1.0
DASAC,SACRAMENTA,PASSAGEM SANTO ANTONIO,409,-1.413066,-48.473148,DEPOSITO DE BEBIDAS,1.0
DAOUT,BRASILIA,TRAVESSA  SEM DENOMINACAO,0,-1.221432,-48.549594,RESTAURANTE DO NEGAO,1.0
DAICO,CRUZEIRO,ALAMEDA  COSTA E SILVA,795,-1.30224,-48.482221,BAR E LANCHONETE PINGOS,1.0
DAGUA,CANUDOS,TRAVESSA  TEOFILO CONDURU,411,-1.451591,-48.4612,RESTAURANTE,1.0
DABEN,BENGUI,RUA  AJAX DE OLIVEIRA,250,-1.377847,-48.462665,BAR,1.0
DAENT,MANGUEIRAO,RUA SARGENTO FAVARO,191,-1.381862,-48.457336,STEFANY RESTAURANTE,1.0
DABEN,BENGUI,PASSAGEM  AUGUSTO LOBATO,44,-1.37372,-48.457121,MERCEARIA E BAR,1.0
DAOUT,SAO JOAO DO OUTEIRO,AVENIDA NOSSA SENHORA DA CONCEICAO,86,-1.270358,-48.472966,RESTAURANTE DA PATY,1.0
DABEN,PARQUE VERDE,RODOVIA  AUGUSTO MONTENEGRO,0,-1.356684,-48.453501,VIA SHOW CASA DE SHOW,1.0
DAICO,CRUZEIRO,TRAVESSA SAO ROQUE,994,-1.300087,-48.480229,RESTAURANTE MARTINS,1.0
DAGUA,JURUNAS,AVENIDA  BERNARDO SAYAO,1172,-1.474106,-48.495901,CASA DE EVENTOS,1.0
DAENT,CURIO-UTINGA,AVENIDA  JOAO PAULO II,94,-1.430951,-48.450834,XEROX E BAR STOP BAR,1.0
DAGUA,MONTESE (TERRA FIRME),PASSAGEM  PRACINHA,88,-1.452414,-48.448687,BAR,1.0
DAENT,MARAMBAIA,AVENIDA  RODOLFO CHERMONT,1536,-1.395759,-48.453768,A CAFETERIA LANCHONETE,1.0
DAICO,CAMPINA DE ICOARACI,PASSAGEM  JOSE MIRANDA CASTELO BRANCO,16,-1.290532,-48.47283,BAR,1.0
DAGUA,CONDOR,BEIRA  DO RIO GUAMA,77,-1.491848,-48.474072,BAR,1.0
DAGUA,GUAMA,BEIRA  DO RIO GUAMA,0,-1.490036,-48.464638,RESTAURANTE OLARIA,1.0
DASAC,TELEGRAFO,RUA  NOVA,679,-1.425869,-48.477931,BAR E RESTAURANTE,1.0
DAMOS,SAO FRANCISCO,RUA  PREAMAR,247,-1.103489,-48.42021,BAR LENICE,1.0
DAENT,MARAMBAIA,RUA  DA MATA,3,-1.401524,-48.456942,DUMESTRE BAR,1.0
DAGUA,MONTESE (TERRA FIRME),RUA  LAURO SODRE,28,-1.454863,-48.45158,RESTAURANTE POPULAR,1.0
DASAC,PEDREIRA,RUA  NOVA,576,-1.426541,-48.478234,CHURRASCO,1.0
DAMOS,NATAL DO MURUBIRA,AVENIDA  BEIRA RIO DE DEUS,13,-1.131796,-48.443794,BAR DO WALTER,1.0
DABEL,MARCO,AVENIDA  ROMULO MAIORANA,1859,-1.431677,-48.459468,BOTECO CASA AMARELA,1.0
DABEL,CAMPINA,TRAVESSA  PRIMEIRO DE MARCO,578,-1.453108,-48.495911,BAR MIL TRECOS,1.0
DASAC,TELEGRAFO,AVENIDA  PEDRO ALVARES CABRAL,2099,-1.42735,-48.48966,CASA DE SHOW,1.0
DAGUA,JURUNAS,RUA SAO SILVESTRE,488,-1.471491,-48.487352,BAR,1.0
DAGUA,CREMACAO,AVENIDA  ALCINDO CACELA,3159,-1.465156,-48.476522,DEPOSITO DE BEBIDAS REAL,1.0
DAICO,AGUAS NEGRAS,PASSAGEM  OSCARINA D ARC,170,-1.30723,-48.453873,BAR DO LUIZ,1.0
DABEN,COQUEIRO,AVENIDA  NS 29,14,-1.332842,-48.433441,BAR DONA ZULEIDE,1.0
DAGUA,CONDOR,BEIRA  DO RIO GUAMA,0,-1.494253,-48.482951,RESTAURANTE COMBU NA CUIA,1.0
DABEN,TAPANA,RUA  QUATRO,1,-1.359124,-48.463127,BAR E MERCADINHO,4.0
DAENT,MANGUEIRAO,RUA  PRINCIPAL,18,-1.377194,-48.437387,BAR DOS APOSENTADOS,1.0
DAENT,UNIVERSITARIO,AVENIDA  PERIMETRAL,959,-1.455896,-48.445988,BAR DO ZE,1.0
DAOUT,AGUA BOA,AVENIDA  16 DE NOVEMBRO,0,-1.241742,-48.424887,BAR,1.0
DAGUA,CONDOR,BEIRA  DO RIO GUAMA,0,-1.491244,-48.470751,RESTAURANTE REMANSO DA ILHA,1.0
DAGUA,MONTESE (TERRA FIRME),PASSAGEM  VINTE E QUATRO DE DEZEMBRO,76,-1.453858,-48.45157,BARRICAS BAR,1.0
DABEN,TAPANA,PASSAGEM  SEM DENOMINACAO,11,-1.350204,-48.467234,PEIXARIA VIRGIENSE,1.0
DAMOS,SAO FRANCISCO,RUA  BEIRA RIO,0,-1.108943,-48.419329,DEPOSITO E VENDA DE BEBIDAS,1.0
DAMOS,SAO FRANCISCO,RUA  BEIRA RIO,0,-1.108979,-48.420371,BAR DA ILHA,1.0
DABEL,CIDADE VELHA,RUA  DO ARSENAL,101,-1.467682,-48.501538,RESTAURANTE,1.0
DAGUA,MONTESE (TERRA FIRME),PASSAGEM  GABRIEL PIMENTA,103,-1.46182,-48.453705,BAR,1.0
DAENT,MANGUEIRAO,RUA  PRINCIPAL,2,-1.377664,-48.438143,BAR,1.0
DABEL,CIDADE VELHA,PORTO  PALMEIRACO,0,-1.460105,-48.50573,BAR,1.0
DAGUA,CONDOR,BEIRA  DO RIO GUAMA,0,-1.491317,-48.472106,RESTAURANTE ARUNA,1.0
DAENT,MARAMBAIA,RUA  DA MATA,44,-1.401372,-48.458019,BAR E RESTAURANTE BOTECO DO TECO,1.0
DAGUA,MONTESE (TERRA FIRME),AVENIDA  PERIMETRAL,957,-1.456064,-48.445934,BENE RESTAURANTE,1.0
DABEN,PARQUE VERDE,RODOVIA  AUGUSTO MONTENEGRO,0,-1.356632,-48.453478,BOTECO DO ITALIANO,1.0
DAGUA,CONDOR,BEIRA  DO RIO GUAMA,91,-1.491284,-48.470445,BAR MALOCA DO MARQUINHO,1.0
DAGUA,MONTESE (TERRA FIRME),PASSAGEM  GABRIEL PIMENTA,122,-1.46178,-48.453621,BAR SEM NOME,1.0
DASAC,SACRAMENTA,PASSAGEM SANTO ANTONIO,427,-1.413209,-48.473066,BAR BOA IDEIA,1.0
DABEL,CIDADE VELHA,PORTO  BEIRADAO,27,-1.458549,-48.506389,BAR,1.0
DASAC,PEDREIRA,RUA  NOVA,1472,-1.419765,-48.473735,DEPOSITO DE BEBIDAS,1.0
DAGUA,JURUNAS,TRAVESSA  CARLOS DE CARVALHO,1573,-1.470132,-48.490533,DEPOSITO DE BEBIDAS DO JOAS,1.0
DAGUA,CONDOR,TRAVESSA PADRE EUTIQUIO,25,-1.475816,-48.47138,BAR,1.0
DAGUA,GUAMA,TRAVESSA PADRE EUTIQUIO,4189,-1.475387,-48.471176,BAR E BILHARITO,1.0
DABEN,TAPANA,TRAVESSA  HAROLDO VELOSO,194,-1.341181,-48.474203,BAHAMAS BAR,1.0
DABEL,BATISTA CAMPOS,TRAVESSA  RUI BARBOSA,2037,-1.459261,-48.486065,BRASILEIRINHO RESTAURANTE,1.0
DAGUA,CONDOR,BEIRA  DO RIO GUAMA,0,-1.492172,-48.474639,RESTAURANTE AMAZON RIVER,1.0
DAICO,CRUZEIRO,TRAVESSA SAO ROQUE,936,-1.300164,-48.480646,EXPRESSO BAR E CONVENIENCIA,1.0
DAENT,MANGUEIRAO,PASSAGEM  OSWALDO MOREIRA,48,-1.382379,-48.436473,BAR,1.0
DASAC,TELEGRAFO,RUA  FREDERICO SCHENEIPPE,33,-1.42842,-48.485844,RESTAURANTE,1.0
DAGUA,CONDOR,TRAVESSA PADRE EUTIQUIO,4232,-1.475109,-48.471631,DEPOSITO DE BEBIDAS E CARPINTARIA,1.0
DAICO,CAMPINA DE ICOARACI,PASSAGEM  DOS VETERANOS,244,-1.29884,-48.477122,BAR E MERCRARIA VARELA,1.0
DABEN,BENGUI,RUA  AJAX DE OLIVEIRA,145,-1.377866,-48.462711,DEPOSITO DE BEBIDAS,1.0
DAENT,MARAMBAIA,RUA  DA MATA,5,-1.401539,-48.456919,POINT DA TAPIOCA,1.0
DAGUA,MONTESE (TERRA FIRME),PASSAGEM  UNIVERSAL,9,-1.463154,-48.448006,CAFE DA MANHA SANTA CLARA DE ASSIS,1.0
DAGUA,GUAMA,PASSAGEM  CARAPARU,22,-1.462256,-48.463222,DEPOSITO DE BEBIDA,1.0
DASAC,TELEGRAFO,TRAVESSA CORONEL LUIS BENTES,668,-1.429958,-48.482722,BAR,1.0
DAGUA,GUAMA,TRAVESSA  TEOFILO CONDURU,932,-1.45608,-48.460832,CAPITAL LANCHES E RESTAURANTES,1.0
DABEL,CIDADE VELHA,PORTO  PALMEIRACO,0,-1.460104,-48.505676,BAR,1.0
DAGUA,CONDOR,TRAVESSA  DOS APINAGES,316,-1.471744,-48.478253,BAR,1.0
DAICO,CAMPINA DE ICOARACI,RUA  MOURA CARVALHO,62,-1.295436,-48.467406,CYBER CAFE,1.0
DAICO,CAMPINA DE ICOARACI,RUA  MOURA CARVALHO,82,-1.29523,-48.466464,BAR ARENA PUBI,1.0
DAICO,CAMPINA DE ICOARACI,RUA  MOURA CARVALHO,179,-1.29542,-48.467972,BAR,1.0
DAICO,CAMPINA DE ICOARACI,RUA  MOURA CARVALHO,258,-1.295467,-48.468715,BAR BOLA CHEIA,1.0
DAENT,CASTANHEIRA,ALAMEDA  MOCA BONITA,606,-1.404183,-48.424429,MARTINS RESTAURANTE,1.0
DABEN,PRATINHA,PASSAGEM  UNIAO,30,-1.374887,-48.483852,BAR DO CURICA,1.0
DAENT,MARAMBAIA,RUA  DA MATA,0,-1.40142,-48.454752,RESTAURANTE DONA LILI,4.0
DAENT,MARAMBAIA,RUA  DA MATA,0,-1.401445,-48.454766,BOTECO DA ROSE,4.0
DAENT,MARAMBAIA,RUA  DA MATA,4,-1.401437,-48.454749,RESTAURANTE DO JOAO,1.0
DAICO,CAMPINA DE ICOARACI,ESTRADA  VELHA DO OUTEIRO,1265,-1.29405,-48.468367,BAR DAS MORENAS,1.0
DAICO,CAMPINA DE ICOARACI,ESTRADA  VELHA DO OUTEIRO,1265,-1.294063,-48.468362,BAR,1.0
DAOUT,AGUA BOA,RUA  FORTALEZA,7,-1.241608,-48.449775,BAR DOS AMIGOS,1.0
DAOUT,AGUA BOA,RUA  FORTALEZA,5,-1.241491,-48.449843,BAR,1.0
DAMOS,VILA,RUA  QUINZE DE NOVEMBRO,1151,-1.161371,-48.468939,DEPOSITO DE BEBIDAS,1.0
DAGUA,GUAMA,RUA  PAULO CICERO,472,-1.469632,-48.471097,DEPOSITO DE BEBIDAS OLIVER BEER,1.0
DABEL,NAZARE,AVENIDA GOVERNADOR JOSE MALCHER,669,-1.451314,-48.487586,AMAZON RESTAURANTE,1.0
DABEL,MARCO,TRAVESSA  ANGUSTURA,2815,-1.431135,-48.461925,RESTAURANTE,1.0
DAENT,CASTANHEIRA,AVENIDA  TAVARES BASTOS,416,-1.409161,-48.44483,RESTAURANTE CHAPA GRILL,1.0
DAENT,CASTANHEIRA,AVENIDA  TAVARES BASTOS,402,-1.409247,-48.444796,RESTAURANTE RAIO DE SOL,1.0
DAGUA,GUAMA,TRAVESSA  EZERIEL MONICO DE MATOS,49,-1.466449,-48.462209,RESTAURANTE,1.0
DABEN,TAPANA,RUA  VINTE E OITO DE SETEMBRO,3,-1.338387,-48.459374,BAR,1.0
DAGUA,MONTESE (TERRA FIRME),PASSAGEM NOSSA SENHORA DAS GRACAS,437,-1.456568,-48.454052,DEPOSITO DE GRADES DE BEBIDAS,1.0
DAOUT,SAO JOAO DO OUTEIRO,ESTRADA  DO POCAO,0,-1.22008,-48.523607,BAR MEU PARAISO,1.0
DAOUT,SAO JOAO DO OUTEIRO,ESTRADA  DO POCAO,0,-1.218389,-48.523603,BAR DO ZEQUINHA,1.0
DAMOS,BAIA DO SOL,ESTRADA  DA BAIA DO SOL,373,-1.06562,-48.337184,BAR E DEPOSITO COPO GELADO,1.0
DABEL,SAO BRAS,RUA  DEODORO DE MENDONCA,324,-1.4505,-48.466771,RESTAURANTE,1.0
DABEL,SAO BRAS,RUA  DEODORO DE MENDONCA,362,-1.450084,-48.466528,RESTAURANTE SABOR SALINENSE,1.0
DABEN,SAO CLEMENTE,RUA SAO CLEMENTE,330,-1.360927,-48.465302,BAR,1.0
DAGUA,GUAMA,TRAVESSA  FRANCISCO CALDEIRA CASTELO BRANCO,1554,-1.456537,-48.470775,RESTAURANTE,1.0
DAENT,MARAMBAIA,TRAVESSA  SEM DENOMINACAO 6,120,-1.400938,-48.438916,DEPOSITO DE BEBIDAS,1.0
DAENT,MARAMBAIA,RUA  WE 2,341,-1.400428,-48.436385,BAR,1.0
DAMOS,FAROL,RUA  BEIRA RIO,0,-1.133379,-48.459302,RESTAURANTE BOTECO OLD CITY,1.0
DAMOS,FAROL,RUA  BEIRA RIO,0,-1.133607,-48.460124,DEPOSITOS DE BEBIDAS,1.0
DAGUA,GUAMA,PASSAGEM  LAURO PESSOA,220,-1.464009,-48.455318,BAR,1.0
DABEN,SAO CLEMENTE,PASSAGEM  JOHN ENGELHARD,33,-1.361201,-48.466844,RESTAURANTE,1.0
DABEN,COQUEIRO,RUA  DOS COMERCIARIOS,290,-1.341791,-48.45067,ERCILIAS BAR,1.0
DAGUA,JURUNAS,RUA  OSVALDO DE CALDAS BRITO,412,-1.468944,-48.49929,DEPOSITO DE BEBIDAS GIL,1.0
DAGUA,JURUNAS,RUA  OSVALDO DE CALDAS BRITO,470,-1.468494,-48.499022,BAR DE APOSTAS ESPORTIVAS,1.0
DAGUA,JURUNAS,RUA  OSVALDO DE CALDAS BRITO,454,-1.468648,-48.499111,CHURRASCO,1.0
DASAC,PEDREIRA,AVENIDA MARQUES DE HERVAL,2253,-1.422179,-48.464623,RESTAURANTE DOM THONY,1.0
DAICO,CRUZEIRO,RUA  MANOEL BARATA,880,-1.302393,-48.487509,RESTAURANTE WANDER GRILL,1.0
DAENT,CASTANHEIRA,RUA  SOL NASCENTE,2,-1.403345,-48.426201,DEPOSITO DE BEBIDAS,1.0
DABEL,MARCO,TRAVESSA BARAO DO TRIUNFO,2885,-1.433012,-48.461863,BAR DO TOME,1.0
DAENT,CASTANHEIRA,RUA  ALVARO ADOLFO,80,-1.402558,-48.433814,RESTAURANTE,1.0
DAENT,CASTANHEIRA,RUA  ALVARO ADOLFO,0,-1.4026,-48.434494,RESTAURANTE,1.0
DAGUA,JURUNAS,PASSAGEM SAO MIGUEL,20,-1.475459,-48.491799,RESTAURANTE SABOR CASEIRO,1.0
DABEN,SAO CLEMENTE,PASSAGEM  JOHN ENGELHARD,23,-1.361329,-48.467411,DRINKS BAR,1.0
DABEN,SAO CLEMENTE,PASSAGEM  JOHN ENGELHARD,22,-1.36126,-48.46726,VENDA DE CHURRASCO,1.0
DASAC,MARACANGALHA,TRAVESSA  RIO XINGU,10,-1.40361,-48.479619,SPORTE BAR,1.0
DAGUA,GUAMA,RUA  SILVA CASTRO,210,-1.464858,-48.465708,BAR E RESTAURANTE ESTACAO SABOR,1.0
DABEN,PARQUE VERDE,TRAVESSA  WE 9,119,-1.3681,-48.438882,BAR,1.0
DAICO,CRUZEIRO,RUA  MAGALHAES BARATA,203,-1.265215,-48.555942,BAR,1.0
DAGUA,MONTESE (TERRA FIRME),PASSAGEM NOSSA SENHORA DAS GRACAS,437,-1.456555,-48.454068,DEPOSITO DE GRADES DE BEBIDAD,1.0
DAGUA,CANUDOS,TRAVESSA  JUVENAL CORDEIRO,124,-1.450011,-48.457796,DEPOSITO DE BEBIDAS,1.0
DAMOS,FAROL,RUA  BEIRA RIO,156,-1.133566,-48.45989,RESTAURANTE CHEGA MAIS,1.0
DAICO,CRUZEIRO,RUA  MAGALHAES BARATA,0,-1.26464,-48.555812,DEPOSITO DE BEBIDAS CERPA,1.0
DABEL,CAMPINA,RUA SENADOR MANOEL BARATA,928,-1.449545,-48.496168,BAR MEU GAROTO,1.0
DAMOS,BAIA DO SOL,RUA  PARQUE SEVERINO,10,-1.073181,-48.330447,BAR DO JACARE,1.0
DAICO,CAMPINA DE ICOARACI,RUA MONSENHOR JOSE MARIA AZEVEDO,708,-1.294744,-48.472754,RESTAURANTE,1.0
DAGUA,CONDOR,AVENIDA  BERNARDO SAYAO,3411,-1.475523,-48.476038,DEPOSITO BEBIDAS,1.0
DAICO,CRUZEIRO,TRAVESSA  PIMENTA BUENO,1125,-1.296086,-48.480294,CONSAGRADOS BAR,1.0
DAGUA,CREMACAO,TRAVESSA  QUATORZE DE MARCO,2705,-1.461881,-48.480363,RESTAURANTE,1.0
DAMOS,FAROL,RUA  BEIRA RIO,185,-1.133533,-48.460078,BAR,1.0
DABEL,SAO BRAS,AVENIDA  GENTIL BITTENCOURT,2205,-1.454668,-48.472713,2 POR 2 ESPETOS BAR,1.0
DABEL,NAZARE,AVENIDA  GENTIL BITTENCOURT,1002,-1.455308,-48.483366,TEMPERO SECRETO CAFE E RESTAURANTE,1.0
DAGUA,CANUDOS,TRAVESSA  TEOFILO CODURU,804,-1.455007,-48.460708,DEPOSITO DE BEBIDA,1.0
DABEN,COQUEIRO,ALAMEDA  ONZE,19,-1.333075,-48.443582,RESTAURANTE,1.0
DAENT,MARAMBAIA,RUA  DA MATA,0,-1.401485,-48.454755,BAR E LANCHONETE BATISTA,4.0
DAGUA,MONTESE (TERRA FIRME),PASSAGEM  UNIAO DE TODOS,14,-1.445771,-48.450233,BAR DO MIMI,1.0
DAMOS,VILA,RUA  QUINZE DE NOVEMBRO,52,-1.161562,-48.468892,TAPIOCARIA,1.0
DAENT,AGUAS LINDAS,AVENIDA  OSVALDO ORLANDO COSTA,0,-1.406654,-48.397126,RESTAURANTE,1.0
DAOUT,SAO JOAO DO OUTEIRO,ESTRADA  DO POCAO,0,-1.215467,-48.538449,BACURI BAR,1.0
DABEL,CAMPINA,RUA SENADOR MANOEL BARATA,449,-1.452466,-48.499323,BAR SANTIAGO,1.0
DAGUA,JURUNAS,RUA  OSVALDO DE CALDAS BRITO,382,-1.469067,-48.499427,MARAJO BAR E EVENTOS,1.0
DABEL,CIDADE VELHA,RUA  DO ARSENAL,36,-1.466899,-48.502234,RESTAURANTE,1.0
DAICO,CAMPINA DE ICOARACI,PASSAGEM  DOS INOCENTES,45,-1.291695,-48.470412,BAR,1.0
DAICO,PONTA GROSSA,RUA PADRE JULIO MARIA,1557,-1.30741,-48.484886,BAR DO SUPER,1.0
DAICO,CAMPINA DE ICOARACI,RUA  OITO DE MAIO,13,-1.299143,-48.46944,M9 DEPOSITO DE BEBIDAS,1.0
DAICO,CAMPINA DE ICOARACI,RUA  MOURA CARVALHO,60,-1.295391,-48.46743,DEPOSITO DE BEBIDA,1.0
DAENT,MARAMBAIA,RUA  DA MATA,0,-1.401422,-48.454782,BAR DA REGIANE,4.0
DAENT,MANGUEIRAO,AVENIDA MAJOR AVIADOR SEDA,0,-1.383073,-48.4555,TAPIOCARIA,1.0
DASAC,SACRAMENTA,TRAVESSA  MAURITI,20,-1.421818,-48.481221,BOTECO SAO RAIMUNDO,1.0
DAOUT,BRASILIA,AVENIDA  DA ESPERANCA,877,-1.277056,-48.474462,BAR,1.0
DABEL,MARCO,TRAVESSA  TIMBO,1907,-1.434555,-48.467717,RESTAURANTE DEGUST,1.0
DAICO,CRUZEIRO,RUA  QUINZE DE AGOSTO,20,-1.294984,-48.483788,BAR,1.0
DAENT,CURIO-UTINGA,PASSAGEM  TORRES,10,-1.431694,-48.448303,RESTAURANTE GAMALIEL,1.0
DAGUA,GUAMA,PASSAGEM  JI PARANA,45,-1.466815,-48.456667,BAR,1.0
DAICO,CRUZEIRO,RUA  MAGALHAES BARATA,110,-1.265061,-48.555893,BAR,1.0
DASAC,MARACANGALHA,AVENIDA  SUL,192,-1.400158,-48.481284,PONTO DO CHURRASCO,1.0
DAMOS,BAIA DO SOL,ESTRADA  DA BAIA DO SOL,367,-1.06579,-48.337883,RESTAURANTE BOAS NOVAS,1.0
DABEL,MARCO,TRAVESSA  TIMBO,1901,-1.434693,-48.467695,RESTAURANTE DEGUST,1.0
DAGUA,JURUNAS,RUA  OSVALDO DE CALDAS BRITO,300,-1.469779,-48.499929,BAR,1.0
DAMOS,CARANANDUBA,ALAMEDA  PEDRO CAETANO,0,-1.102894,-48.405938,BAR,1.0
DAMOS,VILA,RUA  QUINZE DE NOVEMBRO,0,-1.160683,-48.469014,BAR,1.0
DASAC,BARREIRO,PASSAGEM  MIRANDINHA,252,-1.415513,-48.484533,BAR DOS AMIGOS,1.0
DASAC,BARREIRO,PASSAGEM  MIRANDINHA,245,-1.415517,-48.484725,BAR POINT DA MIRANDINHA,1.0
DAGUA,CREMACAO,AVENIDA GENERALISSIMO DEODORO,2011,-1.458852,-48.482649,BAR E RESTAURANTE,1.0
DABEL,SAO BRAS,AVENIDA GOVERNADOR JOSE MALCHER,2568,-1.448447,-48.47067,RESTAURANTE TOK PARAENSE,1.0
DAGUA,JURUNAS,AVENIDA  BERNARDO SAYAO,0,-1.476161,-48.492557,BAR,1.0
DABEL,MARCO,TRAVESSA  TIMBO,2264,-1.436531,-48.464869,BAR,1.0
DAGUA,CREMACAO,AVENIDA GENERALISSIMO DEODORO,1987,-1.45857,-48.482629,RESTAURANTE,1.0
DABEL,MARCO,TRAVESSA  MARIZ E BARROS,2120,-1.434344,-48.465439,RESTAURANTE,1.0
DABEL,MARCO,TRAVESSA  MARIZ E BARROS,2122,-1.434218,-48.465337,CHURRASCARIA ESTRELAS,1.0
DABEL,NAZARE,AVENIDA GOVERNADOR JOSE MALCHER,794,-1.450969,-48.486477,RESTAURANTE GARAGEM,1.0
DAOUT,SAO JOAO DO OUTEIRO,RUA  NOVA REPUBLICA,13,-1.266689,-48.456686,BAR DA ANE,1.0
DABEL,MARCO,TRAVESSA  VILETA,1640,-1.435303,-48.469173,DEPOSITO DE BEBIDAS,1.0
DABEL,MARCO,TRAVESSA  VILETA,1684,-1.43547,-48.469068,BAR,1.0
DAICO,CAMPINA DE ICOARACI,RUA MONSENHOR JOSE MARIA AZEVEDO,0,-1.294662,-48.472258,CASTANHEIRA BAR,1.0
DABEN,COQUEIRO,AVENIDA SAO PEDRO,8,-1.353837,-48.437445,CHURRASCARIA E RESTAURENTE BERRO,1.0
DAGUA,GUAMA,PASSAGEM  CARAPARU,398,-1.461834,-48.461905,COMERCIO E BAR,1.0
DABEL,UMARIZAL,TRAVESSA  JOSE PIO,484,-1.433107,-48.487345,RESTAURANTE,1.0
DABEL,NAZARE,AVENIDA  GENTIL BITTENCOURT,1096,-1.455415,-48.482738,RESTAURANTE JIRAYA SUSHI EXPRESS,1.0
DABEL,SAO BRAS,AVENIDA  GENTIL BITTENCOURT,2370,-1.454643,-48.471094,BAR,1.0
DABEL,SAO BRAS,AVENIDA  GENTIL BITTENCOURT,2404,-1.45458,-48.470829,RESTAURANTE,1.0
DAGUA,JURUNAS,ALAMEDA  GONCALO DUARTE,25,-1.466873,-48.493428,BAR,1.0
DAICO,CRUZEIRO,AVENIDA PADRE JULIO MARIA,704,-1.29992,-48.485647,BAR,1.0
DASAC,BARREIRO,PASSAGEM  MIRANDINHA,317,-1.415483,-48.484995,PADARIA BARAO DO PAO E CAFE,1.0
DAICO,PONTA GROSSA,RUA  QUINZE DE AGOSTO,366,-1.311694,-48.482936,BAR DO BOLAO,1.0
DAICO,PARQUE GUAJARA,RUA  ACAILANDIA,2,-1.336702,-48.45693,BAR,1.0
DASAC,PEDREIRA,RUA  ANTONIO EVERDOSA,1583,-1.423259,-48.472892,RESTAURANTE,1.0
DAGUA,GUAMA,TRAVESSA SAO CRISTOVAO,1054,-1.467733,-48.471469,BAR SEM NOME,1.0
DABEL,MARCO,AVENIDA  ROMULO MAIORANA,2251,-1.428919,-48.457493,CAFE DO BOSQUE,1.0
DAGUA,CONDOR,RUA  GAIAPOS,0,-1.474277,-48.478214,BAR DEPOSITO E CONVENIENCIA 5 ESTRELAS,1.0
DAGUA,CONDOR,PASSAGEM  MUCAJAS,381,-1.467507,-48.475237,BAR,4.0
DAENT,CASTANHEIRA,PASSAGEM  GREMIO RODOVIARIO,26,-1.406119,-48.43218,ENI RESTAURANTE E RECEPCAO,1.0
DASAC,BARREIRO,PASSAGEM  MIRAMAR,226,-1.417584,-48.490205,BAR E RESTAURANTE DO ALDO,1.0
DABEL,CIDADE VELHA,AVENIDA ALMIRANTE TAMANDARE,588,-1.459319,-48.499809,BAR PIMENTEL,1.0
DABEN,SAO CLEMENTE,TRAVESSA  ONZE DE FEVEREIRO,19,-1.36475,-48.466283,BAR,1.0
DAICO,CRUZEIRO,TRAVESSA  PIMENTA BUENO,205,-1.296475,-48.488605,RESTAURANTE KI ESPETO,1.0
DAICO,CAMPINA DE ICOARACI,PASSAGEM  BOM JESUS,172,-1.298592,-48.473336,DEPOSITO DE BEBIDAS,1.0
DABEN,BENGUI,RUA  AJAX DE OLIVEIRA,137,-1.376202,-48.455135,RESTAURANTE,1.0
DABEN,BENGUI,RUA  AJAX DE OLIVEIRA,303,-1.376297,-48.455097,DEPOSITO DE BEBIDAS TONINHO E COMPANHIA,1.0
DABEN,BENGUI,RUA  AJAX DE OLIVEIRA,49,-1.376221,-48.451612,BAR E MERCEARIA,1.0
DAGUA,GUAMA,AVENIDA  JOSE BONIFACIO,1101,-1.456147,-48.468762,BAR E LANCHONETE,1.0
DASAC,SACRAMENTA,RUA SAO JOSE,176,-1.414038,-48.479674,BAR DOS CARBORETOS,1.0
DAICO,CRUZEIRO,TRAVESSA  DO CRUZEIRO,364,-1.294012,-48.486722,RESTAURANTE CARVALHO,1.0
DAGUA,GUAMA,AVENIDA  JOSE BONIFACIO,1113,-1.456361,-48.468893,AMOR E ART CESTAS DE CAFE,1.0
DAICO,MARACACUERA,JARDIM  PASSAREMO,28,-1.288962,-48.457399,BAR DA ROSE,1.0
DABEL,CIDADE VELHA,RUA  CESARIO ALVIM,365,-1.466943,-48.500571,MERCIARIA E BAR,1.0
DABEL,SAO BRAS,AVENIDA  GENTIL BITTENCOURT,2380,-1.454691,-48.470963,BAR,1.0
DABEL,MARCO,AVENIDA  ROMULO MAIORANA,2341,-1.427959,-48.456942,RESTAURANTE,1.0
DABEN,PARQUE VERDE,RUA  JOSE CUSTODIO DE ALMEIDA,14,-1.364678,-48.450628,BAR,1.0
DAICO,CRUZEIRO,TRAVESSA  PIMENTA BUENO,205,-1.296542,-48.488765,CASARAO CLUBE DA SINUCA,1.0
DABEL,SAO BRAS,AVENIDA GOVERNADOR JOSE MALCHER,0,-1.448334,-48.470497,RESTAURANTE,1.0
DAGUA,JURUNAS,AVENIDA  ROBERTO CAMELIER,580,-1.466093,-48.490406,RESTAURANTE ACAI D ARENA,1.0
DABEN,BENGUI,PASSAGEM NOSSA SENHORA DAS GRACAS,0,-1.37742,-48.449763,BAR,1.0
DAENT,MARAMBAIA,PASSAGEM SAO FRANCISCO,253,-1.405606,-48.445065,DEPOSITO DE BEBIDAS PIT BULL,1.0
DAICO,TENONE,PASSAGEM  SEXTA LINHA,5,-1.322002,-48.435991,RESTAURANTE MAYLON,1.0
DAMOS,BAIA DO SOL,RUA  BEIRA RIO,31,-1.062457,-48.341412,BAR DO GENESIO,1.0
DAGUA,JURUNAS,TRAVESSA  HONORIO JOSE DOS SANTOS,804,-1.468887,-48.489817,BAR DO PAPAO,1.0
DABEN,TAPANA,RODOVIA  DO TAPANA,177,-1.337958,-48.468286,BAR,1.0
DAICO,MARACACUERA,RUA  ELCIONE BARBALHO,146,-1.284768,-48.459598,BAR E MERCEARIA AGEMIRO,4.0
DABEN,TAPANA,RODOVIA  DO TAPANA,178,-1.338248,-48.468289,POINT DO CHURRASCO,1.0
DAENT,CASTANHEIRA,RUA  JOSE ASSEGAWA,12,-1.407169,-48.426466,TUTTYS RESTAURANTE E RECEPCOES,1.0
DAICO,CRUZEIRO,TRAVESSA  DO CRUZEIRO,332,-1.294051,-48.486985,RESTAURANTE MAIA,1.0
DAMOS,VILA,RUA  QUINZE DE NOVEMBRO,0,-1.160642,-48.468877,ANTIGO BAR,1.0
DASAC,BARREIRO,PASSAGEM  MIRANDINHA,292,-1.415502,-48.484553,BAR CLUBE DA SAUDADE,1.0
DAMOS,SAO FRANCISCO,PASSAGEM  RECREIO DOS SAMBAIBAS,0,-1.108027,-48.422765,BAR,1.0
DAICO,CAMPINA DE ICOARACI,RUA MONSENHOR JOSE MARIA AZEVEDO,812,-1.294711,-48.471793,BAR PARADA OBRIGADORIA,1.0
DASAC,MARACANGALHA,AVENIDA  SUL,351,-1.400168,-48.477004,PEIXARIA DO LUCIO,1.0
DAGUA,CONDOR,TRAVESSA PADRE EUTIQUIO,0,-1.471323,-48.476615,DEPOSITO DE BEBIDAS,1.0
DAICO,CRUZEIRO,RUA  DOIS DE DEZEMBRO,1170,-1.300627,-48.478025,BAR,1.0
DASAC,PEDREIRA,RUA  ANTONIO EVERDOSA,537,-1.431416,-48.47815,RESTAURANTE E HAMBURGUERIA,1.0
DAICO,CAMPINA DE ICOARACI,TRAVESSA  L CINCO,208,-1.297131,-48.464444,CASA DE EVENTOS,1.0
DABEL,MARCO,TRAVESSA  MARIZ E BARROS,2078,-1.434028,-48.46576,RESTAURANTE CARANGUEIJO DO GATINHO,1.0
DAMOS,BAIA DO SOL,RUA  CONCEICAO,0,-1.065242,-48.353126,BAR,1.0
DAGUA,MONTESE (TERRA FIRME),RUA  SAMAUMEIRA,199,-1.463925,-48.452071,DEPOSITO DE BEBIDAS,1.0
DAICO,MARACACUERA,RUA  SEM DENOMINACAO,0,-1.300887,-48.452998,BAR DO WALDIR,1.0
DAICO,CRUZEIRO,RUA  QUINZE DE AGOSTO,640,-1.299202,-48.483606,RESTAURANTE MAIS SABORVL,1.0
DABEN,SAO CLEMENTE,ESTRADA  YAMADA,10,-1.368505,-48.458483,BAR DA AMIZADE,1.0
DABEN,COQUEIRO,AVENIDA  ARIRI,60,-1.357026,-48.439027,DEPOSITO DE BEBIDAS AMBEL,1.0
DAENT,CASTANHEIRA,RUA  PERICLES GUEDES DE OLIVEIRA,50,-1.402115,-48.431689,BRECHO E BAR,1.0
DABEN,COQUEIRO,AVENIDA  PENTECOSTAL,0,-1.345837,-48.44947,PEIXARIA DO ZE,1.0
DAGUA,GUAMA,AVENIDA  BERNARDO SAYAO,4588,-1.475227,-48.466001,DEPOSITO DE BEBIDAS,1.0
DABEN,COQUEIRO,ALAMEDA  NS 15,75,-1.330724,-48.44169,BAR,1.0
DABEL,CAMPINA,RUA  O DE ALMEIDA,599,-1.450164,-48.495712,BAR,1.0
DABEN,COQUEIRO,RUA  PRINCIPAL,109,-1.329766,-48.434694,PONTO DA CERVEJA DEPOSITO DE BEBIDAS,1.0
DAENT,MARAMBAIA,AVENIDA  RODOLFO CHERMONT,0,-1.404703,-48.453207,RESTAURANTE,1.0
DAGUA,CANUDOS,TRAVESSA  NINA RIBEIRO,317,-1.451701,-48.464097,RESTAURANTE EGUA DO PRATO,1.0
DAICO,CAMPINA DE ICOARACI,RUA MONSENHOR JOSE MARIA AZEVEDO,297,-1.295004,-48.4754,PONTO DE JOGO DO BICHO BAR DO DIEL,1.0
DAOUT,AGUA BOA,RUA  DAS PALMEIRAS,0,-1.245213,-48.452131,BOTECO PEREIRAO,1.0
DAMOS,SAO FRANCISCO,PASSAGEM SAO FRANCISCO,273,-1.110322,-48.41424,BAR DA BA,1.0
DASAC,PEDREIRA,AVENIDA MARQUES DE HERVAL,1260,-1.42961,-48.469096,CAFE D MARIA,1.0
DASAC,TELEGRAFO,PASSAGEM  NENA BARRETO,107,-1.431644,-48.482149,BAR,1.0
DABEN,TAPANA,RUA PRESIDENTE CASTELLO BRANCO,0,-1.331305,-48.475338,BAR E CONVENIENCIA,1.0
DAGUA,CREMACAO,RUA  DOS PARIQUIS,3447,-1.458999,-48.473712,BAR E RESTAURANTE,1.0
DAGUA,GUAMA,RUA  AUGUSTO CORREA,627,-1.470383,-48.458749,RESTAURANTE,1.0
DAGUA,CONDOR,RUA  NOVA I,82,-1.473129,-48.482919,DEPOSITO DE BEBIDAS,1.0
DAGUA,CONDOR,RUA  NOVA I,137,-1.472762,-48.48258,BAR DO MEDEIROS,1.0
DASAC,MARACANGALHA,AVENIDA  CONTORNO LESTE,25,-1.399701,-48.476135,RESTAURANTE,1.0
DASAC,MARACANGALHA,AVENIDA  SUL,0,-1.400103,-48.480245,VENDA DE CHURRASCO,1.0
DAGUA,CONDOR,AVENIDA  ALCINDO CACELA,4197,-1.475135,-48.475661,CAFETERIA E LANCHONETE,1.0
DAGUA,CONDOR,AVENIDA  ALCINDO CACELA,4199,-1.47527,-48.475716,MERCEARIA E BAR,1.0
DAICO,PARQUE GUAJARA,RUA  DEZESSETE DE ABRIL,25,-1.314438,-48.462922,DEPOSITO DE BEBIDAS,1.0
DABEL,BATISTA CAMPOS,RUA  DOS PARIQUIS,1721,-1.461381,-48.488195,KATANA SUSHI BAR,1.0
DAOUT,BRASILIA,RUA DOUTOR UBIRAJARA FILHO,0,-1.273192,-48.481042,ACT BAR E RESTAURANTE,1.0
DAOUT,BRASILIA,RUA DOUTOR UBIRAJARA FILHO,0,-1.272482,-48.480362,BAR SEM DENOMINACAO,1.0
DAICO,CRUZEIRO,RUA  DO FAROL,383,-1.266629,-48.563103,BAR E RESTAURANTE BELOBHORIZONTE,1.0
DAMOS,MARACAJA,TRAVESSA  TIRADENTES,102,-1.166422,-48.459895,BAR O CALHAMBEQUE,1.0
DABEL,CIDADE VELHA,TRAVESSA  MONTE ALEGRE,366,-1.464013,-48.500469,DEPOSITO DE BEBIDAS,1.0
DAENT,CURIO-UTINGA,RUA  OSVALDO CRUZ,1437,-1.410417,-48.397486,BAR,1.0
DAGUA,MONTESE (TERRA FIRME),PASSAGEM  TRINDADE,15,-1.459489,-48.454166,CHURRASCARIA DO GAVIAO,1.0
DAMOS,BONFIM,RODOVIA ENGENHEIRO AUGUSTO MEIRA FILHO,0,-1.175425,-48.328621,BOTECO DO LOURO,1.0
DABEL,MARCO,TRAVESSA  CURUZU,441,-1.442357,-48.466855,BAR E RESTAURANTE,1.0
DAICO,PARQUE GUAJARA,RUA  JOAO CANUTO,18,-1.314866,-48.461112,DEPOSITO DE BEBIDAS,1.0
DAMOS,MARACAJA,COMUNIDADE  CARUARU,0,-1.16642,-48.419384,RESTAURANTE PORTAL DO CARUARU,2.0
DABEN,CABANAGEM,RUA  VAL DE CANS,218,-1.369075,-48.433967,BAR RECANTO BOEMIO,1.0
DAENT,CURIO-UTINGA,AVENIDA  JOAO PAULO II,3165,-1.43103,-48.45125,COMERCIO DE BEBIDAS E RESTAURANTE,1.0
DABEN,PARQUE VERDE,TRAVESSA  WE 7,25,-1.36848,-48.439937,ANEXO BAR,1.0
DAICO,PARACURI,RUA  MENINO JESUS,19,-1.320847,-48.484842,BAR,1.0
DABEN,COQUEIRO,ALAMEDA  TIAGO,2,-1.366957,-48.427762,BAR MERCANTIL LEM GENEROS ALIMENTICIO,1.0
DAGUA,GUAMA,PASSAGEM  GUERRA PASSOS,22,-1.460794,-48.461775,BAR SANCHES,1.0
DAGUA,GUAMA,PASSAGEM  JOAO DE DEUS,11,-1.467833,-48.465629,BAR ESQUINA BAR,1.0
DAICO,CRUZEIRO,RUA PADRE JULIO MARIA,882,-1.301475,-48.485576,BAR E LANCHONETE NA TOKA,1.0
DAGUA,GUAMA,RUA BARAO DE IGARAPE MIRI,1,-1.467581,-48.454187,BAR DA DEISE,1.0
DABEN,COQUEIRO,ALAMEDA  TIAGO,3,-1.36689,-48.427819,BAR E MERCANTIL LEM,1.0
DAICO,CAMPINA DE ICOARACI,RUA MONSENHOR JOSE MARIA AZEVEDO,490,-1.294944,-48.474662,RESTAURANTE MEGA SABOR,1.0
DABEN,COQUEIRO,AVENIDA  PENTECOSTAL,55,-1.345633,-48.449527,RESTAURANTE LS,1.0
DAMOS,CARUARA,ESTRADA  DO CARUARA,32,-1.088769,-48.397182,VENDA DE CAFE E ALMOCO EM GERAL,1.0
DABEN,COQUEIRO,PASSAGEM SANTA PAZ,100,-1.357675,-48.431183,BAR,1.0
DABEN,TAPANA,ILHA  VERDE,47,-1.354468,-48.46965,ESQUINA BAR,1.0
DAOUT,BRASILIA,RUA DOUTOR UBIRAJARA FILHO,0,-1.273467,-48.481282,BAR SEM DENOMINACAO,1.0
DAOUT,SAO JOAO DO OUTEIRO,RUA  BEIRA RIO,76,-1.254317,-48.464841,DEPOSITO DE BEBIDAS,1.0
DAGUA,GUAMA,RUA  AUGUSTO CORREA,908,-1.467827,-48.45839,BAR,1.0
DABEN,COQUEIRO,ALAMEDA  TIAGO,27,-1.366239,-48.428759,BAR DO GORDO,1.0
DAENT,CURIO-UTINGA,AVENIDA  JOAO PAULO II,3165,-1.430997,-48.451278,RESTAURANTE CASA DA SOPA,1.0
DAMOS,BAIA DO SOL,PASSAGEM  CARIAZAL,101,-1.064646,-48.33841,BAR PINGA AI,1.0
DAICO,CRUZEIRO,RUA PADRE JULIO MARIA,0,-1.301364,-48.485581,RESTAURANTE DGUSTE,1.0
DABEL,SAO BRAS,TRAVESSA  QUATORZE DE ABRIL,809,-1.446788,-48.47273,RESTAURANTE MC BRUNO,1.0
DAGUA,CONDOR,RUA  NOVA I,222,-1.473683,-48.483387,CONVENIENCIA DEPOSITO DE BEBIDAD,1.0
DAOUT,BRASILIA,RUA DOUTOR UBIRAJARA FILHO,0,-1.273297,-48.481167,IRACEMA BAR,1.0
DASAC,MARACANGALHA,RUA  RIO AMAZONAS,1,-1.401371,-48.480543,BAR,1.0
DAOUT,SAO JOAO DO OUTEIRO,RUA  BEIRA RIO,0,-1.254197,-48.464777,ENOVACOES BAR,1.0
DABEL,MARCO,TRAVESSA  CURUZU,441,-1.442383,-48.466843,BAR E RESTAURANTE,1.0
DAENT,MARAMBAIA,RUA  DA MATA,7,-1.401488,-48.455205,RESTAURANTE SABOR DO PARA,1.0
DASAC,PEDREIRA,AVENIDA MARQUES DE HERVAL,1170,-1.430336,-48.469611,SILVOS BAR,1.0
DABEL,MARCO,TRAVESSA  CURUZU,441,-1.442357,-48.466855,RESTAURANTE,1.0
DAENT,CURIO-UTINGA,AVENIDA  JOAO PAULO II,3165,-1.431004,-48.451274,RESTAURANTE E LANCHNETE,1.0
DAICO,PARQUE GUAJARA,RUA  DEZESSETE DE ABRIL,13,-1.314424,-48.462971,VENDA DE CHURRASCO,1.0
DASAC,MARACANGALHA,PASSAGEM  ASSEMBLEIA,94,-1.404967,-48.474009,BAR,1.0
DAICO,TENONE,TRAVESSA  WE DOIS,0,-1.321898,-48.432875,L E G CONVENIENCIA LANCHONETE E RESTAURANTE,1.0
DAGUA,CONDOR,AVENIDA  ALCINDO CACELA,4213,-1.475359,-48.475834,BAR,1.0
DAGUA,JURUNAS,TRAVESSA  HONORIO JOSE DOS SANTOS,256,-1.465295,-48.494361,RESTAURANTE SABOR CASEIRO,1.0
DABEL,SAO BRAS,AVENIDA  JOSE BONIFACIO,914,-1.455001,-48.468905,BAR DO CEARA,1.0
DABEL,CIDADE VELHA,RUA  ANGELO CUSTODIO,0,-1.462127,-48.498335,CAFE NEIVA,1.0
DABEL,SAO BRAS,AVENIDA CONSELHEIRO FURTADO,2464,-1.456433,-48.476472,BOAZ BAR E RESTAURANTE,1.0
DAICO,CRUZEIRO,RUA SANTA IZABEL,405,-1.294596,-48.479882,BAR DO RAIMUNDO,1.0
DASAC,PEDREIRA,TRAVESSA  MARIZ E BARROS,1049,-1.428928,-48.473384,RESTAURANTE,1.0
DAGUA,CONDOR,TRAVESSA  NOVE DE JANEIRO,0,-1.471285,-48.474741,RESTAURANTE,1.0
DAENT,GUANABARA,PASSAGEM  MARIA DA PAZ,3,-1.407157,-48.410544,BAR E MERCEARIA,1.0
DABEL,BATISTA CAMPOS,RUA  DOS PARIQUIS,1981,-1.461496,-48.488309,RESTAURANTE TAPIOQUINHA DE MOSQUEIRO,1.0
DAICO,CRUZEIRO,RUA PADRE JULIO MARIA,860,-1.301466,-48.485634,BOTECO DA PRACA,1.0
DASAC,BARREIRO,PASSAGEM  MIRANDINHA,251,-1.41535,-48.483988,BAR,1.0
DASAC,TELEGRAFO,PASSAGEM  PRAIANA,0,-1.429521,-48.49168,BAR,1.0
DAICO,CAMPINA DE ICOARACI,PASSAGEM  PASSARELA,0,-1.301152,-48.468707,BOTECO DO TAVO CONVENIENCIA,1.0
DASAC,SACRAMENTA,TRAVESSA ALFERES COSTA,455,-1.413667,-48.474727,BAR NOVA DIMENSAO,1.0
DABEL,BATISTA CAMPOS,RUA  DOS PARIQUIS,1713,-1.461201,-48.488133,RESTAURANTE BOX DELICIAS,1.0
DAMOS,BONFIM,RODOVIA ENGENHEIRO AUGUSTO MEIRA FILHO,0,-1.17438,-48.329559,SILVAS BAR,1.0
DAENT,MANGUEIRAO,RUA  SETE DE SETEMBRO,22,-1.381993,-48.451996,DEPOSITO DE BEBIDAS,1.0
DABEL,UMARIZAL,RUA CONEGO JERONIMO PIMENTEL,861,-1.437496,-48.486189,VERO CAFE,1.0
DABEN,BENGUI,TRAVESSA SAO PEDRO,0,-1.375738,-48.455333,BAR SKINA,1.0
DAENT,UNIVERSITARIO,ILHA  DO MURUTUCU,70,-1.496188,-48.41626,BRANCAS RESTAURANTE,1.0
DAENT,UNIVERSITARIO,ILHA  DO MURUTUCU,0,-1.502508,-48.430147,RESTAURANTE ILHA VITORIA,1.0
DASAC,TELEGRAFO,TRAVESSA  MAGNO DE ARAUJO,18,-1.428828,-48.490436,BAR OPCOES BEER,1.0
DABEL,CAMPINA,RUA SENADOR MANOEL BARATA,917,-1.449951,-48.496685,BAR MEU GAROTO,1.0
DAENT,MARAMBAIA,AVENIDA  TAVARES BASTOS,730,-1.406949,-48.446573,BAR E RESTAURANTE,1.0
DABEL,CIDADE VELHA,PORTO  PALMEIRACO,0,-1.460306,-48.507143,RESTAURANTE NU TRAPICHE,1.0
DABEL,CIDADE VELHA,RUA DOUTOR MALCHER,21,-1.455696,-48.504287,RESTAURANTE RETIRO DA SE,1.0
DAICO,PONTA GROSSA,RUA  DAS FLORES,278,-1.312243,-48.482811,BAR DA LULIA,1.0
DAENT,CURIO-UTINGA,ESTRADA  DA CEASA,0,-1.434786,-48.432359,BAR,1.0
DASAC,PEDREIRA,RUA  ANTONIO EVERDOSA,969,-1.427946,-48.475904,VIANA BAR,1.0
DAGUA,GUAMA,RUA  SILVA CASTRO,323,-1.464895,-48.469504,RESTAURANTE DELICIAS DA ROSE,1.0
DASAC,BARREIRO,PASSAGEM  ALVAREZ FREITAS,98,-1.412017,-48.485974,BAR DO VALTER,1.0
DASAC,BARREIRO,PASSAGEM SANTA LUCIA,145,-1.415779,-48.491942,BAR ESQUEMA 1,1.0
DABEL,SAO BRAS,AVENIDA  GENTIL BITTENCOURT,0,-1.454557,-48.468695,RESTAURANTE,1.0
DAMOS,VILA,RUA  QUINZE DE NOVEMBRO,1324,-1.162643,-48.468788,RESTAURANTE,1.0
DAGUA,GUAMA,RUA  AUGUSTO CORREA,1196,-1.465205,-48.457871,BAR LEO O POINT,1.0
DABEL,REDUTO,TRAVESSA  BENJAMIN CONSTANT,802,-1.449833,-48.491173,RESTAURANTE MIDORI,1.0
DAOUT,BRASILIA,RUA  DOS LIRIOS,1382,-1.278288,-48.470402,BAR DE BEBIDAS,1.0
DAOUT,SAO JOAO DO OUTEIRO,AVENIDA NOSSA SENHORA DA CONCEICAO,1593,-1.259276,-48.46935,SABOR CASEIRO RESTAURANTE,1.0
DAGUA,CANUDOS,TRAVESSA  TEOFILO CONDURU,474,-1.452146,-48.461016,BAR JB E NANCY,1.0
DAMOS,MARACAJA,PONTE  DO PELE,0,-1.16395,-48.459234,BAR PORTO LOUCO,1.0
DAGUA,GUAMA,AVENIDA  JOSE BONIFACIO,2609,-1.469912,-48.468578,BAR,1.0
DAGUA,GUAMA,RUA BARAO DE IGARAPE MIRI,937,-1.469534,-48.456286,BAR DO CLIPPER,1.0
DABEL,CAMPINA,TRAVESSA FREI GIL DE VILA NOVA,287,-1.45015,-48.495681,RESTAURANTE MEARIM,1.0
DAMOS,MURUBIRA,AVENIDA  BEIRA RIO DE DEUS,0,-1.137169,-48.430755,BAR DO CAMPO,1.0
DABEN,COQUEIRO,AVENIDA SAO PEDRO,6,-1.356157,-48.438315,BAR DA PEIXA,1.0
DAENT,CASTANHEIRA,RUA  VINTE E TRES DE AGOSTO,11,-1.404723,-48.433465,DEPOSITO DE BEBIDA PANTOJA,1.0
DAENT,CASTANHEIRA,RUA  VINTE E TRES DE AGOSTO,13,-1.404755,-48.433508,DEPOSITO DE BEBIDAS PANTOJA,1.0
DASAC,FATIMA,PASSAGEM  DIOGO MOIA,101,-1.441728,-48.474013,BAR,1.0
DAGUA,GUAMA,RUA  AUGUSTO CORREA,2222,-1.463999,-48.458407,BAR,1.0
DAGUA,GUAMA,RUA  AUGUSTO CORREA,1202,-1.464663,-48.45788,BAR E RESTAURANTE,1.0
DAGUA,CANUDOS,TRAVESSA  TEOFILO CONDURU,490,-1.45234,-48.461184,BAR,1.0
DAGUA,MONTESE (TERRA FIRME),PASSAGEM  EDUARDO,38,-1.449681,-48.454844,BAR J SANTOS,1.0
DASAC,TELEGRAFO,PASSAGEM  NAUTICA,3,-1.421747,-48.488581,BAR PUB E CONVENIENCIA,1.0
DABEL,UMARIZAL,RUA  DOMINGOS MARREIROS,621,-1.445682,-48.482003,RESTAURANTE NAMURA,1.0
DAGUA,MONTESE (TERRA FIRME),AVENIDA  CELSO MALCHER,0,-1.454933,-48.452104,BAR,1.0
DASAC,BARREIRO,PASSAGEM  JOSE MARIA,30,-1.409802,-48.481597,BAR DO GEREBA,1.0
DASAC,FATIMA,PASSAGEM  DIOGO MOIA,121,-1.441585,-48.473707,BAR,1.0
DAENT,MARAMBAIA,RUA  ITAITUBA,126,-1.396321,-48.454513,PEIXARIADOMANCHA,1.0
DABEL,CAMPINA,TRAVESSA FREI GIL DE VILA NOVA,0,-1.450383,-48.495352,DEPOSITO DE BEBIDAS,1.0
DAICO,CAMPINA DE ICOARACI,PASSAGEM  LEOPOLDINA DE CASTRO,155,-1.296993,-48.471296,BAR DO BECO,1.0
DABEL,MARCO,TRAVESSA  TIMBO,2225,-1.436065,-48.465385,CAFE BOMBONS E CHOCOLATE,1.0
DAICO,AGUAS NEGRAS,ESTRADA  DA MARACACUERA,605,-1.302059,-48.452479,RESTAURANTE MORAES,1.0
DAENT,CASTANHEIRA,RUA SANTA ODILIA,596,-1.397225,-48.430874,RESTAURANTE,1.0
DAGUA,GUAMA,PASSAGEM  JOAO DE DEUS,523,-1.471203,-48.462748,BAR DO SEBO,1.0
DABEN,TAPANA,ALAMEDA  VINTE E CINCO,90,-1.350318,-48.461404,BAR DO RONALDO,1.0
DAENT,CASTANHEIRA,RUA  JARBAS PASSARINHO,65,-1.401742,-48.429988,RESTAURANTE DE COMIDA,1.0
DAGUA,JURUNAS,RUA  DOS TIMBIRAS,173,-1.474107,-48.495272,CAFE DA MANHA,1.0
DAMOS,PORTO ARTHUR,RUA  VARIANTE,0,-1.128803,-48.447076,BAR,4.0
DAENT,CASTANHEIRA,RUA  JARBAS PASSARINHO,652,-1.398592,-48.430085,BILHAR,1.0
DASAC,FATIMA,TRAVESSA  TRES DE MAIO,219,-1.44121,-48.475046,RESTAURANTE,1.0
DAGUA,CANUDOS,TRAVESSA  TEOFILO CONDURU,490,-1.452408,-48.460951,BOTECO DOS AMIGOS,1.0
DAICO,AGULHA,RUA  OITO DE MAIO,534,-1.304794,-48.469292,BAR,1.0
DABEL,CAMPINA,RUA SENADOR MANOEL BARATA,889,-1.450191,-48.497175,RESTAURANTE,1.0
DAGUA,CONDOR,TRAVESSA  DOS APINAGES,1878,-1.471356,-48.478865,DEPOSITO DE BEBIDAS,1.0
DAGUA,GUAMA,ILHA  COMBU,0,-1.489752,-48.461178,BAR SAUDOSA MALOCA,1.0
DAMOS,VILA,RUA  BEIRA RIO,0,-1.152685,-48.47143,BAR,1.0
DAGUA,GUAMA,RUA  AUGUSTO CORREA,1202,-1.464686,-48.457819,BAR BORALA,1.0
DAICO,MARACACUERA,ESTRADA  DO OUTEIRO,0,-1.297803,-48.454051,JWS PORTELA RESTAURANTE,1.0
DABEL,CAMPINA,TRAVESSA PADRE EUTIQUIO,136,-1.452424,-48.501584,GALERIA CAFE SANTOS,1.0
DAENT,MARAMBAIA,RUA  ANCHIETA,5,-1.406611,-48.44439,BAR E DEPOSITO SKINA PARA,1.0
DAENT,MARAMBAIA,PASSAGEM  MIRANDINHA,741,-1.403303,-48.464038,BAR,1.0
DABEN,UNA,RUA  JARBAS PASSARINHO,90,-1.378924,-48.42798,BAR,4.0
DABEN,COQUEIRO,ESTRADA  DO BENJAMIN,213,-1.363436,-48.432129,BAR DO PEREIRA,1.0
DABEN,COQUEIRO,RUA  PRINCIPAL,5,-1.365634,-48.430436,BAR DO EDSON,1.0
DAGUA,GUAMA,ILHA  COMBU,0,-1.505248,-48.462933,RESTAURANTE RIBEIRINHO,1.0
DAENT,CASTANHEIRA,RUA  VINTE E TRES DE AGOSTO,12,-1.404732,-48.433476,DEPOSITO DE BEBIDAS PANTOJA,1.0
DAENT,CURIO-UTINGA,ILHA  DO MURUTUCU,0,-1.474128,-48.415697,BAR,1.0
DAMOS,VILA,TRAVESSA  SIQUEIRA MENDES,0,-1.165231,-48.47325,RESTAURANTE MANINHOS,1.0
DAOUT,SAO JOAO DO OUTEIRO,AVENIDA  MANOEL BARATA,14,-1.25866,-48.469614,BAR A GUERREIRA,1.0
DAGUA,MONTESE (TERRA FIRME),PASSAGEM  EDUARDO,26,-1.449255,-48.454743,BAR DEDE SAUDADE,1.0
DAOUT,AGUA BOA,RUA  DA PRAIA,5,-1.242902,-48.452346,RESTAURANTE SUSU,1.0
DAGUA,GUAMA,ILHA  COMBU,0,-1.509764,-48.465592,RESTAURANTE AHO,1.0
DAENT,MARAMBAIA,AVENIDA  DALVA,477,-1.403828,-48.440126,DEPOSITO DE BEBIDAD,1.0
DABEL,UMARIZAL,RUA  MUNICIPALIDADE,851,-1.440966,-48.491546,RESTAURANTE,1.0
DABEN,CABANAGEM,ESTRADA  DO BENJAMIN,209,-1.363623,-48.432055,BAR DO JUNIOR,1.0
DABEL,UMARIZAL,RUA  MUNICIPALIDADE,859,-1.440783,-48.491463,RESTAURANTE,1.0
DABEN,PARQUE VERDE,RUA  PRINCIPAL DO 2A A 6A,0,-1.352554,-48.451471,CAFE NOSTRA,1.0
DASAC,MARACANGALHA,AVENIDA  CONTORNO LESTE,132,-1.398748,-48.476132,RESTAURANTE,1.0
DASAC,MARACANGALHA,AVENIDA  CONTORNO LESTE,92,-1.398365,-48.476026,RESTAURANTE,1.0
DABEN,BENGUI,PASSAGEM  BETANIA,0,-1.377671,-48.450733,POINT DO CAFE,1.0
DAMOS,CARANANDUBA,RUA SAO JORGE,99,-1.096017,-48.40699,BAR POINT DOS AMIGOS,1.0
DAENT,UNIVERSITARIO,FURO  DA PACIENCIA,57,-1.500847,-48.435469,BAR RAIZES,1.0
DAGUA,CANUDOS,AVENIDA  CEARA,296,-1.448076,-48.462879,RESTAURANTE,1.0
DAGUA,GUAMA,RUA  DOS MUNDURUCUS,4657,-1.457049,-48.463781,RESTAURANTE,1.0
DASAC,PEDREIRA,AVENIDA MARQUES DE HERVAL,1043,-1.431312,-48.470682,RESTAURANTE ACAPULCO,1.0
DAENT,AGUAS LINDAS,RUA  REVOLUCAO FRANCESA,33,-1.40793,-48.396113,SUCATA DO CAFE,1.0
DAMOS,SUCURIJUQUARA,RUA  DOS OPERARIOS,0,-1.085217,-48.367534,BAR DOIS IRMAOS,1.0
DAENT,AGUAS LINDAS,RUA  DOS CABANOS,78,-1.403369,-48.393228,BAR E ARENA DEFUTEBOL,1.0
DABEL,MARCO,TRAVESSA  LOMAS VALENTINAS,1909,-1.431171,-48.459269,BOI NOVO CHURRASCARIA,1.0
DABEL,MARCO,TRAVESSA  LOMAS VALENTINAS,1890,-1.431033,-48.459646,RESTAURANTE ROSAVI,1.0
DABEN,COQUEIRO,PASSAGEM  ALACID SANTOS,0,-1.331837,-48.442827,FUNDOS BAR,1.0
DABEL,CIDADE VELHA,AVENIDA ALMIRANTE TAMANDARE,35,-1.462035,-48.504809,BAR DA GALEGA,1.0
DAGUA,CREMACAO,RUA  DOS CARIPUNAS,2820,-1.460395,-48.477889,RESTAURANTE,1.0
DABEN,COQUEIRO,RUA  T 5,26,-1.358162,-48.439694,DEPOSITO DE BEBIDAS,1.0
DAMOS,CHAPEU VIRADO,RUA  BEIRA RIO,0,-1.130329,-48.453174,BAR E RESTAURANTE PINGUIN,1.0
DAMOS,CHAPEU VIRADO,RUA  BEIRA RIO,62,-1.131064,-48.453618,BAR E RESTAURANTE LAMBRETA 62,1.0
DAMOS,CHAPEU VIRADO,RUA  BEIRA RIO,0,-1.131302,-48.453967,BAR CHEGADA DA ILHA,1.0
DAMOS,CHAPEU VIRADO,RUA  BEIRA RIO,0,-1.131464,-48.454278,RESTAURANTE KTESPERO,1.0
DAMOS,CHAPEU VIRADO,RUA  BEIRA RIO,0,-1.131611,-48.454681,BAR ASMUN,1.0
DAMOS,CHAPEU VIRADO,RUA  BEIRA RIO,2,-1.131925,-48.455521,RESTAURANTE CHAPEU VIRADO,1.0
DASAC,PEDREIRA,RUA  ANTONIO EVERDOSA,416,-1.432253,-48.478478,BAR SINUCA DO LOURO,1.0
DABEN,TAPANA,ESTRADA  YAMADA,1,-1.358143,-48.458788,RESTAURANTE E LANCHONETE POPULAR,1.0
DABEN,TAPANA,ESTRADA  YAMADA,5,-1.35933,-48.458765,RESTAURANTE E CHURRASCARIA VITORIA,1.0
DASAC,SACRAMENTA,RUA SAO JOSE,47,-1.415636,-48.477228,RESTAURANTE ESPETO DO MARCELO,1.0
DABEL,REDUTO,TRAVESSA  BENJAMIN CONSTANT,227,-1.445581,-48.494391,CASA DE SHOWS DOCCA,1.0
DASAC,TELEGRAFO,TRAVESSA CORONEL LUIS BENTES,1,-1.427238,-48.491288,BAR,2.0
DAGUA,CONDOR,RUA  NOVA PRIMEIRA,380,-1.470692,-48.481172,CHURRASCO DO PRETO,1.0
DAGUA,GUAMA,PASSAGEM  ONZE BANDEIRINHAS DOIS,62,-1.46801,-48.467737,RESTAURANTE ONZE BANDEIRINHAS,1.0
DAGUA,JURUNAS,AVENIDA  ROBERTO CAMELIER,830,-1.467471,-48.488719,RESTAURANTE AZULINO,1.0
DABEL,MARCO,TRAVESSA  DA ESTRELLA,3204,-1.439605,-48.457054,RESTAURANTE CHURRASCARIA COMILLON GRILL,1.0
DAMOS,ARIRAMBA,BECO  SEM DENOMINACAO,0,-1.114542,-48.427927,MOCOTAS BAR,1.0
DAMOS,BAIA DO SOL,PASSAGEM  RAIO DE SOL,218,-1.064846,-48.338384,BAR E MERCANTIL NC,1.0
DABEL,MARCO,AVENIDA  JOAO PAULO II,718,-1.442271,-48.458468,RESTAURANTE MURALHA CHINA,1.0
DABEL,MARCO,TRAVESSA  DA ESTRELLA,3040,-1.43899,-48.458589,RESTAURANTE OK YAKISSOBA,1.0
DASAC,PEDREIRA,TRAVESSA  LOMAS VALENTINAS,665,-1.424798,-48.469041,BAR DA CASTANHEIRA,1.0
DAENT,MANGUEIRAO,AVENIDA  MANGUEIRAO,0,-1.378861,-48.443404,DEPOSITO DE BEBIDAS,4.0
DASAC,TELEGRAFO,TRAVESSA  MAURITI,514,-1.424447,-48.477585,RESTAURANTE,1.0
DASAC,TELEGRAFO,TRAVESSA  MAURITI,528,-1.424505,-48.477511,SUCOS NATURAIS E LANCHES E CAFE,1.0
DAOUT,AGUA BOA,AVENIDA  PAULO COSTA,0,-1.250541,-48.45721,ARENA SHOW DE BOLA E BAR SHOW DE BOLA,1.0
DABEN,BENGUI,RUA  BETANIA,229,-1.373322,-48.449486,BAR,4.0
DAOUT,SAO JOAO DO OUTEIRO,AVENIDA  MANOEL BARATA,1111,-1.264766,-48.463324,FRANCOS BAR,1.0
DAMOS,CARANANDUBA,AVENIDA BARAO DO RIO BRANCO,172,-1.092266,-48.410155,BAR,1.0
DASAC,SACRAMENTA,RUA  PRIMEIRO DE MAIO,9,-1.407261,-48.467602,RESTAURANTE,1.0
DAGUA,GUAMA,PASSAGEM  CEARA,25,-1.463887,-48.456799,BAR E COMERCIO,1.0
DAICO,CAMPINA DE ICOARACI,RUA  DOIS DE DEZEMBRO,763,-1.297185,-48.477925,DEPOSITO DE BEBIDAS,1.0
DABEL,UMARIZAL,TRAVESSA ALMIRANTE WANDENKOLK,282,-1.440653,-48.49099,RESTAURANTE E PEIXARIA AMAZONAS,1.0
DASAC,TELEGRAFO,TRAVESSA CORONEL LUIS BENTES,0,-1.428947,-48.486003,RESTAURANTE,1.0
DASAC,TELEGRAFO,TRAVESSA  MARIZ E BARROS,645,-1.425844,-48.478088,PIZZARIA E RESTAURANTE MARGHERITA,1.0
DAGUA,JURUNAS,RUA  CESARIO ALVIM,272,-1.467975,-48.501456,CONFEITARIA E CAFETERIA BARBOSA,1.0
DABEN,TAPANA,RODOVIA  ARTHUR BERNARDES,400,-1.33936,-48.479257,BAR,1.0
DAMOS,CARANANDUBA,RODOVIA  PA 391,801,-1.101745,-48.402021,BAR,1.0
DAGUA,GUAMA,PASSAGEM  ONZE BANDEIRINHAS DOIS,14,-1.467821,-48.467705,BAR E RESTAURANTE,1.0
DABEN,BENGUI,PASSAGEM  BETANIA,67,-1.377701,-48.450811,LANCHE CAFE SABOR PARAENSE,1.0
DAOUT,SAO JOAO DO OUTEIRO,RUA  DO VELEIRO,0,-1.256434,-48.462941,BAR,1.0
DAGUA,GUAMA,RUA  DOS MUNDURUCUS,265,-1.457294,-48.465438,RESTAURANTE DOM PEDRITO,1.0
DAOUT,ITAITEUA,RUA  EVANDRO BONA,9,-1.271288,-48.447361,PRIMU BAR,1.0
DAICO,PARQUE GUAJARA,RUA  SEVERA ROMANA,318,-1.312751,-48.462727,CASA CAFE,1.0
DAOUT,SAO JOAO DO OUTEIRO,RUA  DO VELEIRO,226,-1.25633,-48.463104,BAR DO MARCELO,1.0
DASAC,PEDREIRA,AVENIDA DOUTOR FREITAS,1616,-1.419653,-48.460573,RESTAURANTE,1.0
DASAC,MARACANGALHA,AVENIDA  CONTORNO LESTE,122,-1.398648,-48.47607,BAR,1.0
DAMOS,MARACAJA,RUA  FRANCISCO XAVIER CARDOSO,987,-1.163198,-48.465633,CASA DE SHOW SITIO DO ELIAS,1.0
DAMOS,CHAPEU VIRADO,RUA  BEIRA RIO,501,-1.131841,-48.455032,BAR E RESTAURANTE TONY LANCHES,1.0
DAOUT,AGUA BOA,AVENIDA NOSSA SENHORA DA CONCEICAO,15,-1.254502,-48.46068,RESTAURANTE E LANCHONETE,1.0
DAGUA,JURUNAS,AVENIDA ENGENHEIRO FERNANDO GUILHON,25,-1.476007,-48.494572,BAR,1.0
DAGUA,GUAMA,RUA  DOS MUNDURUCUS,4193,-1.457392,-48.468138,BAR E LANCHONETE JR,1.0
DASAC,TELEGRAFO,TRAVESSA CORONEL LUIS BENTES,7,-1.429025,-48.485566,BAR,1.0
DAOUT,AGUA BOA,RUA  FORTALEZA,0,-1.24169,-48.449701,BAR COMUNIDADE,1.0
DAMOS,VILA,TRAVESSA  SIQUEIRA MENDES,99,-1.164878,-48.468282,RESTAURANTE,1.0
DAICO,CRUZEIRO,RUA  MAGALHAES BARATA,13,-1.270687,-48.558014,BAR DO GOMES,1.0
DABEN,BENGUI,RUA  BETANIA,0,-1.373688,-48.449705,DEPOSITO DE BEBIDAS,4.0
DABEN,BENGUI,PASSAGEM  BETANIA,57,-1.377733,-48.45075,RESTAURANTE DEUS E FIEL,1.0
DAMOS,SAO FRANCISCO,RUA  FERNANDO GUILHON,13,-1.108783,-48.424901,BAR E RESTAURANTE ESCORPIAO,1.0
DABEL,NAZARE,AVENIDA  SERZEDELO CORREA,15,-1.454253,-48.492515,CAFE,1.0
DASAC,PEDREIRA,TRAVESSA  PIRAJA,94,-1.419599,-48.471469,DEPOSITO DE BEBIDAS,1.0
DAENT,GUANABARA,PASSAGEM  DANIEL PAULINO,0,-1.408151,-48.411379,GALPAO PEIXARIA,1.0
DAMOS,CHAPEU VIRADO,RUA  BEIRA RIO,0,-1.13084,-48.453452,BAR E RESTAURANTE CEU E MAR,1.0
DAENT,CURIO-UTINGA,PASSAGEM  GASPAR DUTRA,23,-1.430895,-48.4467,BAR E DEPOSITO DE BEBIDAS,1.0
DABEL,MARCO,PASSAGEM  MARIA AGUIAR,604,-1.444592,-48.454075,BAR VIRACOPO,1.0
DAGUA,JURUNAS,AVENIDA ENGENHEIRO FERNANDO GUILHON,24,-1.475402,-48.494304,RESTAURANTE,1.0
DABEL,NAZARE,TRAVESSA DOM ROMUALDO DE SEIXAS,1935,-1.449441,-48.483827,RESTAURANTE O MESTRE,1.0
DABEL,MARCO,TRAVESSA  LOMAS VALENTINAS,2625,-1.434455,-48.454157,RESTAURANTE MIX LOMAS,4.0
DABEL,REDUTO,RUA  GASPAR VIANA,863,-1.446343,-48.494842,RESTAURANTE E BAR,1.0
DAGUA,GUAMA,RUA  DOS MUNDURUCUS,4463,-1.457297,-48.465231,TAPIOCARIA CAFE,1.0
DASAC,TELEGRAFO,TRAVESSA CORONEL LUIS BENTES,0,-1.428999,-48.485628,SINCATO BAR,1.0
DAGUA,GUAMA,AVENIDA  BERNARDO SAYAO,4249,-1.474488,-48.470202,DEPOSITO DE BEBIDAS,1.0
DABEN,PRATINHA,RUA  ADRIELY,5,-1.362241,-48.472176,RESTAURANTE DEUS PROVERA,1.0
DABEN,COQUEIRO,AVENIDA  SECUNDARIA,0,-1.334173,-48.443103,BAR E LANCHONETE,1.0
DABEN,BENGUI,PASSAGEM  BETANIA,0,-1.377803,-48.450842,CAFE DA MANHA DEUS E FIEL,1.0
DAOUT,ITAITEUA,RUA  EVANDRO BONA,8,-1.271834,-48.44703,BAR,1.0
DASAC,PEDREIRA,TRAVESSA  TIMBO,817,-1.429016,-48.475826,BAR,1.0
DABEN,PARQUE VERDE,RODOVIA  AUGUSTO MONTENEGRO,1112,-1.365158,-48.448172,RESTAURANTE SABOR NA BRASA,1.0
DABEN,PARQUE VERDE,RUA  VINTE E TRES DE AGOSTO,3,-1.354873,-48.458291,BAR DA ROSA,1.0
DABEN,TAPANA,RUA  DOS CINQUENTA,0,-1.357047,-48.465805,BOX BAR,1.0
DAGUA,CREMACAO,PASSAGEM SANTA LUCIA,16,-1.4666,-48.474233,ORELHAS BAR,1.0
DAGUA,CREMACAO,RUA  DOS CARIPUNAS,2820,-1.460356,-48.477625,RESTAURANTE,1.0
DABEL,BATISTA CAMPOS,TRAVESSA DOUTOR MORAES,419,-1.456926,-48.488951,BOTECO DO PIPO,1.0
DABEL,BATISTA CAMPOS,RUA  DOS PARIQUIS,1000,-1.461394,-48.488828,RESTAURANTE TOMAZ,1.0
DAGUA,GUAMA,TRAVESSA  JOSE BONIFACIO,2162,-1.466257,-48.468656,RESTAURANTE E PIZZARIA DO CHEFE,1.0
DAICO,CAMPINA DE ICOARACI,ESTRADA  VELHA DO OUTEIRO,251,-1.294351,-48.469931,DEPOSITO DE BEBIDAS,1.0
DABEL,MARCO,AVENIDA ALMIRANTE BARROSO,32,-1.447872,-48.465789,BAR,1.0
DABEL,MARCO,AVENIDA ALMIRANTE BARROSO,0,-1.447781,-48.465836,BELAGIO BAR,1.0
DABEL,MARCO,AVENIDA ALMIRANTE BARROSO,22,-1.447891,-48.465827,BAR SIRIA,1.0
DABEL,MARCO,AVENIDA ALMIRANTE BARROSO,0,-1.447779,-48.465806,BRAZ BAR,1.0
DABEL,MARCO,AVENIDA  ROMULO MAIORANA,1796,-1.432253,-48.459522,RESTAURANTE E PIZZARIA RENOVO,1.0
DABEL,REDUTO,RUA SENADOR MANOEL BARATA,1563,-1.446427,-48.491971,CAFE NA CUIA,1.0
DABEN,BENGUI,PASSAGEM SAO PEDRO,499,-1.37706,-48.455371,RESTAURANTE MEU CHAPA,1.0
DABEL,CIDADE VELHA,RUA  SIQUEIRA MENDES,123,-1.45702,-48.505852,BAR,1.0
DABEL,REDUTO,RUA  BELEM,0,-1.442887,-48.494289,BAR DO PORTO,1.0
DASAC,PEDREIRA,AVENIDA MARQUES DE HERVAL,778,-1.43318,-48.471656,ARENA SOCIETY SPORT BAR,1.0
DASAC,MARACANGALHA,AVENIDA  CONTORNO LESTE,332,-1.400634,-48.476094,BAR DO MENDES,1.0
DAICO,CAMPINA DE ICOARACI,RUA  OITO DE MAIO,108,-1.291217,-48.471136,DEPOSITO DE BEBIDA,1.0
DAICO,PONTA GROSSA,TRAVESSA  DOS ANDRADAS,885,-1.308421,-48.480173,LANCHONETE E RESTAURANTE OLIVEIRA,1.0
DABEN,COQUEIRO,AVENIDA  SECUNDARIA,113,-1.332116,-48.443668,RESTAURANTE,1.0
DAOUT,AGUA BOA,RUA  PREAMAR,72,-1.24292,-48.452539,BAR,1.0
DAOUT,AGUA BOA,RUA  PREAMAR,71,-1.242843,-48.452487,BAR,1.0
DAENT,AURA,QUADRA  QUATRO,59,-1.418009,-48.398485,DEPOSITO DE BEBIDAS,1.0
DABEN,PRATINHA,RUA  PAULO FONTELES,34,-1.362961,-48.471876,AN RESTAURANTE,1.0
DABEN,TAPANA,RUA  COCAIS,0,-1.346902,-48.45816,COMERCIO E BAR ESQUINA DO C,1.0
DASAC,BARREIRO,PASSAGEM  FELIZ,12,-1.413364,-48.48366,BAR DA TECA,1.0
DAMOS,VILA,TRAVESSA  SIQUEIRA MENDES,4,-1.165318,-48.473565,BAR,1.0
DAMOS,CARANANDUBA,ESTRADA  BAIA DO SOL,0,-1.094267,-48.400473,CHURRASCARIA LANA,1.0
DAOUT,AGUA BOA,AVENIDA NOSSA SENHORA DA CONCEICAO,1627,-1.250935,-48.457113,RESTAURANTE DA CURVA,1.0
DAGUA,GUAMA,PASSAGEM  RUI BARBOSA,217,-1.471372,-48.463616,COMERCIO E BAR DO PAPAO,1.0
DAMOS,VILA,TRAVESSA  PRATIQUARA,0,-1.163916,-48.473829,CASA DE SHOW,1.0
DAICO,TENONE,PASSAGEM  SEXTA LINHA,303,-1.31309,-48.436223,BAR FRANKSIN,1.0
DABEN,BENGUI,RUA SAO BENTO,554,-1.378016,-48.449885,RESTAURANTE LOBO,1.0
DABEL,SAO BRAS,RUA  DEODORO DE MENDONCA,38,-1.453958,-48.468144,BAR DE BEBIDAS,1.0
DAOUT,BRASILIA,RUA  DOS LIRIOS,1311,-1.279116,-48.469461,BAR E MERCEARIA,1.0
DASAC,MARACANGALHA,AVENIDA  CONTORNO LESTE,332,-1.400583,-48.476133,BAR PINHEIRENSE,1.0
DABEL,MARCO,AVENIDA  JOAO PAULO II,640,-1.442919,-48.45884,RESTAURANTE,1.0
DAGUA,GUAMA,PASSAGEM SAO MIGUEL,22,-1.468532,-48.46764,TAPIOCARIA E CAFE DO IRMAO,1.0
DAGUA,GUAMA,PASSAGEM SAO MIGUEL,18,-1.468571,-48.467663,CESAR BAR E RESTAURANTE,1.0
DAICO,CRUZEIRO,RUA PADRE JULIO MARIA,789,-1.300749,-48.485341,BAR DO GALO,1.0
DAICO,CRUZEIRO,RUA PADRE JULIO MARIA,815,-1.300967,-48.485397,BOTECO DOS AMIGOS,1.0
DABEL,MARCO,PASSAGEM  JARINA,47,-1.446142,-48.45842,CHURRASCO,1.0
DABEL,MARCO,PASSAGEM  JARINA,15,-1.446375,-48.458577,BAR,1.0
DAGUA,GUAMA,PASSAGEM  RUI BARBOSA,290,-1.472302,-48.463821,BAR DO BARAO,1.0
DABEL,BATISTA CAMPOS,RUA  DOS MUNDURUCUS,1722,-1.460534,-48.489594,CAFETERIA LUGANO,1.0
DAICO,TENONE,RUA  VINTE DE SETEMBRO,0,-1.321651,-48.442655,BAR DO CARLINHO,1.0
DAMOS,CHAPEU VIRADO,RUA  DO AEROPORTO,276,-1.139193,-48.457117,BOTECO DOS GUERREIROS,1.0
DAOUT,SAO JOAO DO OUTEIRO,AVENIDA NOSSA SENHORA DA CONCEICAO,130,-1.264223,-48.470059,RESTAURANTE DEUS PROVERA,1.0
DABEL,UMARIZAL,RUA  ANTONIO BARRETO,1185,-1.443116,-48.477979,BOX 49 RESTAURANTE,1.0
DAOUT,AGUA BOA,AVENIDA  BRASIL,83,-1.241008,-48.431745,BAR DO LOURO,1.0
DAOUT,AGUA BOA,AVENIDA  BRASIL,77,-1.241111,-48.431662,BAR E MERCEARIA,1.0
DAICO,CRUZEIRO,TRAVESSA  ITABORAI,32,-1.302584,-48.488982,RESTAURANTE,1.0
DASAC,BARREIRO,PASSAGEM  MIRAMAR,365,-1.41739,-48.489192,BAR DO ZE,1.0
DABEN,CABANAGEM,RUA  FE EM DEUS,205,-1.359539,-48.439353,DEPOSITO DE BEBIDAS 24 HORAS DELIVERI,1.0
DAENT,MANGUEIRAO,AVENIDA  MAGALHAES BARATA,20,-1.379038,-48.459758,BAR SHOW DE BOLA,1.0
DAGUA,JURUNAS,RUA SAO MIGUEL,475,-1.467881,-48.486246,BAR E MERCIARIA,1.0
DAICO,CAMPINA DE ICOARACI,RUA  BRASILIA,243,-1.293916,-48.463005,BAR,1.0
DASAC,PEDREIRA,TRAVESSA  LOMAS VALENTINAS,865,-1.425967,-48.467333,RESTAURANTE CALDO DA VOVO,1.0
DAICO,CRUZEIRO,TRAVESSA  DO CRUZEIRO,1,-1.294893,-48.489777,RESTAURANTE CRUZEIRO,1.0
DABEL,BATISTA CAMPOS,RUA  DOS PARIQUIS,1520,-1.463072,-48.489431,ARI CAFE,1.0
DAGUA,JURUNAS,AVENIDA ENGENHEIRO FERNANDO GUILHON,85,-1.474998,-48.493816,RESTAURANTE,1.0
DABEN,PARQUE VERDE,RUA  TRINTA DE AGOSTO,0,-1.355917,-48.457317,RESTAURANTE BOM,1.0
DAICO,TENONE,TRAVESSA  UM,0,-1.325856,-48.440113,VENDA DE CHURRASCO,1.0
DAMOS,VILA,TRAVESSA  SIQUEIRA MENDES,0,-1.165296,-48.473567,BAR PORTAL DA ILHA,1.0
DAMOS,VILA,TRAVESSA  SIQUEIRA MENDES,2,-1.165295,-48.473544,BAR,1.0
DASAC,SACRAMENTA,TRAVESSA BARAO DO TRIUNFO,81,-1.418699,-48.483338,PADARIA E CAFE BARAO DO POVO,1.0
DABEL,UMARIZAL,RUA  BERNAL DO COUTO,1107,-1.439039,-48.480716,BAR MELLUS,1.0
DABEN,TAPANA,RUA SAO CLEMENTE,0,-1.356209,-48.465912,DEPOSITO BEBIDA,1.0
DABEL,MARCO,AVENIDA ALMIRANTE BARROSO,6,-1.448073,-48.465794,BAR CARIMBO,1.0
DABEN,COQUEIRO,AVENIDA SAO PEDRO,5,-1.353033,-48.437154,RESTAURANTES SABOR DA CASA,1.0
DABEN,COQUEIRO,AVENIDA  SECUNDARIA,0,-1.331863,-48.443712,PEIXARIA,1.0
DASAC,SACRAMENTA,RUA  JULIA RAMOS,147,-1.407115,-48.469555,DEPOSITO DE BEBIDAS,1.0
DAICO,CRUZEIRO,RUA PADRE JULIO MARIA,787,-1.300733,-48.485467,BAR E LANCHONETE RODRIGUES,1.0
DAGUA,MONTESE (TERRA FIRME),PASSAGEM SAO PEDRO,9,-1.45335,-48.45094,BAR,1.0
DAICO,CAMPINA DE ICOARACI,PASSAGEM  DO ROSARIO,139,-1.293036,-48.476212,DEPOSITO DE BEBIDAS,1.0
DASAC,TELEGRAFO,PASSAGEM  CAMETA,51,-1.426402,-48.491315,BAR,1.0
DAMOS,CHAPEU VIRADO,RUA  DO AEROPORTO,0,-1.138581,-48.456936,DEPOSITO LA CASA DE BEBIDAS,1.0
DABEL,UMARIZAL,TRAVESSA  SOARES CARNEIRO,1068,-1.436339,-48.483118,BAR E RESTAURANTE,1.0
DAGUA,GUAMA,TRAVESSA  BARAO DE MAMORE,737,-1.46553,-48.466072,BAR,1.0
DAGUA,CREMACAO,RUA SAO MIGUEL,1206,-1.4646,-48.481299,BAR E DEPOSITO DE BEBIDAS,1.0
DAICO,MARACACUERA,ESTRADA  VELHA DO OUTEIRO,25,-1.292005,-48.460389,BAR E CONVENIENCIA POINT DA HORA,1.0
DABEL,MARCO,AVENIDA  ROMULO MAIORANA,1801,-1.432121,-48.459707,BAR DA TIA,1.0
DABEN,UNA,ESTRADA  DO BENJAMIN,30,-1.371542,-48.428632,BAR,1.0
DAMOS,CHAPEU VIRADO,RUA  DO AEROPORTO,0,-1.135852,-48.455518,BAR DA PIEDRA,1.0
DABEN,PARQUE VERDE,TRAVESSA  WE 7,42,-1.368056,-48.44031,BAR,1.0
DABEL,CAMPINA,TRAVESSA PADRE EUTIQUIO,623,-1.454952,-48.498083,RESTAURANTE,1.0
DAICO,CAMPINA DE ICOARACI,RUA  LUIS GONZAGA,250,-1.296973,-48.473199,BAR,1.0
DAMOS,MARACAJA,RUA COMANDANTE ERNESTO DIAS,858,-1.162011,-48.466239,BAR,1.0
DABEN,TAPANA,RODOVIA  AUGUSTO MONTENEGRO,32,-1.342789,-48.451788,BAR DO CAROCO,1.0
DAENT,MARAMBAIA,RUA  ANCHIETA,226,-1.404778,-48.444235,BAR E RESTAURANTE,1.0
DAENT,MARAMBAIA,RUA  ANCHIETA,258,-1.404519,-48.444288,DEPOSITO DE BEBIDAS,1.0
DABEN,PARQUE VERDE,RUA  TRINTA DE AGOSTO,35,-1.355932,-48.457102,BAR E RESTAURANTE DA LOURA,1.0
DASAC,TELEGRAFO,PASSAGEM  CAMETA,45,-1.426503,-48.491454,RESTAURANTE,1.0
DAOUT,AGUA BOA,RUA  MARIO CORREA,2,-1.239145,-48.427848,BAR E MERCEARIA,1.0
DAENT,MANGUEIRAO,AVENIDA  MANGUEIRAO,31,-1.380894,-48.453425,RESTAURANTE MANGUEIRAO,1.0
DABEL,BATISTA CAMPOS,RUA  DOS MUNDURUCUS,1728,-1.460758,-48.489529,RESTAURANTE VEROPINHA,1.0
DABEL,BATISTA CAMPOS,RUA  DOS PARIQUIS,1556,-1.462621,-48.489274,BAR DO MARIO,4.0
DAENT,MARAMBAIA,AVENIDA  RODOLFO CHERMONT,15,-1.4089,-48.453005,RESTAURANTEDA LOIRA,1.0
DASAC,TELEGRAFO,PASSAGEM  CAMETA,35,-1.426341,-48.491509,BAR,1.0
DABEL,BATISTA CAMPOS,RUA  DOS PARIQUIS,1536,-1.462976,-48.489381,CHURRASCARIA SABOR GAUCHO,1.0
DABEN,BENGUI,PASSAGEM  AUGUSTO LOBATO,31,-1.373783,-48.456329,VENDA DE CHURRASCO,1.0
DABEN,TAPANA,PASSAGEM  MIZAEL MARTINS,60,-1.345883,-48.476464,BAR E MERCEARIA DO GORDO,1.0
DAOUT,SAO JOAO DO OUTEIRO,TRAVESSA  HEITOR COSTA,40,-1.252514,-48.4608,RESTAURANTE,1.0
DABEN,COQUEIRO,AVENIDA  SECUNDARIA,125,-1.331836,-48.443749,PEIXARIA,1.0
DAENT,MANGUEIRAO,AVENIDA  MAGALHAES BARATA,187,-1.379002,-48.459238,BAR,1.0
DABEN,COQUEIRO,AVENIDA SAO PEDRO,4,-1.353023,-48.437049,BAR,1.0
DABEL,BATISTA CAMPOS,RUA  DOS MUNDURUCUS,1800,-1.460284,-48.489002,RESTAURANTE LACTO VEGANO,1.0
DASAC,SACRAMENTA,AVENIDA  JULIO CESAR,15,-1.406165,-48.467256,CASA DE SHOW,1.0
DABEL,NAZARE,TRAVESSA ALMIRANTE WANDENKOLK,731,-1.448524,-48.48667,RESTAURANTE,1.0
DAGUA,CREMACAO,PASSAGEM SAO SEBASTIAO,43,-1.465898,-48.477429,DEPOSITO DE BEBIDAS,1.0
DAGUA,GUAMA,TRAVESSA  BARAO DE MAMORE,743,-1.465272,-48.465965,RESTAURANTE DA NEIDE,1.0
DAGUA,GUAMA,PASSAGEM SAO MIGUEL,1,-1.468505,-48.46791,RESTAURANTE IVAN E PATRICIA,1.0
DAICO,PARQUE GUAJARA,RUA  MARIO ANDREAZA,380,-1.329141,-48.456215,DEPOSITO DE BEBIDAS,1.0
DABEN,PRATINHA,RODOVIA  ARTHUR BERNARDES,7,-1.356969,-48.477448,RESTAURANTE,1.0
DAGUA,JURUNAS,AVENIDA ENGENHEIRO FERNANDO GUILHON,201,-1.474324,-48.492877,BAR O BENE,1.0
DABEN,BENGUI,RUA SAO BENTO,0,-1.378033,-48.450214,DEPOSITOS DE BEBIDAS V E V,1.0
DAGUA,CONDOR,RUA  LAURO MALCHER,147,-1.473133,-48.479371,BAR TIPINAMBA,1.0
DAOUT,AGUA BOA,AVENIDA  BRASIL,89,-1.240875,-48.431918,BAR,1.0
DABEN,COQUEIRO,RUA  SUICA,120,-1.361567,-48.426793,RESTAURANTE SOMBRA DO JAMBEIRO,1.0
DABEN,COQUEIRO,RUA  SUICA,100,-1.361894,-48.426595,BAR,1.0
DABEN,COQUEIRO,RUA  SUICA,0,-1.361899,-48.426544,CIA DO CHURRASCO,1.0
DABEN,COQUEIRO,RUA  SUICA,0,-1.361562,-48.426843,BAR E LANCHONETE,1.0
DABEN,COQUEIRO,RUA  SUICA,100,-1.361873,-48.426579,RESTAURANTE E BAR BRAZEIRO MIX,1.0
DAMOS,CARANANDUBA,RUA SANTA RITA,30,-1.097658,-48.406107,BAR,1.0
DAGUA,JURUNAS,AVENIDA  BERNARDO SAYAO,1133,-1.473059,-48.496936,BAR,1.0
DASAC,PEDREIRA,AVENIDA MARQUES DE HERVAL,1351,-1.428928,-48.469146,RESTAURANTE,1.0
DABEN,TAPANA,RODOVIA  AUGUSTO MONTENEGRO,0,-1.342437,-48.451804,RESTAURANTE,1.0
DAICO,PONTA GROSSA,TRAVESSA  DOS BERREDOS,500,-1.306676,-48.484676,BAR DO MARCO,1.0
DAICO,TENONE,TRAVESSA  SEM DENOMINACAO UM,9,-1.321481,-48.435509,BAR DO HIPI,1.0
DABEN,TAPANA,RUA  INDEPENDENCIA,35,-1.34688,-48.468799,DEPOSITO DE BEBIDAS,1.0
DAMOS,PRAIA GRANDE,AVENIDA  DEZESSEIS DE NOVEMBRO,99,-1.15123,-48.465505,RESTAURANTE E HAMBURGUERIA AVENIDA,1.0
DAGUA,GUAMA,PASSAGEM  DUAS AMERICAS,55,-1.456084,-48.45828,CONVENIENCIA E DEPOSITO DE BEBIDAS,1.0
DAGUA,CREMACAO,RUA  DOS MUNDURUCUS,2528,-1.458342,-48.483121,DEPOSITO DE BEBIDAS NO GRAU,1.0
DAICO,CRUZEIRO,RUA  QUINZE DE AGOSTO,17,-1.293309,-48.483865,RESTAURANTE ESPACO DO ESPETINHO,1.0
DAMOS,MANGUEIRAS,RUA  BELA VISTA,0,-1.153829,-48.46141,LURDES BAR,1.0
DAICO,TENONE,RUA  VALPARAISO,7,-1.323675,-48.435473,RESTAURANTE LADO,1.0
DAENT,MARAMBAIA,PASSAGEM  CAJUI,133,-1.402033,-48.43614,ESQUINA DO CHURRASCO DA EDNA,1.0
DAICO,CAMPINA DE ICOARACI,AVENIDA  CONTORNO OESTE,19,-1.299,-48.469714,RESTAURANTE PRATO CHEIO,1.0
DAGUA,GUAMA,RUA  PAULO CICERO,745,-1.469312,-48.467403,RESTAURANTE DO TULIO E ROSE,1.0
DAGUA,GUAMA,RUA  PAULO CICERO,111,-1.469442,-48.468083,DEPOSITO DE BEBIDAS DO CHURRASCO DO GIL,1.0
DAGUA,JURUNAS,RUA  DOS MUNDURUCUS,1540,-1.469136,-48.496506,VENDA DE CHURRASCO E COXINHA,1.0
DAGUA,MONTESE (TERRA FIRME),PASSAGEM  NOVA LIBERDADE,48,-1.463614,-48.453559,BAR,1.0
DABEN,COQUEIRO,RUA  UM,7,-1.347453,-48.450889,RESTAURANTE O CAMPEAO,1.0
DAICO,CRUZEIRO,RUA  DO FAROL,0,-1.26585,-48.563863,BAR MAGNATA,1.0
DAICO,CRUZEIRO,RUA  DO FAROL,0,-1.266005,-48.563734,BAR MARE CHEIA,1.0
DAICO,CRUZEIRO,RUA  DO FAROL,0,-1.266405,-48.563595,BAR,1.0
DAICO,CRUZEIRO,RUA  DO FAROL,0,-1.269471,-48.561037,BAR DO NEGAO,1.0
DAICO,CRUZEIRO,RUA  DO FAROL,93,-1.266447,-48.563601,BAR BEIRA MAR,1.0
DAICO,CRUZEIRO,RUA  DO FAROL,0,-1.265574,-48.563814,MARUJOS BAR E RESTAURANTE,1.0
DAICO,CRUZEIRO,RUA  DO FAROL,0,-1.26743,-48.562403,BAR E RESTAURANTE FAROL DAS ESTRELAS,1.0
DAMOS,BAIA DO SOL,ESTRADA  DA BAIA DO SOL,315,-1.06953,-48.350236,FRUTARIA E PEIXARIA 3 IRMAOS,1.0
DAGUA,CREMACAO,AVENIDA CONSELHEIRO FURTADO,2391,-1.456578,-48.477852,CAFETERIA,1.0
DAGUA,CANUDOS,AVENIDA  GENTIL BITTENCOURT,3800,-1.45484,-48.45889,RESTAURANTE BOM APETITE,1.0
DAOUT,AGUA BOA,TRAVESSA  UNIAO,35,-1.251562,-48.445939,BAR,1.0
DABEN,BENGUI,RUA  BETANIA,103,-1.372656,-48.449278,RESTAURANTE,1.0
DASAC,SACRAMENTA,TRAVESSA  LOMAS VALENTINAS,192,-1.420515,-48.47457,BAR,1.0
DAMOS,BONFIM,RAMAL  CARUARU,0,-1.158437,-48.40368,BAR DO CHOPP,1.0
DAMOS,MARACAJA,RAMAL  CARUARU,51,-1.167825,-48.4107,BAR,1.0
DAMOS,MARACAJA,RAMAL  CARUARU,0,-1.168127,-48.413102,BAR E CONVENIENCIA DO CARUARU,1.0
DAMOS,MARACAJA,RAMAL  CARUARU,0,-1.186318,-48.407876,ROSANGELAS BAR,1.0
DABEN,TAPANA,RUA  PAULO GUILHERME,23,-1.352177,-48.475794,RESTAURANTE,1.0
DAMOS,BONFIM,RODOVIA ENGENHEIRO AUGUSTO MEIRA FILHO,0,-1.167419,-48.336916,RESTAURANTE,1.0
DASAC,SACRAMENTA,TRAVESSA  LOMAS VALENTINAS,190,-1.420547,-48.474628,RESTAURANTE PONTO CERTO,1.0
DABEN,CABANAGEM,PASSAGEM SAO JOAO,38,-1.37339,-48.435154,DEPOSITO BEBIDAS,1.0
DABEN,TAPANA,RUA  D,23,-1.35129,-48.473894,DEPOSITO DE BEBIDAS,1.0
DABEL,MARCO,PASSAGEM SANTO ANTONIO,119,-1.43461,-48.455786,BAR DO SEU RAIMUNDO,1.0
DAICO,PARQUE GUAJARA,COMUNIDADE  RUA L NOVA CANAA,0,-1.335596,-48.454913,BAR,1.0
DAGUA,CREMACAO,RUA  DOS MUNDURUCUS,2458,-1.458384,-48.48372,BAR,1.0
DAICO,CRUZEIRO,RUA  DO FAROL,44,-1.267,-48.562575,BAR E RESTAURANTE FAROL,1.0
DAICO,PARQUE GUAJARA,RUA  MARIO ANDREAZA,18,-1.328824,-48.450681,FABRICA CROC TAPIOCA,1.0
DABEL,UMARIZAL,RUA  DIOGO MOIA,491,-1.443536,-48.484686,RESTAURANTE DELIVRY,2.0
DAMOS,BONFIM,RAMAL  CARUARU,0,-1.140394,-48.389416,BAR ROSA,1.0
DAMOS,BONFIM,RODOVIA ENGENHEIRO AUGUSTO MEIRA FILHO,0,-1.16972,-48.334339,ROCHAS BAR,1.0
DABEL,CAMPINA,RUA PADRE PRUDENCIO,79,-1.451258,-48.498862,RESTAURANTE E CHURRASCARIA,1.0
DAGUA,GUAMA,PASSAGEM  DUAS AMERICAS,42,-1.456175,-48.458421,PONTO DE CHURRASCO E DEPOSITO,1.0
DASAC,SACRAMENTA,PASSAGEM  CRISTO REI,65,-1.411731,-48.47528,BOTECO DO FABIO,1.0
DAGUA,CANUDOS,AVENIDA  GENTIL BITTENCOURT,3800,-1.454842,-48.458895,RESTAURANTE BOM APETITE,1.0
DABEN,CABANAGEM,RUA  PRINCIPAL,111,-1.37304,-48.43189,RESTAURANTE,1.0
DAMOS,ARIRAMBA,RAMAL  CARUARU,0,-1.160641,-48.409328,BAR DA LOURA,1.0
DAENT,MANGUEIRAO,PASSAGEM  SNAPP,100,-1.394805,-48.431576,DEPOSITO DE BEBIDAS,1.0
DASAC,TELEGRAFO,PASSAGEM SAO PEDRO,42,-1.422043,-48.484128,BAR DO ARI,1.0
DASAC,TELEGRAFO,RUA  CURUCA,1052,-1.429868,-48.483226,DEPOSITO DE BEBIDAS,1.0
DAICO,CRUZEIRO,RUA  DO FAROL,13,-1.265563,-48.563921,BAR DO NEGAO,1.0
DASAC,TELEGRAFO,RUA  CURUCA,1006,-1.43015,-48.483389,BAR,1.0
DABEL,UMARIZAL,RUA  DIOGO MOIA,489,-1.443551,-48.484589,BAR,1.0
DAMOS,BONFIM,RAMAL  CARUARU,7,-1.154105,-48.40264,BAR DO JOAO,1.0
DAGUA,GUAMA,RUA BARAO DE IGARAPE MIRI,834,-1.467243,-48.461062,BAR DJALMA 2000,1.0
DAICO,MARACACUERA,ESTRADA  DO OUTEIRO,0,-1.301267,-48.453773,RESTAURANTE MORAES,1.0
DASAC,MARACANGALHA,RUA  RIO TAPAJOS,6,-1.403526,-48.481754,BAR,1.0
DAGUA,JURUNAS,PASSAGEM  BEIRA MAR,50,-1.473874,-48.497521,BAR BOA IDEIA,1.0
DASAC,PEDREIRA,TRAVESSA VISCONDE DE INHAUMA,427,-1.435467,-48.469718,CHURRASCO DA FAMILIA,1.0
DAMOS,VILA,RUA  BEIRA RIO,33,-1.160769,-48.472261,BAR E RESTAURANTE SANTANA,1.0
DAICO,CRUZEIRO,RUA  DO FAROL,43,-1.267734,-48.56219,BAR E RESTAURANTE RECANTO DA ARARAS,1.0
DASAC,PEDREIRA,VILA  NOLETO,1193,-1.427304,-48.472564,BAR DO ALVARO,1.0
DAOUT,AGUA BOA,ESTRADA  DO TUCUMAEIRA,2475,-1.254329,-48.447623,RESTAURANTE E LANCHONETE CANTINHO DA LULU,1.0
DAICO,CAMPINA DE ICOARACI,AVENIDA  CONTORNO OESTE,29,-1.298974,-48.469453,RESTAURANTE DA BIA,1.0
DAICO,CRUZEIRO,RUA  DO FAROL,0,-1.266222,-48.563696,BAR ROSA AZUL,1.0
DAICO,PONTA GROSSA,TRAVESSA  DOS BERREDOS,641,-1.306646,-48.483231,BAR DO FE,1.0
DAGUA,CONDOR,TRAVESSA  TRES DE MAIO,86,-1.468803,-48.473221,BAR,1.0
DAICO,CRUZEIRO,RUA  DO FAROL,0,-1.266097,-48.563717,BAR MARE MANSA,1.0
DAMOS,FAROL,AVENIDA  DEZESSEIS DE NOVEMBRO,816,-1.13902,-48.459744,RESTAURANTE DA ILHA,1.0
DAENT,MARAMBAIA,PASSAGEM  BATISTA,32,-1.396214,-48.446845,BAR GUT GUT,1.0
DAICO,MARACACUERA,ESTRADA  DO OUTEIRO,0,-1.299543,-48.453947,CANTINHO DO CAFE,1.0
DAMOS,SUCURIJUQUARA,RUA  DOS OPERARIOS,0,-1.084389,-48.367774,BAR DO ALDEMIR,1.0
DAENT,CURIO-UTINGA,AVENIDA  JOAO PAULO SEGUNDO,0,-1.428682,-48.446159,BAR BOKA BOA,1.0
DABEL,UMARIZAL,PASSAGEM  CELIA,689,-1.444336,-48.484793,BAR,1.0
DAICO,MARACACUERA,ESTRADA  VELHA DO OUTEIRO,100,-1.292775,-48.462033,RESTAURANTE,1.0
DAMOS,BAIA DO SOL,RUA  BEIRA RIO,0,-1.062682,-48.337372,BAR DA CASTANHEIRA,1.0
DAENT,MARAMBAIA,AVENIDA  TAVARES BASTOS,1262,-1.403367,-48.450037,RESTAURANTE,1.0
DAICO,CRUZEIRO,RUA  DO FAROL,0,-1.267875,-48.561964,BAR FAMA BAR,1.0
DAENT,UNIVERSITARIO,RIO  GUARAPIRANGA,98,-1.508535,-48.412769,RESTAURANTE A ILHA,1.0
DASAC,BARREIRO,PASSAGEM SANTO ANTONIO,3,-1.416033,-48.493134,BAR,1.0
DAGUA,CANUDOS,AVENIDA  CEARA,340,-1.447978,-48.462532,RESTAURANTE FE EM DEUS,1.0
DAGUA,CREMACAO,RUA  FERNANDO GUILHON,0,-1.462912,-48.47779,BAR GOTEIRAO,1.0
DABEN,TAPANA,TRAVESSA  HAROLDO VELOSO,60,-1.340639,-48.47732,ATRACAO BAR,1.0
DABEL,UMARIZAL,TRAVESSA  JOSE PIO,143,-1.432303,-48.490159,RESTAURANTE E LANCHONETE COLIBRI,1.0
DAOUT,AGUA BOA,AVENIDA  PAULO COSTA,1725,-1.256906,-48.451006,PEIXARIA MARAJO,1.0
DABEN,CABANAGEM,PASSAGEM  DA PAZ,65,-1.369845,-48.432073,BAR ORIENTAL,1.0
DAENT,MARAMBAIA,AVENIDA  DALVA,705,-1.405225,-48.438893,DEPOSITO DE BEBIDAS,1.0
DABEN,COQUEIRO,RUA  T 1,11,-1.3575,-48.441678,RESTAURANTE POINT DO AMERICO,1.0
DABEN,TAPANA,PASSAGEM  MARCOS PEREIRA,722,-1.34855,-48.475464,BAR,1.0
DABEN,UNA,PASSAGEM  ESPORTIVA,0,-1.372151,-48.42336,BAR DOS PARCEIROS,1.0
DABEN,UNA,PASSAGEM  ESPORTIVA,31,-1.370928,-48.423678,DEPOSITO DE BEBIDAS,1.0
DAENT,MARAMBAIA,AVENIDA  RODOLFO CHERMONT,0,-1.406496,-48.453173,SPORT BAR,1.0
DAENT,MARAMBAIA,PASSAGEM  DALVA,106,-1.401298,-48.439967,IMPERIO DO CHURRASCO,1.0
DAMOS,BONFIM,RODOVIA  PA 391,841,-1.103908,-48.400908,RESTAURANTE PF,1.0
DASAC,BARREIRO,PASSAGEM  CAJU,419,-1.412897,-48.484614,BAR,1.0
DAGUA,JURUNAS,AVENIDA  BERNARDO SAYAO,208,-1.468379,-48.501291,RESTAURANTE MAIAUTA,1.0
DABEL,MARCO,PASSAGEM  PIO DEZ,390,-1.436821,-48.452356,BAR DA HERMINIA,1.0
DABEL,MARCO,PASSAGEM  PIO DEZ,2920,-1.436403,-48.452012,RESTAURANTE AMIGOS,1.0
DAGUA,CONDOR,TRAVESSA PADRE EUTIQUIO,9246,-1.474637,-48.472206,BAR DE BEBIDAS SOB NOVA DIRECAO,1.0
DAGUA,CONDOR,TRAVESSA PADRE EUTIQUIO,0,-1.474644,-48.472216,BAR DO DENTINHO,1.0
DAOUT,SAO JOAO DO OUTEIRO,RUA  BEIRA RIO,0,-1.253578,-48.464093,BAR MARA E MIRA,1.0
DASAC,SACRAMENTA,PASSAGEM  SEVERA ROMANA,78,-1.414064,-48.474398,RESTAURANTE,1.0
DASAC,SACRAMENTA,PASSAGEM  SEVERA ROMANA,102,-1.414256,-48.474674,RESTAURANTE GRILL E CIA,1.0
DABEN,TAPANA,ALAMEDA  UM,0,-1.349275,-48.466727,BAR DO NALDINHO,1.0
DAICO,PARACURI,ILHA  URUBUOCA,10,-1.327732,-48.533594,BAR SOL,1.0
DASAC,TELEGRAFO,RUA  DO ACAMPAMENTO,520,-1.42836,-48.481565,BAR,1.0
DAICO,PARQUE GUAJARA,RUA  MARIO ANDREAZA,77,-1.328856,-48.452689,BAR MARAJOARA,1.0
DAICO,PARQUE GUAJARA,RUA  MARIO ANDREAZA,69,-1.329053,-48.452404,VENDA DE CHURRASCO,1.0
DAENT,MARAMBAIA,AVENIDA  PARAGOMINAS,15,-1.399409,-48.462049,BAR,1.0
DAENT,MARAMBAIA,AVENIDA  PARAGOMINAS,15,-1.39944,-48.462057,BAR,1.0
DABEL,UMARIZAL,AVENIDA  ALCINDO CACELA,717,-1.442836,-48.47851,MENU DELICIA RESTAURANTE,1.0
DASAC,PEDREIRA,TRAVESSA  ALFERES COSTA,2021,-1.422329,-48.461962,DEPOSITO DE BEBIDAS,1.0
DASAC,PEDREIRA,TRAVESSA  ALFERES COSTA,2021,-1.422157,-48.461969,RESTAURANTE DO GORDO,1.0
DAICO,PARACURI,RUA  GUARA,245,-1.316847,-48.483695,BAR,1.0
DAMOS,PORTO ARTHUR,RODOVIA ENGENHEIRO AUGUSTO MEIRA FILHO,120,-1.129563,-48.449174,RESTAURANTE E CAFETERIA,1.0
DAGUA,MONTESE (TERRA FIRME),PASSAGEM  NOVA LIBERDADE,131,-1.463725,-48.452986,BAR,1.0
DAICO,CAMPINA DE ICOARACI,RUA  CASTRO ALVES,117,-1.294646,-48.464858,BAR DEPOSITO E SALAO,2.0
DASAC,TELEGRAFO,TRAVESSA  DJALMA DUTRA,0,-1.431803,-48.485678,VENDA DE CAFE,1.0
DAGUA,GUAMA,PASSAGEM  BUGARIM,93,-1.469054,-48.471678,ROSAS BAR MERCEARIA,1.0
DABEL,CAMPINA,VILA  MARISA,0,-1.452364,-48.497154,CYBER CAFE,1.0
DABEL,CAMPINA,RUA  RIACHUELO,186,-1.453531,-48.497098,RESTAURANTE MANIA DE COMER,1.0
DAICO,AGULHA,PASSAGEM  IVAN LEAO,434,-1.305435,-48.473828,BAR,1.0
DAICO,CAMPINA DE ICOARACI,ESTRADA  VELHA DO OUTEIRO,1517,-1.29371,-48.466121,BAR DO PERU,1.0
DABEN,UNA,PASSAGEM  ESPORTIVA,12,-1.371317,-48.423877,BAR,1.0
DAICO,TENONE,RUA  OL UM,5,-1.327036,-48.440004,RESTAURANTE,1.0
DASAC,TELEGRAFO,RUA  DO ACAMPAMENTO,520,-1.428473,-48.481499,BAR E MERCEARIA,1.0
DABEN,PARQUE VERDE,RUA  UIRAPURU,5,-1.361388,-48.449849,RESTAURANTE,1.0
DAGUA,GUAMA,PASSAGEM NOSSA SENHORA DAS GRACAS,238,-1.456119,-48.45637,DEPOSITO DE BEBIDAS,1.0
DAENT,CURIO-UTINGA,RIO  GUARAPIRANGA,0,-1.506197,-48.404567,BAR E MERCEARIA,1.0
DABEL,SAO BRAS,TRAVESSA  QUATORZE DE ABRIL,1605,-1.454219,-48.47236,BAR E RESTAURANTE CEARA,1.0
DABEN,PARQUE VERDE,RUA  BRAGANCA,34,-1.370847,-48.442839,RESTAURANTE DA MORENA,1.0
DASAC,PEDREIRA,PASSAGEM  CONCEICAO,35,-1.414632,-48.468134,PEIXARIA DO JUNIOR,1.0
DAOUT,AGUA BOA,AVENIDA  PAULO COSTA,2153,-1.256421,-48.451456,BAR DA HILDA,1.0
DAGUA,JURUNAS,RUA SAO MIGUEL,42,-1.471143,-48.488843,BOTECO,1.0
DAICO,AGULHA,TRAVESSA  SOUZA FRANCO,1231,-1.303998,-48.477159,BAR,1.0
DABEN,TAPANA,ALAMEDA  UM,3,-1.349278,-48.466756,BAR DO RATINHO,1.0
DAICO,CRUZEIRO,TRAVESSA SAO ROQUE,465,-1.30035,-48.485507,BAR COTTON CLUB,1.0
DABEL,SAO BRAS,TRAVESSA  QUATORZE DE ABRIL,1473,-1.452908,-48.472492,NESTOR CAFE,1.0
DASAC,BARREIRO,PASSAGEM  CAJU,417,-1.413282,-48.484468,BAR DO PISSIU,1.0
DAGUA,GUAMA,PASSAGEM  BOM JESUS DOIS,258,-1.458625,-48.456258,CHURRASCO FERREIRAS CHURAS,1.0
DAGUA,CREMACAO,RUA  DOS MUNDURUCUS,3100,-1.458128,-48.478133,RESTAURANTE E ESCRITORIOS DE ADVOCACIA,4.0
DAOUT,SAO JOAO DO OUTEIRO,RUA  BEIRA RIO,25,-1.254055,-48.464575,BAR E RESTAURANTE DESATIVADO,1.0
DASAC,SACRAMENTA,PASSAGEM  SEVERA ROMANA,82,-1.414136,-48.474419,DEPOSITO DE BEBIDAS,1.0
DAENT,CURIO-UTINGA,RUA  RADIO CLUBE,10,-1.401636,-48.413512,FERREIRA BAR,1.0
DABEN,COQUEIRO,VIA  PRINCIPAL,0,-1.346226,-48.439298,BAR,1.0
DAGUA,CONDOR,TRAVESSA PADRE EUTIQUIO,4016,-1.474211,-48.472828,BAR DA CICI,1.0
DAMOS,BAIA DO SOL,ESTRADA  DA BAIA DO SOL,198,-1.070639,-48.351633,PEIXARIA DO RILDO,1.0
DASAC,FATIMA,TRAVESSA  TRES DE MAIO,1579,-1.442227,-48.474776,CHURRASCO DO FAVIO,1.0
DASAC,FATIMA,TRAVESSA  QUATORZE DE ABRIL,346,-1.443103,-48.472659,RESTAURANTE E DELIVERY DE COMIDA JAPONESA,1.0
DASAC,TELEGRAFO,PASSAGEM  SEM DENOMINACAO,22,-1.427379,-48.491272,BAR,1.0
DASAC,TELEGRAFO,PASSAGEM  SEM DENOMINACAO,22,-1.42746,-48.491369,BAR DO CARLAO,1.0
DASAC,PEDREIRA,AVENIDA VISCONDE DE INHAUMA,769,-1.433004,-48.467767,RESTAURANTE,1.0
DAMOS,SAO FRANCISCO,RUA  JARDIM HESPERIDES,0,-1.10415,-48.420589,BAR DA SOCORRO,1.0
DASAC,PEDREIRA,TRAVESSA  DA ESTRELLA,881,-1.428196,-48.474734,BAR DO BETO,1.0
DABEL,CIDADE VELHA,AVENIDA ALMIRANTE TAMANDARE,71,-1.461756,-48.50317,BAR RAIZES,1.0
DASAC,TELEGRAFO,RUA  DO ACAMPAMENTO,464,-1.42859,-48.481027,DEPOSITO BEBIDA,1.0
DAICO,AGULHA,PASSAGEM SAO JOSE DE RIBAMAR,85,-1.307491,-48.471373,DEPOSITO DE BEBIDAS,1.0
DABEL,UMARIZAL,TRAVESSA DOM ROMUALDO DE SEIXAS,1519,-1.445581,-48.483832,CAFETERIA E SUSHI,1.0
DAMOS,BONFIM,RODOVIA ENGENHEIRO AUGUSTO MEIRA FILHO,33,-1.11662,-48.390976,BAR AQUI TA BOM,1.0
DAICO,CRUZEIRO,RUA SANTA IZABEL,400,-1.294082,-48.480041,BAR,1.0
DASAC,SACRAMENTA,PASSAGEM  MUCAJA,428,-1.410848,-48.469866,BAR,1.0
DABEL,UMARIZAL,AVENIDA SENADOR LEMOS,983,-1.435059,-48.48664,BAR BENDITA MARVADA,1.0
DABEL,MARCO,AVENIDA  CEARA,157,-1.4481,-48.464198,BAR,1.0
DABEL,MARCO,AVENIDA  CEARA,221,-1.448002,-48.463772,BAR DO NUNES,1.0
DABEN,COQUEIRO,AVENIDA SAO PEDRO,14,-1.355651,-48.438248,RESTAURANTE E LANCHONETE,1.0
DASAC,TELEGRAFO,TRAVESSA  DJALMA DUTRA,933,-1.432396,-48.482749,BAR,1.0
DAENT,MANGUEIRAO,AVENIDA  DAMASCO,180,-1.374135,-48.440517,RESTAURANTE,1.0
DABEL,SAO BRAS,AVENIDA GOVERNADOR MAGALHAES BARATA,595,-1.451866,-48.475155,TOPERE BAR RESTAURANTE,1.0
DABEN,TAPANA,RODOVIA  ARTHUR BERNARDES,801,-1.341411,-48.478816,RESTAURANTE DELICIA,1.0
DASAC,MARACANGALHA,AVENIDA  LESTE,142,-1.398253,-48.484392,BAR,1.0
DAICO,TENONE,PASSAGEM  SEXTA LINHA,34,-1.320359,-48.436087,DEPOSITO DE BEBIDAS,1.0
DABEN,TAPANA,RODOVIA  DO TAPANA,183,-1.33732,-48.468387,RESTAURANTE A GOSTO,1.0
DABEN,TAPANA,RODOVIA  ARTHUR BERNARDES,8546,-1.349034,-48.477435,RESTAURANTE,1.0
DAMOS,CARUARA,ESTRADA  DO MARAHU,0,-1.070807,-48.394898,BAR PAU DE ARARA 2,1.0
DASAC,PEDREIRA,TRAVESSA  LOMAS VALENTINAS,648,-1.424678,-48.469137,BAR JAMAICA PALACE,1.0
DASAC,PEDREIRA,TRAVESSA  LOMAS VALENTINAS,732,-1.424915,-48.468285,RESTAURANTE DOCES TENTACOES,1.0
DAMOS,CARANANDUBA,VILA  SAPO,53,-1.101268,-48.413411,BAR DA LUCIA,1.0
DASAC,PEDREIRA,TRAVESSA  ALFERES COSTA,1899,-1.421473,-48.4632,RESTAURANTE,1.0
DABEN,PRATINHA,PASSAGEM PROFETA ISAIAS,258,-1.368185,-48.469959,BAR LOBO,1.0
DAENT,CASTANHEIRA,RUA SANTA ODILIA,461,-1.396434,-48.430612,BAR,1.0
DAENT,CASTANHEIRA,RUA SANTA ODILIA,535,-1.396789,-48.430774,DEPOSITO DE BEBIDAS,1.0
DAGUA,JURUNAS,RUA SAO MIGUEL,323,-1.46901,-48.487355,RESTAURANTE DA ELISANDRA,1.0
DABEL,REDUTO,TRAVESSA  PIEDADE,300,-1.44894,-48.49431,DEPOSITO DE BEBIDAS CASA PRIMOROSA,1.0
DABEL,REDUTO,TRAVESSA  PIEDADE,342,-1.448905,-48.494322,DEPOSITO DE BEBIDAS CASA PRIMOROSA,1.0
DAGUA,CONDOR,AVENIDA  ALCINDO CACELA,0,-1.4733,-48.475912,RESTAURANTE,1.0
DAGUA,CONDOR,AVENIDA  ALCINDO CACELA,0,-1.472956,-48.47581,RESTAURANTE,1.0
DAICO,PONTA GROSSA,TRAVESSA  SOUZA FRANCO,1212,-1.304524,-48.478117,SALDANHA BAR,1.0
DAGUA,CONDOR,RUA  DOS TAMBES,0,-1.473586,-48.481299,PINGOS BAR,1.0
DAICO,PONTA GROSSA,RUA PADRE JULIO MARIA,998,-1.302596,-48.485475,BAR,1.0
DAENT,MARAMBAIA,PASSAGEM  IRACEMA,0,-1.401132,-48.44798,IRACEMA PEIXARIA,1.0
DASAC,SACRAMENTA,AVENIDA  PEDRO ALVARES CABRAL,12,-1.410955,-48.468709,LA TAPIOCARIA,1.0
DASAC,MARACANGALHA,AVENIDA  CONTORNO LESTE,15,-1.400122,-48.476104,BAR,1.0
DABEN,BENGUI,TRAVESSA SAO PEDRO,0,-1.375425,-48.45521,RESTAURANTE COMIDAS TIPICAS,1.0
DABEN,BENGUI,TRAVESSA SAO PEDRO,222,-1.375378,-48.455242,ATENAS BAR,1.0
DABEN,PRATINHA,PASSAGEM  JOHN ENGELHARD,9,-1.361368,-48.470342,COELHO BAR,1.0
DABEN,PARQUE VERDE,AVENIDA PADRE BRUNO SECHI,9,-1.36844,-48.458267,CHARLISOM BAR E RESTAURANTE,1.0
DABEL,NAZARE,AVENIDA  NAZARE,1157,-1.452244,-48.482571,RESTAURANTE SABOR MARAJOARA,1.0
DAOUT,AGUA BOA,AVENIDA  PAULO COSTA,1036,-1.257343,-48.450595,RESTAURANTE ANNY,1.0
DAICO,TENONE,PASSAGEM  SEXTA LINHA,45,-1.321075,-48.436048,BAR,1.0
DABEL,SAO BRAS,TRAVESSA  NINA RIBEIRO,0,-1.449275,-48.464617,RESTAURANTE DA LILYA,1.0
DAGUA,GUAMA,TRAVESSA  EZERIEL MONICO DE MATOS,158,-1.464562,-48.461633,BAR DO CEARA,1.0
DAGUA,CANUDOS,AVENIDA  CEARA,221,-1.448401,-48.462839,BAR,1.0
DASAC,PEDREIRA,RUA  NOVA,1455,-1.419772,-48.473634,RESTAURANTE SABOR CASEIRO,1.0
DAICO,CAMPINA DE ICOARACI,TRAVESSA SAO ROQUE,70,-1.2997,-48.47512,BAR,1.0
DABEN,TAPANA,RODOVIA  ARTHUR BERNARDES,8541,-1.348742,-48.47739,RESTAURANTE,1.0
DASAC,TELEGRAFO,TRAVESSA  DJALMA DUTRA,1061,-1.432743,-48.481611,BAR,1.0
DASAC,PEDREIRA,TRAVESSA  VILETA,873,-1.43125,-48.475063,CHURRASCARIA,1.0
DASAC,MARACANGALHA,PASSAGEM SAO SEBASTIAO,50,-1.402535,-48.477628,BAR,1.0
DAICO,CAMPINA DE ICOARACI,RUA  OITO DE MAIO,913,-1.294422,-48.470596,BAR,1.0
DASAC,FATIMA,RUA  DIOGO MOIA,1553,-1.441209,-48.475863,RESTAURANTE,1.0
DAGUA,CONDOR,TRAVESSA PADRE EUTIQUIO,3131,-1.468795,-48.479848,RESTAURANTE,1.0
DASAC,SACRAMENTA,AVENIDA  PEDRO ALVARES CABRAL,0,-1.40993,-48.467192,RESTAURANTE,1.0
DABEN,PRATINHA,PASSAGEM PROFETA ISAIAS,59,-1.36823,-48.470147,BAR CASA ALVES,1.0
DABEN,TAPANA,RUA  BELEM,1,-1.344177,-48.459118,TAPIOCARIA E SOVETERIA,1.0
DABEL,UMARIZAL,AVENIDA SENADOR LEMOS,973,-1.434983,-48.48671,DEPOSITO DE BEBIDAS,1.0
DABEN,TAPANA,RODOVIA  DO TAPANA,1,-1.348607,-48.461052,PEIXARIA DO NEGUINHO,1.0
DAGUA,GUAMA,TRAVESSA  LIBERATO DE CASTRO,294,-1.465827,-48.463321,BAR E LANCHONETE,1.0
DABEL,SAO BRAS,AVENIDA GOVERNADOR MAGALHAES BARATA,623,-1.451805,-48.475039,RESTAURANTE CHURRASCARIA LANCHONETE BEEFS,1.0
DABEN,BENGUI,PASSAGEM  FERREIRA FILHO,150,-1.374372,-48.453191,CASA DE EVENTOS,1.0
DASAC,SACRAMENTA,RUA  NOVA,1463,-1.419489,-48.473746,RESTAURANTE,1.0
DABEN,COQUEIRO,RUA  DOIS,112,-1.352407,-48.447102,RESTAURANTE GMIX,1.0
DABEL,MARCO,TRAVESSA  MAURITI,4025,-1.441981,-48.451319,BAR E RESTAURANTE DA PRETA,1.0
DAICO,PARQUE GUAJARA,PASSAGEM  GOUVEIA SILVA,26,-1.327842,-48.455131,BAR,1.0
DABEN,TAPANA,RODOVIA  DO TAPANA,183,-1.337236,-48.468487,BAR BABILONIA,1.0
DAOUT,SAO JOAO DO OUTEIRO,RUA  BEIRA RIO,0,-1.252487,-48.462018,BAR E CONVENIENCIA DA ORLA,1.0
DABEL,SAO BRAS,AVENIDA  JOSE BONIFACIO,0,-1.448963,-48.46897,PAPA XIBE RESTAURANTE CAFE E CONVENIENCIA,1.0
DABEN,TAPANA,RODOVIA  ARTHUR BERNARDES,243,-1.340792,-48.478922,BAR,1.0
DAICO,PARQUE GUAJARA,RUA  JAIME TEIXEIRA,12,-1.314831,-48.461865,BAR,1.0
DABEN,TAPANA,RODOVIA  ARTHUR BERNARDES,42,-1.345939,-48.477978,RESTAURANTE,1.0
DABEN,TAPANA,RODOVIA  ARTHUR BERNARDES,15,-1.344784,-48.478187,RESTAURANTE,1.0
DABEL,REDUTO,TRAVESSA  PIEDADE,336,-1.448851,-48.494368,DEPOSITO DE BEBIDAS CASA PRIMOROSA,1.0
DABEN,BENGUI,TRAVESSA SAO PEDRO,17,-1.375378,-48.455242,BAR KT ESPERO,1.0
DABEN,PRATINHA,PASSAGEM  JOHN ENGELHARD,6,-1.361363,-48.470493,RESTAURANTE IMPERIO,1.0
DABEL,UMARIZAL,AVENIDA SENADOR LEMOS,641,-1.43718,-48.487761,BAR MEU GAROTO,1.0
DASAC,SACRAMENTA,PASSAGEM  STELIO MAROJA,1407,-1.41956,-48.483865,BAR,1.0
DAGUA,GUAMA,TRAVESSA  LIBERATO DE CASTRO,304,-1.465926,-48.463208,DEPOSITO DE BEBIDAS,1.0
DAGUA,CONDOR,AVENIDA  ALCINDO CACELA,0,-1.473021,-48.475519,BAR,1.0
DAGUA,JURUNAS,RUA  DOS TIMBIRAS,1501,-1.470905,-48.492365,BAR TOCA DO LEAO,1.0
DAICO,MARACACUERA,RUA  BETANIA,0,-1.29187,-48.461098,CASA DE EVENTOS,1.0
DAGUA,GUAMA,RUA  AUGUSTO CORREA,1221,-1.46419,-48.458279,DEPOSITO DE BEBIDAS,1.0
DABEL,SAO BRAS,AVENIDA  ROMULO MAIORANA,74,-1.445508,-48.468303,BAR DO CLAUDIO,1.0
DAGUA,JURUNAS,RUA  DOS TIMBIRAS,1,-1.474595,-48.495123,BAR CAMPEAO,1.0
DABEL,SAO BRAS,AVENIDA GOVERNADOR MAGALHAES BARATA,601,-1.451809,-48.47518,RESTAURANTE TOPERE BAR,1.0
DAGUA,CREMACAO,AVENIDA  ALCINDO CACELA,2872,-1.462444,-48.47688,BAR E DEPOSITO DO VALDO,1.0
DAMOS,PARAISO,ESTRADA  DO CARUARA,0,-1.064773,-48.377435,CASA DE EVENTOS,1.0
DAMOS,FAROL,RUA  BEIRA RIO,73,-1.133871,-48.460937,BAR E RESTAURANTE,1.0
DASAC,PEDREIRA,TRAVESSA  MARIZ E BARROS,1205,-1.429527,-48.472505,RESTAURANTE MISTER DEGUSTACAO,1.0
DAOUT,SAO JOAO DO OUTEIRO,RUA  BEIRA RIO,14,-1.252724,-48.461963,BAR DO BELGA,1.0
DABEL,CAMPINA,AVENIDA  DEZESSEIS DE NOVEMBRO,135,-1.457423,-48.500381,CASA DE SHOW CENTRO,1.0
DAGUA,GUAMA,TRAVESSA  LIBERATO DE CASTRO,272,-1.465632,-48.463283,BAR E LANCHONETE,1.0
DAENT,SOUZA,PASSAGEM  SAMUCA LEVY,0,-1.415591,-48.441431,RESTAURANTE DA RAI,1.0
DAENT,MARAMBAIA,PASSAGEM  HEROIS DE MONTESE,49,-1.398631,-48.452347,BAR DO REGIS,1.0
DABEN,TAPANA,TRAVESSA  SEM DENOMINACAO,207,-1.338462,-48.466492,BAR DA ESQUINA,1.0
DAENT,MANGUEIRAO,AVENIDA MAJOR AVIADOR SEDA,116,-1.382614,-48.455402,DEPOSITO DE BEBIDAS ELSHADAY,2.0
DAICO,TENONE,RODOVIA  AUGUSTO MONTENEGRO,3697,-1.327411,-48.449253,RESTAURANTE RODRIGUES,1.0
DAICO,TENONE,RODOVIA  AUGUSTO MONTENEGRO,0,-1.328365,-48.449341,DEPOSITO DE BEBIDAS,1.0
DABEL,SAO BRAS,AVENIDA GOVERNADOR MAGALHAES BARATA,925,-1.451509,-48.472285,RESTAURANTE PUB GARAGEM VELHA,1.0
DAENT,MARAMBAIA,RUA  E,2,-1.406246,-48.450924,BAR,1.0
DAENT,CASTANHEIRA,RUA  PERICLES GUEDES DE OLIVEIRA,301,-1.402193,-48.431556,BAR E RESTAURANTE GERA SAMBA,1.0
DAENT,MARAMBAIA,PASSAGEM  NINA,19,-1.404897,-48.458373,BAR,1.0
DAENT,MANGUEIRAO,AVENIDA MAJOR AVIADOR SEDA,100,-1.38196,-48.45539,CHURRASCARIA BRASEIRO DE OURO,1.0
DAGUA,CANUDOS,TRAVESSA  FRANCISCO MONTEIRO,700,-1.45205,-48.46013,BAR E RESTAURANTE,1.0
DASAC,SACRAMENTA,TRAVESSA  ANGUSTURA,77,-1.41732,-48.482395,BAR,1.0
DAENT,MARAMBAIA,AVENIDA  RODOLFO CHERMONT,1163,-1.399226,-48.452857,RESTAURANTE ESTRELA,1.0
DAICO,CRUZEIRO,TRAVESSA SAO ROQUE,776,-1.300453,-48.48236,BACAS BAR,1.0
DAICO,PONTA GROSSA,RUA CORONEL JUVENCIO SARMENTO,1873,-1.309624,-48.480838,BAR TIA ZULA,1.0
DAENT,MARAMBAIA,RUA SAO JOSE,25,-1.407286,-48.447211,BAR 51,1.0
DABEN,PARQUE VERDE,RODOVIA  AUGUSTO MONTENEGRO,5000,-1.362048,-48.442114,RESTAURANTE DO CLUBE,1.0
DABEL,CIDADE VELHA,TRAVESSA  JOAQUIM TAVORA,547,-1.4576,-48.501556,RESTAURANTE CANTINHO DA GIGI,1.0
DABEL,CIDADE VELHA,TRAVESSA  JOAQUIM TAVORA,461,-1.457573,-48.502313,RESTAURANTE LA BODEGA,1.0
DABEL,CIDADE VELHA,TRAVESSA  JOAQUIM TAVORA,447,-1.457719,-48.5024,SALAO DO RESTAURANTE LA BODEGA,1.0
DABEL,UMARIZAL,RUA  BERNAL DO COUTO,238,-1.44341,-48.487421,RESTAURANTE ALI BABA,1.0
DAGUA,CREMACAO,RUA  DOS PARIQUIS,2970,-1.459454,-48.477754,RESTAURANTE,1.0
DABEN,COQUEIRO,RUA  ESPERANTISTA,70,-1.347106,-48.439016,NEGAO DO FRANGO BAR,1.0
DAICO,PARQUE GUAJARA,RUA  PARACURI,22,-1.329459,-48.457328,BAR,1.0
DABEN,TAPANA,RUA  RANARIO,0,-1.32774,-48.468367,PEIXARIA FERREIRA,1.0
DABEN,TAPANA,RUA  RANARIO,5,-1.327717,-48.468418,RESTAURANTE JLB,1.0
DASAC,BARREIRO,PASSAGEM  BELO HORIZONTE,21,-1.414973,-48.487023,BAR,1.0
DAMOS,CHAPEU VIRADO,AVENIDA  DEZESSEIS DE NOVEMBRO,1071,-1.140907,-48.460318,BAR DA RUTE,1.0
DASAC,TELEGRAFO,AVENIDA SENADOR LEMOS,1315,-1.431909,-48.485979,RESTAURANTE TODO MUNDO,1.0
DABEL,NAZARE,TRAVESSA  QUATORZE DE MARCO,1933,-1.453169,-48.480546,CHEIA DE GRACA CAFE,1.0
DAMOS,AEROPORTO,RUA  TRICOLOR,16,-1.140657,-48.454371,BAR COM VENDA DE BEBIDAS,1.0
DABEL,CAMPINA,TRAVESSA FREI GIL DE VILA NOVA,215,-1.449756,-48.496019,RESTAURANTE CASA IGA,1.0
DABEL,MARCO,TRAVESSA  MAURITI,3990,-1.440845,-48.453158,RESTAURANTE COMIDA CAZEIRA,1.0
DASAC,SACRAMENTA,PASSAGEM  GRAO PARA,110,-1.41446,-48.480848,BAR CLANDESTINO,1.0
DABEL,MARCO,TRAVESSA  CHACO,2576,-1.444549,-48.461003,BAR TEMPLO DO ROCK RESTAURANTE,1.0
DABEL,MARCO,TRAVESSA  CURUZU,0,-1.444988,-48.462745,BISTRO BICOLOR BAR E RESTAURANTE,1.0
DABEL,MARCO,TRAVESSA  CURUZU,2255,-1.445338,-48.462227,COMIDA CASEIRA RESTAURANTE,1.0
DABEN,PARQUE VERDE,RUA  HELIO PINHEIRO,30,-1.365807,-48.45107,BAR,1.0
DAICO,PARACURI,RUA  JUTAI,20,-1.314926,-48.47819,RESTAURANTE,1.0
DAGUA,JURUNAS,RUA  DOS TAMOIOS,549,-1.468271,-48.497487,DEPOSITO DE BEBIDAS,1.0
DABEN,PARQUE VERDE,PASSAGEM  MAGALHAES BARATA,1,-1.371741,-48.4425,BAR BOHEMIA,1.0
DABEN,TAPANA,RUA  QUATRO,2,-1.358933,-48.463183,RESTAURANTE,1.0
DASAC,PEDREIRA,TRAVESSA  MARIZ E BARROS,540,-1.426417,-48.47749,BAR,1.0
DABEL,BATISTA CAMPOS,RUA  DOS CARIPUNAS,1951,-1.460768,-48.485971,RESTAURANTE,1.0
DABEN,TAPANA,ESTRADA  DA PICARREIRA,1,-1.330987,-48.469702,RESTAURANTE GEO,1.0
DABEN,TAPANA,ESTRADA  DA PICARREIRA,5,-1.330975,-48.469872,RESTAURANTE SABOR DA CASA,1.0
DAENT,AGUAS LINDAS,RUA  PARA,84,-1.394543,-48.397461,WE CONVENCIENCIA BAR,1.0
DABEN,PRATINHA,RUA  DOZE DE FEVEREIRO,0,-1.363,-48.468981,BAR DO IVAM,1.0
DABEN,PARQUE VERDE,AVENIDA PADRE BRUNO SECHI,16,-1.36946,-48.458316,RESTAURANTE FE EM DEUS,1.0
DABEN,PARQUE VERDE,AVENIDA PADRE BRUNO SECHI,154,-1.369377,-48.458254,RESTAURANTE,1.0
DAICO,PONTA GROSSA,PRACA  MOURA CARVALHO,421,-1.304215,-48.485376,BAR,1.0
DAENT,AGUAS LINDAS,AVENIDA  LIBERDADE,98,-1.416133,-48.393736,BAR JHOU,1.0
DABEN,CABANAGEM,PASSAGEM  GIRASSOL,2,-1.369637,-48.435263,CASA DE EVENTOS,1.0
DAICO,PARQUE GUAJARA,PASSAGEM  AFONSO PENA,0,-1.307814,-48.464453,BAR,1.0
DABEL,SAO BRAS,AVENIDA CONSELHEIRO FURTADO,3622,-1.455849,-48.465919,BAR E LANCHONETE,1.0
DAGUA,GUAMA,AVENIDA  JOSE BONIFACIO,2683,-1.470589,-48.468651,BAR,1.0
DABEN,COQUEIRO,RODOVIA  MARIO COVAS,0,-1.344139,-48.441489,BAR,1.0
DABEL,NAZARE,PRACA  SANTUARIO DE NAZARE,64,-1.453032,-48.482264,NAPOLI RESTAURANTE E PIZZARIA,1.0
DAGUA,JURUNAS,RUA  DOS TIMBIRAS,1203,-1.466676,-48.489018,DEPOSITO DE BEBIDAS BELFORT,1.0
DAMOS,BONFIM,RODOVIA ENGENHEIRO AUGUSTO MEIRA FILHO,0,-1.173354,-48.330887,CHURRASCARIA JOYA,1.0
DABEL,UMARIZAL,RUA  CURUCA,865,-1.435051,-48.484759,RESTAURANTE,1.0
DASAC,MARACANGALHA,RUA  CINCO,182,-1.398716,-48.476461,DEPOSITO DE BEBIDAS,1.0
DAMOS,MURUBIRA,RUA  VARIANTE,95,-1.123407,-48.434979,BAR E RESTAURANTE,1.0
DAMOS,VILA,ESTRADA  DO POCAO,0,-1.212815,-48.528329,BAR DA NOEMIA,1.0
DABEL,CIDADE VELHA,RUA  BOAVENTURA,86,-1.460184,-48.505587,MOAGEM DE CAFE LIDER,1.0
DABEN,TAPANA,RUA  ALBERTO VILAR,11,-1.35272,-48.460122,LANCHONETE E RESTAURANTE,1.0
DAICO,CAMPINA DE ICOARACI,AVENIDA  CONTORNO OESTE,12,-1.298955,-48.469458,BAR BOTECO DS RE,1.0
DASAC,BARREIRO,PASSAGEM NOSSA SENHORA DA GUIA,32,-1.416266,-48.487907,BOTECO BARREIRO,1.0
DABEN,BENGUI,RUA  BETANIA,252,-1.37512,-48.450617,CAFETERIA EL SHADAY,1.0
DABEN,TAPANA,RUA  RANARIO,47,-1.328178,-48.468315,BAR DO JAPONES,1.0
DASAC,SACRAMENTA,AVENIDA  JULIO CESAR,80,-1.403908,-48.469423,DEPOSITO DE BEBIDAS,1.0
DASAC,TELEGRAFO,TRAVESSA  VILETA,222,-1.428158,-48.480039,DEPOSITO DE BEBIDAS,1.0
DABEL,REDUTO,TRAVESSA  QUINTINO BOCAIUVA,919,-1.448247,-48.489652,RESTAURANTE REFEICOES DC,1.0
DAENT,UNIVERSITARIO,ACESSO  DO TUCUNDUBA,0,-1.466362,-48.453175,BAR SINUCA,1.0
DABEL,MARCO,TRAVESSA  CURUZU,2343,-1.44587,-48.461385,RESENHA PRIME BAR E RESTAURANTE,1.0
DAGUA,MONTESE (TERRA FIRME),PASSAGEM  SANTANA,0,-1.462721,-48.451733,BAR,1.0
DABEL,NAZARE,RUA  BOAVENTURA DA SILVA,727,-1.448303,-48.485568,BAR E LANCHONETE DO SIRIO,1.0
DAENT,MARAMBAIA,AVENIDA  DALVA,244,-1.406123,-48.438641,RESTAURANTE,1.0
DAOUT,AGUA BOA,RUA  TUCUMAEIRA,0,-1.233939,-48.433549,BAR,1.0
DABEN,COQUEIRO,AVENIDA SAO PEDRO,2,-1.355751,-48.438077,RESTAURANTE CALDOS E CIA,1.0
DAGUA,JURUNAS,PASSAGEM  CACAU,46,-1.475798,-48.489209,BOTECO DO ZE,1.0
DABEL,CIDADE VELHA,RUA  CESARIO ALVIM,310,-1.467601,-48.501196,RESTAURANTE JESUS,1.0
DABEN,TAPANA,RUA PRESIDENTE COSTA E SILVA,521,-1.332694,-48.47336,BAR DA BIA,1.0
DAICO,CRUZEIRO,RUA  MAGALHAES BARATA,462,-1.264876,-48.555928,BAR ARCO IRIS,1.0
DABEL,NAZARE,AVENIDA  NAZARE,1078,-1.452198,-48.483075,RESTAURANTE AVENIDA,1.0
DAENT,CASTANHEIRA,RUA  D,185,-1.397516,-48.433742,BAR GLEBA CHOPP,1.0
DAENT,MARAMBAIA,AVENIDA  RODOLFO CHERMONT,469,-1.405831,-48.453209,BOTECO ESPETO NA BRASA,1.0
DASAC,PEDREIRA,RUA  NOVA,471,-1.427212,-48.47881,MERCEARI E BAR DO LUIZ,1.0
DASAC,TELEGRAFO,RUA  NOVA,429,-1.427589,-48.479132,BAR DO BIGOGE,1.0
DABEN,SAO CLEMENTE,AVENIDA PADRE BRUNO SECHI,4,-1.369156,-48.458515,RESTAURANTE POPULAR,1.0
DASAC,TELEGRAFO,RODOVIA  ARTHUR BERNARDES,30,-1.427579,-48.488336,BAR ESTACAO DO CHOPP,1.0
DABEL,MARCO,TRAVESSA  CHACO,2163,-1.442088,-48.464474,BAR RESTAURANTE DA TIA,1.0
DAGUA,JURUNAS,TRAVESSA  DOS TUPINAMBAS,1202,-1.468778,-48.485105,BOTECO DO GATO INICIO DA FACE,1.0
DAGUA,JURUNAS,RUA  DOS TAMOIOS,35,-1.471826,-48.499988,DEPOSITO DE BEBIDAS,1.0
DAGUA,GUAMA,RUA  DA OLARIA,583,-1.47172,-48.455174,CHURRASCO,1.0
DAICO,CRUZEIRO,RUA  JARBAS PASSARINHO,0,-1.263698,-48.558192,BAR,1.0
DAICO,CRUZEIRO,RUA  JARBAS PASSARINHO,454,-1.263705,-48.557777,BAR,1.0
DAMOS,BONFIM,AVENIDA  PAULO FONTELES,106,-1.107197,-48.399745,BAR DOS AMIGOS,1.0
DAICO,TENONE,PASSAGEM  SEXTA LINHA,14,-1.318631,-48.436169,MERCIARIA E BAR,1.0
DAICO,CAMPINA DE ICOARACI,PASSAGEM  PASSARELA,13,-1.301012,-48.468545,RESTAURANTE CRIS,1.0
DAICO,PARACURI,RUA  CUMARU,40,-1.31253,-48.477542,RESTAURANTE BAYUK,1.0
DASAC,SACRAMENTA,PASSAGEM SANTO ANTONIO,500,-1.413572,-48.472698,BAR,1.0
DAICO,CRUZEIRO,RUA  DO FAROL,0,-1.27076,-48.560248,BAR DA PRAINHA,1.0
DAICO,TENONE,RUA  QUINZE DE AGOSTO,65,-1.321971,-48.447792,BAR DA ESQUINA,1.0
DASAC,SACRAMENTA,AVENIDA SENADOR LEMOS,4094,-1.41449,-48.470739,RESTAURANTE,1.0
DAMOS,CHAPEU VIRADO,TRAVESSA  CORINTIANA,13,-1.137437,-48.453456,BAR,1.0
DAMOS,CHAPEU VIRADO,TRAVESSA  CORINTIANA,101,-1.140517,-48.449836,BAR ROSA,1.0
DASAC,SACRAMENTA,TRAVESSA  MAURITI,396,-1.423752,-48.478448,RESTAURANTE,1.0
DABEL,UMARIZAL,RUA  FERREIRA PENA,358,-1.438326,-48.48149,BAR,1.0
DAGUA,JURUNAS,AVENIDA  BERNARDO SAYAO,1196,-1.474448,-48.49528,BAR LOURA GELADA,1.0
DASAC,SACRAMENTA,TRAVESSA  ANGUSTURA,547,-1.419784,-48.479,RESTAURANTE DO IVAN,1.0
DAOUT,ITAITEUA,RUA  RUA JOSE COTRIM,122,-1.273397,-48.433239,BAR GUIMARAES,1.0
DABEL,MARCO,AVENIDA  JOAO PAULO II,100,-1.447055,-48.461664,DEPOSITO DE BEBIDAS,1.0
DABEN,COQUEIRO,RUA  PRINCIPAL,0,-1.330936,-48.445602,BAR E CONVENIENCIA LOS POLLOS,1.0
DAICO,CAMPINA DE ICOARACI,PASSAGEM  PASSARELA,21,-1.300775,-48.468458,DEPOSITO DE BEBIDADAS DELLAS,1.0
DAENT,UNIVERSITARIO,FURO  BIJOGO,0,-1.496199,-48.416333,RESTAURANTE ILHA BRANCA,1.0
DAICO,CRUZEIRO,RUA  DO FAROL,82,-1.271433,-48.559782,POUSADA RESTAURANTE,1.0
DAICO,CRUZEIRO,RUA  DO FAROL,16,-1.269267,-48.560886,BAR DOMARCAO O TZUDO,1.0
DAICO,CRUZEIRO,RUA  DO FAROL,52,-1.269169,-48.560925,BAR FRENTE PARA PRAIA,1.0
DASAC,MIRAMAR,PASSAGEM  MIRANDINHA,20,-1.415217,-48.488425,DRINKS BAR,1.0
DABEN,BENGUI,ALAMEDA SANTA ISABEL,25,-1.372208,-48.449952,BAR,1.0
DABEL,UMARIZAL,RUA  ANTONIO BARRETO,1176,-1.443205,-48.477891,BELEM HALL CASA DE EVENTOS,1.0
DABEN,COQUEIRO,ALAMEDA  NS 14,73,-1.331372,-48.442149,RESTAURANTE,1.0
DAMOS,MANGUEIRAS,RUA COMANDANTE ERNESTO DIAS,113,-1.161961,-48.466407,BAR DA LIKA,1.0
DASAC,SACRAMENTA,AVENIDA  PEDRO ALVARES CABRAL,3983,-1.414923,-48.478525,RESTAURANTE DA LOURDES,1.0
DABEL,MARCO,AVENIDA  JOAO PAULO II,106,-1.447069,-48.461577,DEPOSITO DE BEBIDAS,1.0
DAICO,CAMPINA DE ICOARACI,RUA  OITO DE MAIO,108,-1.291969,-48.471216,BAR,1.0
DASAC,TELEGRAFO,RUA  DO ACAMPAMENTO,301,-1.428769,-48.480176,BAR,1.0
DABEL,MARCO,AVENIDA  JOAO PAULO II,463,-1.444262,-48.460074,RESTAURANTE RECANTO PARAIBANO,1.0
DAMOS,BONFIM,AVENIDA  PAULO FONTELES,112,-1.107214,-48.399776,CHURRASCO 3 IRMAOS,1.0
DABEN,TAPANA,RUA PRESIDENTE COSTA E SILVA,521,-1.332719,-48.473343,BOTECO,1.0
DASAC,PEDREIRA,TRAVESSA  CHACO,209,-1.432399,-48.478893,BAR,1.0
DAICO,TENONE,PASSAGEM  SEXTA LINHA,16,-1.318725,-48.436083,BAR BEER HOUSE,1.0
DABEN,TAPANA,AVENIDA  BENEDITO MONTEIRO,1,-1.342419,-48.45188,RESTAURANTE SABOR CASEIRO,1.0
DAGUA,JURUNAS,RUA SAO MIGUEL,491,-1.467685,-48.486377,BAR E MERCIARIA,1.0
DABEL,UMARIZAL,RUA  FERREIRA PENA,240,-1.4384,-48.48251,RESTAURANTE,1.0
DABEN,SAO CLEMENTE,AVENIDA PADRE BRUNO SECHI,0,-1.368934,-48.458433,BAR,1.0
DASAC,SACRAMENTA,TRAVESSA BARAO DO TRIUNFO,43,-1.418572,-48.483608,BAR,1.0
DAICO,CRUZEIRO,RUA  JARBAS PASSARINHO,195,-1.263712,-48.557653,BAR,1.0
DABEL,UMARIZAL,RUA  DIOGO MOIA,422,-1.443729,-48.485341,DEPOSITO DE BEBIDA E ESCRITORIOS,2.0
DAICO,CRUZEIRO,RUA  MAGALHAES BARATA,171,-1.266461,-48.556469,BAR BEIRA RIO,1.0
DAENT,UNIVERSITARIO,RUA  SEM DENOMINACAO 1,0,-1.466278,-48.451202,BAR SINUCA,1.0
DABEN,TAPANA,RUA  DOIS DE JULHO,12,-1.342343,-48.467298,RESTAURANTE SABOR ESPECIAL,1.0
DABEN,PARQUE VERDE,ALAMEDA  DA PAZ,10,-1.357949,-48.456145,SPORTS BAR ZICOS,1.0
DASAC,SACRAMENTA,TRAVESSA BARAO DO TRIUNFO,929,-1.423042,-48.476754,DEPOSITO DE BEBIDAS SINDICATOS,1.0
DAENT,MANGUEIRAO,RODOVIA  AUGUSTO MONTENEGRO,0,-1.386233,-48.436166,CHURRASCARIA BOI DOURO,1.0
DAENT,MARAMBAIA,RUA CAPITAO BRAGA,414,-1.403192,-48.435755,BAR DA ANGELA,1.0
DAGUA,JURUNAS,RUA  DOS PARIQUIS,290,-1.471391,-48.496094,DEPOSITO DE BEBIDA,1.0
DAICO,CAMPINA DE ICOARACI,RUA MONSENHOR JOSE MARIA AZEVEDO,180,-1.294613,-48.471071,BAR DA SORTE 2,1.0
DAICO,CAMPINA DE ICOARACI,RUA MONSENHOR JOSE MARIA AZEVEDO,180,-1.294608,-48.471017,BAR 03 WALDIR,1.0
DAICO,CAMPINA DE ICOARACI,RUA MONSENHOR JOSE MARIA AZEVEDO,180,-1.294613,-48.471071,BAR,1.0
DAICO,CAMPINA DE ICOARACI,RUA MONSENHOR JOSE MARIA AZEVEDO,180,-1.294556,-48.470795,DEPOSITO DE BEBIDAS,1.0
DABEL,UMARIZAL,AVENIDA GENERALISSIMO DEODORO,172,-1.441726,-48.482992,BAR IRMAOS PALADINO,1.0
DAENT,MARAMBAIA,RUA  DA MATA,93,-1.40165,-48.45964,DEPOSITO DE BEBIDA,1.0
DASAC,SACRAMENTA,PASSAGEM  MIRANDINHA,5,-1.415978,-48.481582,JAMES BAR VENDA DE BEBIDAS,1.0
DASAC,SACRAMENTA,PASSAGEM SAO BENEDITO,292,-1.414875,-48.481642,PEIXARIA POPULAR,1.0
DABEL,MARCO,TRAVESSA DOUTOR ENEAS PINHEIRO,1289,-1.432368,-48.454995,CAFE E RESTAURANTE CAPRICHO DA CASA,1.0
DASAC,MARACANGALHA,RUA  VINTE E DOIS A,52,-1.398536,-48.482574,AURELIO BAR,1.0
DAICO,PONTA GROSSA,TRAVESSA  DOS BERREDOS,1018,-1.306457,-48.479981,CYBER CAFE,1.0
DABEN,COQUEIRO,PASSAGEM  CEARA,19,-1.357856,-48.44227,POINT DO CAFE,1.0
DABEN,BENGUI,RUA  LAMEIRA BITTENCOURT,36,-1.37687,-48.446881,BAR,1.0
DABEN,TAPANA,RODOVIA  DO TAPANA,100,-1.337707,-48.46832,SABOROSO RESTAURANTE E LANCHONETE,1.0
DABEN,TAPANA,RUA  OLARIA I,0,-1.329439,-48.47554,BAR E LANCHONETE,1.0
DAENT,MARAMBAIA,CANAL  AGUA CRISTAL,98,-1.407787,-48.451077,RESTAURANTE,1.0
DAMOS,CARANANDUBA,AVENIDA  CIPRIANO SANTOS,0,-1.094035,-48.410255,NANDAS BAR,1.0
DAMOS,CARANANDUBA,AVENIDA  CIPRIANO SANTOS,100,-1.094404,-48.410198,BAR CASULINHA,1.0
DAMOS,CARANANDUBA,AVENIDA  CIPRIANO SANTOS,0,-1.094739,-48.410411,BAR LUZ DO SOL,1.0
DAMOS,CARANANDUBA,AVENIDA  CIPRIANO SANTOS,0,-1.094758,-48.410491,PEIXARIA,1.0
DAMOS,CARANANDUBA,AVENIDA  CIPRIANO SANTOS,0,-1.093935,-48.410313,BAR ENCONTRO DOS AMIGOS,1.0
DAICO,CAMPINA DE ICOARACI,RUA  PRIMEIRA DA CAMPINA,28,-1.297644,-48.474877,DEPOSITO DE BEBIDA,1.0
DAMOS,VILA,RUA PADRE MANOEL RAIOL,123,-1.163606,-48.467262,RESTAURANTE,1.0
DAICO,CAMPINA DE ICOARACI,AVENIDA DOUTOR LOPO DE CASTRO,118,-1.29825,-48.475226,RESTAURANTE E BAR CANTINHO DA LIA,1.0
DABEN,PARQUE VERDE,RUA  VINTE E DOIS DE AGOSTO,35,-1.355993,-48.45783,BAR DO DARLEISON,1.0
DAICO,CAMPINA DE ICOARACI,TRAVESSA  W DOIS,133,-1.301173,-48.468364,RESTAURANTE CRIS,1.0
DAGUA,CREMACAO,AVENIDA  ALCINDO CACELA,2550,-1.459185,-48.477119,RESTAURANTE FRANGAO DA ALCINDO,1.0
DABEL,BATISTA CAMPOS,TRAVESSA PRESIDENTE PERNAMBUCO,269,-1.457465,-48.492556,BAR E RESTAURABTE GARDEN,1.0
DABEL,BATISTA CAMPOS,TRAVESSA PRESIDENTE PERNAMBUCO,215,-1.457324,-48.492966,MEU BOTECO,1.0
DAGUA,MONTESE (TERRA FIRME),PASSAGEM  VINTE E QUATRO DE DEZEMBRO,20,-1.454443,-48.452211,DEPOSITO DE BEBIDAS,1.0
DABEN,TAPANA,RUA  DOIS,134,-1.338454,-48.466769,CASA DE EVENTOS,1.0
DAENT,CURIO-UTINGA,PASSAGEM  VIRGILIO,195,-1.428857,-48.451551,DEPOSITO DE BEBIDAS,1.0
DABEN,BENGUI,ALAMEDA  BENFICA,155,-1.375315,-48.454845,BAR DO NALDO,1.0
DABEL,UMARIZAL,AVENIDA SENADOR LEMOS,761,-1.436718,-48.487269,CAFE PLENITUDE,1.0
DASAC,TELEGRAFO,PASSAGEM  NENA BARRETO,30,-1.43188,-48.481308,DEPOSITO DE BEBIDAS,1.0
DABEN,BENGUI,ALAMEDA  BENFICA,162,-1.375273,-48.454655,BOLEIROS BAR,1.0
DABEN,BENGUI,ALAMEDA  BENFICA,155,-1.375283,-48.454788,BAR,1.0
DABEL,MARCO,TRAVESSA  PIRAJA,1160,-1.427323,-48.459866,HELPS BAR,1.0
DABEL,MARCO,TRAVESSA  PIRAJA,1264,-1.427824,-48.459116,O VELHO BAR,1.0
DABEN,TAPANA,ESTRADA  DA PICARREIRA,14,-1.330849,-48.470352,BAR AMIGOS,1.0
DABEL,MARCO,AVENIDA DOUTOR FREITAS,2638,-1.426576,-48.454355,RESTAURANTE DA THATA,1.0
DAENT,MARAMBAIA,PASSAGEM  DALVA,726,-1.401856,-48.442888,BARBEARIA E BAR,1.0
DAMOS,CARANANDUBA,AVENIDA  CIPRIANO SANTOS,60,-1.094099,-48.41018,BAR E RESTAURANTE BREBRUNA,1.0
DAGUA,GUAMA,TRAVESSA  BRASILIA,149,-1.458243,-48.460769,VENDA DE CHURRASCO,1.0
DAENT,CASTANHEIRA,RUA SAO JORGE,234,-1.409502,-48.427903,DEPOSITO DE BEBIDAS DO HERNANDES,1.0
DAGUA,JURUNAS,AVENIDA  ROBERTO CAMELIER,899,-1.467867,-48.488149,VENDA DE BEBIDAS OU BAR,1.0
DABEL,CAMPINA,TRAVESSA  FRUTUOSO GUIMARAES,449,-1.452484,-48.499387,BAR SANTIAGO,1.0
DABEN,TAPANA,RUA  DOIS,229,-1.33886,-48.464069,BAR,1.0
DAENT,UNIVERSITARIO,AVENIDA  PERIMETRAL,192,-1.466986,-48.448088,RESTAURANTE GOOD COOKIE,1.0
DABEL,REDUTO,RUA  VINTE E OITO DE SETEMBRO,913,-1.445808,-48.492772,BEM CAFEINADO,1.0
DAICO,CAMPINA DE ICOARACI,RUA  VILA DOS INOCENTES I,185,-1.292225,-48.468978,BAR DOS INOCENTES,1.0
DABEL,MARCO,AVENIDA DOUTOR FREITAS,2572,-1.426205,-48.454893,BAR E TACACA,1.0
DAENT,MARAMBAIA,RUA  DA MATA,860,-1.40174,-48.458693,TAPIOCA E CIA,1.0
DAICO,PARQUE GUAJARA,PASSAGEM SAO JORGE,0,-1.307779,-48.463991,MERCEARIA E BAR,1.0
DAMOS,CARANANDUBA,AVENIDA  CIPRIANO SANTOS,7,-1.094032,-48.41025,RESTAURANTE BOM SABOR,1.0
DABEL,SAO BRAS,AVENIDA  CIPRIANO SANTOS,0,-1.449784,-48.465773,RESTAURANTE TEMPO DA GENTE,1.0
DABEN,BENGUI,ALAMEDA  BENFICA,162,-1.3753,-48.454912,BOLEIROS BAR,1.0
DAICO,CAMPINA DE ICOARACI,RUA MONSENHOR JOSE MARIA AZEVEDO,180,-1.294613,-48.471071,BAR DA SORTE,1.0
DAMOS,CARANANDUBA,AVENIDA  CIPRIANO SANTOS,7,-1.09416,-48.410174,BAR DA MORENA,1.0
DABEL,MARCO,TRAVESSA  PIRAJA,1160,-1.427273,-48.459818,RESTAURANTE DO JADO,1.0
DABEN,TAPANA,RUA  OLARIA I,0,-1.329491,-48.475522,BAR E CONVENIENCIA SAT ROSA,1.0
DABEN,COQUEIRO,TRAVESSA  WE 12,175,-1.339832,-48.447991,PARENTE BAR,1.0
DASAC,TELEGRAFO,PASSAGEM  NENA BARRETO,61,-1.431819,-48.481264,DEPOSITO DE BEBIDAS,2.0
DABEL,UMARIZAL,TRAVESSA DOM ROMUALDO DE SEIXAS,0,-1.440007,-48.485898,RESTAURANTE,1.0
DABEL,MARCO,AVENIDA DUQUE DE CAXIAS,1243,-1.428608,-48.461192,BAR,1.0
DAENT,MARAMBAIA,PASSAGEM  DALVA,648,-1.401876,-48.443593,BAR BARKAFURADA,1.0
DAENT,MARAMBAIA,PASSAGEM  DALVA,740,-1.401777,-48.44269,FLASH BAR,1.0
DAENT,MARAMBAIA,PASSAGEM  DALVA,790,-1.401765,-48.442206,BAR DA PRACA,1.0
DAENT,MARAMBAIA,RUA  DA MATA,6,-1.401684,-48.459762,RESTOURANTE E CAFE,1.0
DAICO,CAMPINA DE ICOARACI,AVENIDA DOUTOR LOPO DE CASTRO,114,-1.298219,-48.475362,BOTECO DO HAROLDO,1.0
DAICO,CRUZEIRO,RUA CORONEL JUVENCIO SARMENTO,0,-1.30111,-48.481534,BAR DO JOAO CAO,1.0
DASAC,PEDREIRA,ALAMEDA  CENTO E VINTE CINCO,10,-1.420593,-48.461485,RESTAURANTE,1.0
DAENT,CASTANHEIRA,PASSAGEM  EDISIA,46,-1.408794,-48.431558,CAFE DA MANHA DA SHEYLA,1.0
DAICO,PONTA GROSSA,TRAVESSA  DOS ANDRADAS,10,-1.309283,-48.488799,BAR,1.0
DABEN,UNA,RODOVIA  TRANSCOQUEIRO,0,-1.378152,-48.427191,RESTAURANTE,1.0
DAICO,PONTA GROSSA,TRAVESSA  DOS BERREDOS,956,-1.306396,-48.480498,CHURRASCARIA ESPETO E CIA,1.0
DABEL,BATISTA CAMPOS,TRAVESSA PRESIDENTE PERNAMBUCO,277,-1.457558,-48.492533,BAR E RESTAURANTE,1.0
DABEL,CAMPINA,TRAVESSA PADRE EUTIQUIO,291,-1.453243,-48.500447,RESTAURANTE DELICIAS DO NORTE,1.0
DABEN,BENGUI,ALAMEDA  BENFICA,13,-1.375247,-48.45476,BAR,1.0
DAGUA,CONDOR,RUA  LAURO MALCHER,405,-1.471173,-48.477989,MANA CAFE DA MANHA,1.0
DAICO,CAMPINA DE ICOARACI,RUA MONSENHOR JOSE MARIA AZEVEDO,25,-1.294652,-48.471303,BAR DO FERRUGEN,1.0
DABEL,MARCO,AVENIDA  ROMULO MAIORANA,1251,-1.43639,-48.462534,RESTAURANTE THE SAILOR,1.0
DAGUA,MONTESE (TERRA FIRME),RUA SAO DOMINGOS,0,-1.456728,-48.452369,BAR,1.0
DABEN,BENGUI,ALAMEDA  BENFICA,160,-1.37528,-48.454848,CYBER CAFE,1.0
DAENT,MARAMBAIA,PASSAGEM  DALVA,790,-1.401792,-48.442115,RESTAURANTE,1.0
DABEL,SAO BRAS,AVENIDA  CIPRIANO SANTOS,56,-1.44972,-48.465733,RESTAURANTE DIVINO PALADAR,1.0
DAENT,MARAMBAIA,RUA  WE 3,402,-1.399163,-48.436152,BAR E DEPOSITO PIMENTA,1.0
DAICO,CRUZEIRO,RUA SANTA IZABEL,1044,-1.300115,-48.479671,BAR VELHA GUARDA,1.0
DABEN,BENGUI,RUA  BETANIA,1212,-1.374566,-48.450313,SABOR DO CHURRASCO,1.0
DAENT,CASTANHEIRA,PASSAGEM SANTA CLARA,22,-1.410948,-48.431129,BAR,1.0
DAICO,CAMPINA DE ICOARACI,RUA MONSENHOR JOSE MARIA AZEVEDO,9,-1.294583,-48.470893,ROSE BAR TENTACIONES,1.0
DAOUT,BRASILIA,AVENIDA  BL 10,1957,-1.280698,-48.475535,RESTAURANTE LANCHONETE MAS VOCE,1.0
DAGUA,GUAMA,PASSAGEM  BOM JESUS UM,39,-1.457959,-48.457082,DEPOSITO DE BEBIDA,1.0
DAGUA,MONTESE (TERRA FIRME),PASSAGEM  LIGACAO,121,-1.460431,-48.450921,BAR,1.0
DAMOS,BAIA DO SOL,RUA  NOVA,0,-1.063556,-48.336314,LANCHONETE E RESTAURANTE CRE EM DEUS,1.0
DAENT,MARAMBAIA,PASSAGEM  DALVA,796,-1.401772,-48.442044,BAR,1.0
DABEN,BENGUI,TRAVESSA SAO PEDRO,117,-1.375895,-48.455303,LIPE CHURRASCO E VICTOR LANCHE,1.0
DAMOS,VILA,RUA  QUINZE DE NOVEMBRO,607,-1.162116,-48.468769,RESTAURANTE FAMILIA LOBATO,1.0
DABEN,TAPANA,RUA  OLARIA I,0,-1.32954,-48.475567,A L BAR LANCHONETE,1.0
DASAC,PEDREIRA,RUA  NOVA,1242,-1.422006,-48.475247,CHURRASCARIA,1.0
DAMOS,MARACAJA,RUA  FRANCISCO CARDOSO,1253,-1.165865,-48.465418,DEPOSITO DE BEBIDAS 2 IRMAOS,1.0
DAENT,UNIVERSITARIO,RUA  SEM DENOMINACAO 5,0,-1.465781,-48.451369,BAR DA MORENA,1.0
DABEN,BENGUI,RUA SAO JOSE,17,-1.376278,-48.460531,BAR SEM NOME,1.0
DABEL,MARCO,TRAVESSA  PIRAJA,1202,-1.427465,-48.459596,RESTAURANTE TA TUDO EM CASA,1.0
DASAC,FATIMA,VILA  BASE,2,-1.445183,-48.471554,BAR,1.0
DAICO,CRUZEIRO,RUA  QUINZE DE AGOSTO,0,-1.297965,-48.483693,RESTAURANTE PINHEIRO,1.0
DABEN,UNA,RODOVIA  TRANSCOQUEIRO,8,-1.36881,-48.422582,RESTAURANTE CHURRASCO MIX,1.0
DABEN,TAPANA,RUA  SETE DE SETEMBRO,17,-1.352797,-48.460791,ESQUINA BAR,1.0
DABEN,COQUEIRO,RUA  PRINCIPAL,0,-1.330678,-48.439283,BAR DO CHALES,1.0
DABEN,COQUEIRO,RUA  PRINCIPAL,0,-1.33082,-48.439982,DEPOSITO DE BEBIDAS SANTANA,1.0
DASAC,SACRAMENTA,AVENIDA  INDEPENDENCIA,114,-1.411138,-48.477852,BAR,1.0
DASAC,FATIMA,RUA  DIOGO MOIA,1939,-1.440458,-48.472004,CAFE DA MANHA,1.0
DAGUA,CREMACAO,PASSAGEM  UNIAO,2464,-1.463082,-48.477815,BAR,1.0
DASAC,SACRAMENTA,PASSAGEM  MIRANDINHA,703,-1.416018,-48.481431,BAR E RESTAURANTE,1.0
DABEL,CAMPINA,RUA SANTO ANT0NIO,492,-1.448461,-48.497106,MAIS SABOR RESTAURANTE E LANCHONETE,1.0
DABEL,CAMPINA,RUA SANTO ANT0NIO,455,-1.448739,-48.497343,ANALLI RESTAURANTE,1.0
DAENT,MARAMBAIA,RUA  ESPERANTO,4,-1.407336,-48.443898,BAR E RESTAURANTE FLOR DE LIS,1.0
DAMOS,SAO FRANCISCO,RUA  VARIANTE,108,-1.108711,-48.416963,BAR,1.0
DAENT,MARAMBAIA,RUA CAPITAO BRAGA,218,-1.404039,-48.43752,BAR,1.0
DABEL,CIDADE VELHA,TRAVESSA  GURUPA,312,-1.459715,-48.502618,BAR DO RUBAO,1.0
DABEL,REDUTO,RUA  VINTE E OITO DE SETEMBRO,746,-1.446905,-48.493793,BILHAR E SINUCA,1.0
DAGUA,JURUNAS,RUA SAO SILVESTRE,295,-1.471732,-48.487816,DEPOSITO DE BEBIDAS,1.0
DABEN,UNA,RODOVIA  TRANSCOQUEIRO,41,-1.369046,-48.422439,BAR E RESTAURANTE,1.0
DABEN,UNA,RODOVIA  TRANSCOQUEIRO,73,-1.372222,-48.422097,BAR E RESTAURANTE,1.0
DAGUA,GUAMA,TRAVESSA  EZERIEL MONICO DE MATOS,82,-1.465115,-48.462107,DEPOSITO DE BEBIDAS R E R 2 IRMAOS,1.0
DAOUT,SAO JOAO DO OUTEIRO,RUA  BEIRA RIO,10,-1.256997,-48.467983,BAR ODAHA,1.0
DAMOS,ARIRAMBA,RUA  VILA NOVA,408,-1.120994,-48.428658,BAR,1.0
DABEN,COQUEIRO,RUA  PRINCIPAL,58,-1.330959,-48.445522,RESTAURANTE,1.0
DABEN,BENGUI,RUA  LAMEIRA BITTENCOURT,0,-1.376774,-48.449451,RESTAURANTE,1.0
DABEN,TAPANA,RODOVIA  DO TAPANA,17,-1.329251,-48.478674,BAR A LA LUZIA,1.0
DAENT,MANGUEIRAO,AVENIDA MAJOR AVIADOR SEDA,171,-1.384076,-48.455371,ESQUINA DO CHURRASCO,1.0
DASAC,SACRAMENTA,PASSAGEM SANTA MARIA,73,-1.415347,-48.476251,RESTAURANTE BIG FOOD,1.0
DAGUA,JURUNAS,TRAVESSA  DOS TUPINAMBAS,726,-1.465841,-48.488697,ANDERSON BAR E RESTAURANTE,1.0
DAGUA,JURUNAS,PASSAGEM  TUPA,2,-1.472637,-48.48888,DEPOSITO CASA DA BEBIDA,1.0
DAGUA,CONDOR,AVENIDA  BERNARDO SAYAO,0,-1.475901,-48.475771,BAR E RESTAURANTE EMBARQUE,1.0
DABEN,COQUEIRO,AVENIDA SAO PEDRO,58,-1.351219,-48.436414,BAR DA GALERA,1.0
DABEN,PRATINHA,PASSAGEM  SANTOS,6,-1.361894,-48.472322,CHURRASCO,1.0
DAGUA,GUAMA,RUA BARAO DE IGARAPE MIRI,632,-1.467404,-48.462993,DEPOSITO DE BEBIDAS,1.0
DAICO,AGULHA,RUA  OITO DE MAIO,245,-1.303346,-48.4696,BAR DO DELBA,1.0
DAENT,CURIO-UTINGA,PASSAGEM  AZ DE OURO,100,-1.404946,-48.419794,DEPOSITO DE BEBIDAS,1.0
DASAC,SACRAMENTA,PASSAGEM  MUCAJA,334,-1.411539,-48.469301,RESTAURANTE,1.0
DAGUA,MONTESE (TERRA FIRME),RUA  DOIS DE JUNHO,291,-1.454742,-48.451677,RESTAURANTE,1.0
DABEL,CAMPINA,RUA SENADOR MANOEL BARATA,0,-1.455571,-48.501656,RESTAURANTE AL JAMAL,1.0
DABEL,CAMPINA,TRAVESSA  SETE DE SETEMBRO,29,-1.452642,-48.502529,RESTAURANTE,1.0
DAGUA,CANUDOS,AVENIDA  GENTIL BITTENCOURT,3232,-1.454639,-48.463588,BAR,1.0
DAOUT,SAO JOAO DO OUTEIRO,AVENIDA  FRANKLIN DE MENEZES,0,-1.258741,-48.465612,PONTO DE CHURRASCO,1.0
DAOUT,SAO JOAO DO OUTEIRO,AVENIDA  FRANKLIN DE MENEZES,46,-1.25787,-48.466425,RESTAURANTE POPULAR,1.0
DAOUT,SAO JOAO DO OUTEIRO,AVENIDA  FRANKLIN DE MENEZES,33,-1.256804,-48.467613,FOCAS RESTAURANTE,1.0
DAOUT,SAO JOAO DO OUTEIRO,AVENIDA  FRANKLIN DE MENEZES,39,-1.256498,-48.467881,RESTAURANTE DELICIA,1.0
DAICO,PONTA GROSSA,TRAVESSA  SOUZA FRANCO,583,-1.304454,-48.483953,DEPOSITO DE BEBIDAS,1.0
DABEN,COQUEIRO,RUA  PRINCIPAL,379,-1.331456,-48.444222,CHURRASCO GREGO,1.0
DAMOS,CARANANDUBA,RUA SAO JORGE,0,-1.094141,-48.406677,DEPOSITO DE BEBIDAS,1.0
DAICO,CAMPINA DE ICOARACI,RODOVIA  AUGUSTO MONTENEGRO,850,-1.300544,-48.47058,BAR CERVEJARIA FUTEBOL CLUBE,1.0
DAICO,AGULHA,PASSAGEM  SOL NASCENTE,2667,-1.303281,-48.468432,BAR DA IRA,1.0
DABEN,PARQUE VERDE,RUA  TAYO COSTA,70,-1.357639,-48.455722,BAR DA VANIA,1.0
DASAC,FATIMA,TRAVESSA  ANTONIO BAENA,461,-1.438682,-48.474643,BAR DO JONHY,1.0
DAGUA,GUAMA,TRAVESSA  BRASILIA,0,-1.459789,-48.46066,BAR DO ICARO,1.0
DAOUT,SAO JOAO DO OUTEIRO,AVENIDA  FRANKLIN DE MENEZES,236,-1.258074,-48.466316,RESTAURANTE DA OYA,1.0
DABEL,MARCO,AVENIDA DUQUE DE CAXIAS,450,-1.442287,-48.469145,BAR,1.0
DAMOS,SAO FRANCISCO,RUA  MARABA,231,-1.109635,-48.414617,BAR E VENDA,1.0
DAGUA,GUAMA,TRAVESSA  BRASILIA,5,-1.459641,-48.460606,VENDA DE CHURRASCO,1.0
DAGUA,MONTESE (TERRA FIRME),AVENIDA  RIO TUCUNDUBA,116,-1.46292,-48.454688,BAR,1.0
DAGUA,GUAMA,AVENIDA  BERNARDO SAYAO,4730,-1.474844,-48.466228,RESTAURANTE IDEAL,1.0
DAICO,PONTA GROSSA,TRAVESSA  SOUZA FRANCO,577,-1.304449,-48.483975,DEPOSITO DE BEBIDA DO LUA,1.0
DAOUT,BRASILIA,RUA  MAGALHAES BARATA,0,-1.222417,-48.549431,POUSADA E RESTAURANTE ESTRELA DALVA,1.0
DASAC,SACRAMENTA,PASSAGEM  MUCAJA,340,-1.411508,-48.469266,BAR,1.0
DAENT,MARAMBAIA,RUA CAPITAO BRAGA,220,-1.403903,-48.437445,BAR,1.0
DAENT,MARAMBAIA,RUA CAPITAO BRAGA,0,-1.404044,-48.437469,BAR,1.0
DAMOS,MARACAJA,ILHA SAO PEDRO,0,-1.215976,-48.407403,RESTAURANTE DA TIA,1.0
DABEL,UMARIZAL,TRAVESSA DOM ROMUALDO DE SEIXAS,346,-1.438078,-48.48973,RESTAURANTE,1.0
DABEN,COQUEIRO,RUA  PORTELINHA,9,-1.334898,-48.435558,BAR,1.0
DAENT,UNIVERSITARIO,RUA  AUGUSTO CORREA,2,-1.464981,-48.444857,RESTAURANTE RESTO DO PARQUE,1.0
DAICO,CAMPINA DE ICOARACI,RUA  VILA DOS INOCENTES II,10,-1.292839,-48.467005,BAR DO MAYKON,1.0
DAOUT,SAO JOAO DO OUTEIRO,AVENIDA  FRANKLIN DE MENEZES,393,-1.258822,-48.465466,DEPOSITO DE BEBIDAS,1.0
DABEN,COQUEIRO,RUA  PRINCIPAL,40,-1.331339,-48.444483,BAR,1.0
DAGUA,CONDOR,AVENIDA  ALCINDO CACELA,4092,-1.472542,-48.476071,RESTAURANTE E SOCIETY C9,1.0
DABEL,UMARIZAL,RUA  MUNICIPALIDADE,1139,-1.438806,-48.490449,TUDO PARA CHURRASCO,1.0
DABEN,TAPANA,RODOVIA  DO TAPANA,26,-1.340209,-48.468068,BAR E RESTAURANTE CURANA SHOW,1.0
DAICO,TENONE,PASSAGEM  QUINTA LINHA,0,-1.321242,-48.440793,RESTAURANTE E CHURRASCO SEM NOME,1.0
DABEN,COQUEIRO,AVENIDA  SECUNDARIA,36,-1.333707,-48.434111,BAR KINGS ROCK CLUB,1.0
DASAC,FATIMA,TRAVESSA  ANTONIO BAENA,7,-1.441387,-48.470078,BAR E MERCANTIL BRASIL,1.0
DABEL,MARCO,PASSAGEM  WALDIR ACATAUASSU NUNES,3652,-1.443107,-48.452462,RESTAURANTE,1.0
DAOUT,SAO JOAO DO OUTEIRO,AVENIDA  FRANKLIN DE MENEZES,280,-1.258187,-48.465999,BAR TIA MARIA,1.0
DAOUT,SAO JOAO DO OUTEIRO,AVENIDA  FRANKLIN DE MENEZES,32,-1.260477,-48.466796,RESTAURANTE MARE CHEIA,1.0
DASAC,TELEGRAFO,RUA  CURUCA,1123,-1.42904,-48.483227,BAR,1.0
DASAC,PEDREIRA,RUA  NOVA,1116,-1.422437,-48.475544,DEPOSITO DE BEBIDAS,1.0
DAOUT,SAO JOAO DO OUTEIRO,AVENIDA  FRANKLIN DE MENEZES,50,-1.25798,-48.46633,RESTAURANTE DONANA,1.0
DABEL,CIDADE VELHA,PASSAGEM  DO CARMO,161,-1.459761,-48.50601,BAR DO SALVE JORGE,1.0
DAGUA,GUAMA,TRAVESSA  BRASILIA,9,-1.457057,-48.460772,VENDA DE TAPIOCA,1.0
DABEL,SAO BRAS,AVENIDA GOVERNADOR MAGALHAES BARATA,401,-1.451926,-48.476866,RESTAURANTE DAMASCO,1.0
DABEL,MARCO,TRAVESSA BARAO DO TRIUNFO,3080,-1.433974,-48.460524,BAR EGUA DU BUTECO,1.0
DAICO,CAMPINA DE ICOARACI,RUA  LUIS AZEVEDO,400,-1.298596,-48.47111,RESTAURANTE NOVO TEMPERO,1.0
DABEL,UMARIZAL,RUA  DIOGO MOIA,396,-1.443958,-48.485428,MN DEPOSITOS DE BEBIDAS,1.0
DASAC,FATIMA,TRAVESSA  ANTONIO BAENA,552,-1.439841,-48.47268,MERCADINHO E RESTAURANTE,1.0
DABEN,CABANAGEM,AVENIDA  INDEPENDENCIA,24,-1.363246,-48.433212,FISH BAR,1.0
DABEN,BENGUI,RUA  BENFICA,10,-1.37526,-48.460575,BAR,1.0
DASAC,PEDREIRA,AVENIDA MARQUES DE HERVAL,1201,-1.430135,-48.469842,RESTAURANTE SO PORCO,1.0
DABEL,BATISTA CAMPOS,RUA  VEIGA CABRAL,1224,-1.458746,-48.494395,RESTAURANTE,1.0
DABEL,BATISTA CAMPOS,RUA  VEIGA CABRAL,1236,-1.458658,-48.49444,RESTAURANTE,1.0
DAGUA,CONDOR,TRAVESSA  DOS TUPINAMBAS,1550,-1.470348,-48.483072,BAR,1.0
DABEL,MARCO,TRAVESSA  DA ESTRELA,3528,-1.441708,-48.454457,MERCADINHO FEED S BAR,1.0
DAICO,TENONE,PASSAGEM SAO LUIZ,195,-1.323502,-48.445049,DEPOSITO BEBIDAS,1.0
DASAC,PEDREIRA,RUA  NOVA,1392,-1.420252,-48.47414,BAR,1.0
DAENT,SOUZA,PASSAGEM  GETULIO VARGAS,16,-1.41574,-48.449667,BAR,1.0
DAGUA,GUAMA,PASSAGEM PADRE MARIO ADALBERTO,11,-1.461281,-48.463417,BAR,1.0
DABEN,UNA,RODOVIA  TRANSCOQUEIRO,251,-1.373573,-48.42232,RESTAURANTE DEUS E FIEL,1.0
DABEL,MARCO,VIELA  RODRIGUES,27,-1.430078,-48.464964,RESTAURANTE DA DAYSE,1.0
DAGUA,JURUNAS,PASSAGEM  CARLOS DE CARVALHO,2184,-1.473334,-48.486409,DEPOSITO DE BEBIDAS,1.0
DAGUA,GUAMA,PASSAGEM SANTA LUCIA,57,-1.466814,-48.472744,BAR,1.0
DAICO,CAMPINA DE ICOARACI,PASSAGEM  PASSARELA,5,-1.300373,-48.467857,BAR,1.0
DAICO,CAMPINA DE ICOARACI,PASSAGEM  PASSARELA,0,-1.300163,-48.467761,RESTAURANTE ALEX COMPANIA,1.0
DABEL,BATISTA CAMPOS,AVENIDA  SERZEDELO CORREA,880,-1.460318,-48.488384,RESTAURANTE SUSHI BAR,1.0
DAGUA,CREMACAO,RUA  DOS CARIPUNAS,2978,-1.460331,-48.476213,CYBER CAFE,1.0
DAMOS,MARACAJA,RUA  TIRADENTES,28,-1.166172,-48.459921,CHURRASCO DA BABY,1.0
DAGUA,CREMACAO,AVENIDA  ALCINDO CACELA,3217,-1.465597,-48.476555,VENDA DE CHURRASCO,1.0
DAGUA,GUAMA,RUA  PAULO CICERO,2563,-1.469455,-48.468442,BAR,1.0
DAGUA,JURUNAS,RUA  DOS PARIQUIS,69,-1.473267,-48.497673,BAR BARRACAO DO LEAO,1.0
DAICO,CAMPINA DE ICOARACI,PASSAGEM  BOM JESUS,463,-1.29882,-48.471682,BAR ESTRELA DALVA,1.0
DASAC,TELEGRAFO,TRAVESSA  MAGNO DE ARAUJO,0,-1.43055,-48.485214,VENDA DE CAFE,1.0
DASAC,TELEGRAFO,TRAVESSA  MAGNO DE ARAUJO,0,-1.430518,-48.485139,VENDA DE CAFE,1.0
DABEL,MARCO,AVENIDA DUQUE DE CAXIAS,1219,-1.436361,-48.466274,BAR,1.0
DABEN,PRATINHA,RUA  AGUA LIMPA,4,-1.359224,-48.471576,FLUXO PUB BAR E LANCHONETE,1.0
DASAC,SACRAMENTA,RUA  NOVA,1335,-1.42094,-48.474717,CHURRASCARIA ESPETO DO GARROTE,1.0
DABEL,UMARIZAL,RUA  DIOGO MOIA,340,-1.444115,-48.486044,SHISHA LOUNGE BAR,1.0
DASAC,PEDREIRA,TRAVESSA DOUTOR ENEAS PINHEIRO,157,-1.42138,-48.4712,RESTAURANTE,1.0
DAICO,PARACURI,RUA  DA PAZ,0,-1.320581,-48.484745,CHURRASCO,1.0
DAGUA,GUAMA,PASSAGEM  CONDURU,34,-1.459763,-48.460246,RESTAURANTE DOIS IRMAOS,1.0
DABEN,SAO CLEMENTE,PASSAGEM SAO FRANCISCO,7,-1.360803,-48.466112,BAR DO DOUTOR,1.0
DASAC,MIRAMAR,RODOVIA  ARTHUR BERNARDES,1560,-1.412381,-48.493114,BAR NEGRAO,1.0
DASAC,PEDREIRA,RUA  NOVA,1392,-1.42026,-48.474173,BAR DO CEARA,1.0
DABEL,CAMPINA,RUA  GASPAR VIANA,184,-1.449888,-48.499817,BOATE BAR BIRINIGTH PRIME,1.0
DABEN,BENGUI,PASSAGEM  BETANIA,10,-1.378491,-48.450751,RESTAURANTE,1.0
DABEL,SAO BRAS,TRAVESSA  NOVE DE JANEIRO,1222,-1.450911,-48.475681,RESTAURANTE,1.0
DABEN,PARQUE VERDE,RUA  TAYO COSTA,27,-1.357562,-48.454407,BAR,1.0
DAOUT,BRASILIA,RUA  PRAIA DA FLEXEIRA,0,-1.234479,-48.559663,BAR DO PEDRO,1.0
DASAC,SACRAMENTA,AVENIDA DOUTOR FREITAS,47,-1.41177,-48.472892,CASA DE EVENTOS AVENIDA SHOW,1.0
DABEL,BATISTA CAMPOS,AVENIDA  SERZEDELO CORREA,890,-1.460387,-48.488423,GRAO RESTAURANTE,1.0
DASAC,PEDREIRA,TRAVESSA ALFERES COSTA,1086,-1.416962,-48.470039,DEUCILOS BAR,4.0
DAICO,PONTA GROSSA,RUA CORONEL JUVENCIO SARMENTO,1530,-1.306226,-48.481219,DEPOSITO DE BEBIDAS CASA PRIMUS,1.0
DAICO,CAMPINA DE ICOARACI,PASSAGEM  PASSARELA,0,-1.300253,-48.467769,DU POINT BAR,1.0
DAMOS,FAROL,AVENIDA  DEZESSEIS DE NOVEMBRO,1150,-1.141873,-48.461111,RESTAURANTE SHAMAH SUSHI,1.0
DASAC,PEDREIRA,AVENIDA MARQUES DE HERVAL,1103,-1.430864,-48.470293,BAR,1.0
DAICO,CRUZEIRO,RUA CORONEL JUVENCIO SARMENTO,1,-1.29226,-48.482062,RESTAURANTE,1.0
DABEN,COQUEIRO,TRAVESSA  WE 1,15,-1.345376,-48.448552,BAR DA CASTANHOLA I,1.0
DAMOS,PRAIA GRANDE,AVENIDA  DEZESSEIS DE NOVEMBRO,2232,-1.152042,-48.465911,RESTAURANTE ROSILDA,1.0
DASAC,MIRAMAR,RODOVIA  ARTHUR BERNARDES,1600,-1.412051,-48.492993,RESTAURANTE RECOMECO,1.0
DAENT,MARAMBAIA,AVENIDA  PEDRO ALVARES CABRAL,0,-1.405181,-48.435602,RESTAURANTE PRATO POPULAR,1.0
DAGUA,GUAMA,PASSAGEM  CONDURU,118,-1.45953,-48.460058,RESTAURANTE BOM,1.0
DABEN,BENGUI,RUA SAO BENTO,530,-1.378072,-48.450665,BAR DO PANTOJA,1.0
DAENT,MANGUEIRAO,QUADRA  DEZOITO,7,-1.379382,-48.439308,RESTAURANTE DA MONICA,1.0
DABEN,UNA,RODOVIA  TRANSCOQUEIRO,10,-1.373782,-48.423198,RESTAURANTE,1.0
DAMOS,FAROL,AVENIDA  DEZESSEIS DE NOVEMBRO,984,-1.140455,-48.4605,RESTAURANTE DELICIA DA 16,1.0
DAICO,PARQUE GUAJARA,RUA  JOAO CANUTO,3,-1.314283,-48.461238,DEPOSITO DE BEBIDAS,1.0
DASAC,TELEGRAFO,PASSAGEM  BOCA DO ACRE,726,-1.419718,-48.486641,BAR DA NEGA,1.0
DABEN,PARQUE VERDE,PASSAGEM  PRIMEIRO DE JULHO,73,-1.369211,-48.451626,BAR,1.0
DABEN,COQUEIRO,TRAVESSA  WE 1,15,-1.345383,-48.448547,BAR CASTANHOLA,1.0
DAGUA,CREMACAO,RUA  DOS MUNDURUCUS,2867,-1.458191,-48.480305,CASA PINHEIRO BAR E VENDA DE ALIMENTOS,1.0
DABEL,BATISTA CAMPOS,TRAVESSA  DOS APINAGES,684,-1.46672,-48.484896,RESTAURANTE,1.0
DAGUA,JURUNAS,TRAVESSA  TUPINAMBAS,631,-1.465567,-48.489622,BAR,1.0
DASAC,PEDREIRA,RUA  NOVA,316,-1.428844,-48.479862,LANCHONETE E CHURRASCARIA POINT DA MARIA,1.0
DAGUA,GUAMA,PASSAGEM  PINHEIRO,1,-1.474725,-48.460651,BAR DA MARIA,1.0
DAICO,PONTA GROSSA,RUA CORONEL JUVENCIO SARMENTO,1470,-1.305646,-48.48128,DEPOSITO DE GELO E BEBIDAS,1.0
DABEN,CABANAGEM,RUA  DAMASCO,99,-1.369028,-48.434193,RESTAURANTE,1.0
DASAC,PEDREIRA,TRAVESSA  CHACO,309,-1.432817,-48.478316,BAR,1.0
DAMOS,CHAPEU VIRADO,AVENIDA  DEZESSEIS DE NOVEMBRO,545,-1.137011,-48.458692,BAR E RESTAURANTE DA 16,1.0
DASAC,TELEGRAFO,PASSAGEM PADRE JULIAO,0,-1.426201,-48.49057,BAR VILA REAL,1.0
DAICO,MARACACUERA,ENTRADA  OUTEIRO,0,-1.299537,-48.453329,BF RESTAURANTE,1.0
DABEN,COQUEIRO,RUA  SEM DENOMINACAO 3,0,-1.344102,-48.446094,BAR E VENDA DE REFRIGERANTES SEM NOME,1.0
DAENT,CURIO-UTINGA,PASSAGEM  GASPAR DUTRA,248,-1.428151,-48.448461,ART BAR,1.0
DABEN,COQUEIRO,PASSAGEM SANTA PAZ,35,-1.358737,-48.433151,BAR DO DINHO,1.0
DAGUA,CREMACAO,AVENIDA GENERALISSIMO DEODORO,1949,-1.45807,-48.482738,DEPOSITO DE BEBIDAS SO GELADA,1.0
DASAC,PEDREIRA,TRAVESSA  CURUZU,605,-1.437091,-48.474703,RESTAURANTE,1.0
DASAC,PEDREIRA,TRAVESSA  VILETA,1496,-1.434929,-48.470495,BAR DO BIRA,1.0
DABEL,MARCO,TRAVESSA  HUMAITA,1733,-1.437956,-48.468099,RESTAURANTE,1.0
DABEL,MARCO,TRAVESSA  HUMAITA,1717,-1.437805,-48.468076,BAR,1.0
DAICO,AGULHA,ALAMEDA  BOA ESPERANCA,28,-1.306468,-48.468775,BAR DA BAIXINHA,1.0
DASAC,PEDREIRA,AVENIDA  PEDRO MIRANDA,1705,-1.424746,-48.469983,CASA DE SHOW BACK,1.0
DAGUA,CREMACAO,TRAVESSA  NOVE DE JANEIRO,2967,-1.466196,-48.475099,PONTO DE CHURRASCO,1.0
DAENT,MARAMBAIA,RUA  RAUL SOARES,22,-1.400512,-48.440838,DEPOSITO DE BEBIDAS,1.0
DAICO,AGULHA,RUA  OITO DE MAIO,66,-1.301834,-48.469824,BAR,1.0
DABEL,REDUTO,RUA  GASPAR VIANA,913,-1.446011,-48.494285,VENDA DE CAFE DA MANHA,1.0
DAENT,MANGUEIRAO,AVENIDA  DAMASCO,0,-1.374223,-48.440767,RESTAURANTE SA SOCORRO,1.0
DAENT,MANGUEIRAO,AVENIDA  DAMASCO,9,-1.374387,-48.440951,BAR REGIS,1.0
DAENT,CURIO-UTINGA,PASSAGEM  GASPAR DUTRA,174,-1.427293,-48.448678,DEPOSITO DE BEBIDAS M M,1.0
DABEN,PARQUE VERDE,RUA DOM MANUEL,5,-1.373573,-48.44196,CABANUS BAR E PETISCARIA,1.0
DABEL,SAO BRAS,RUA  DEODORO DE MENDONCA,437,-1.450449,-48.466673,RESTAURANTE DOM ARTHUR,1.0
DASAC,PEDREIRA,TRAVESSA  CHACO,281,-1.432635,-48.478545,RESTAURANTE SOPA DO BAIANO,1.0
DAGUA,GUAMA,TRAVESSA  QUATORZE DE ABRIL,2336,-1.461113,-48.471934,RESTAURANTE UATA,1.0
DAGUA,GUAMA,AVENIDA  BERNARDO SAYAO,4345,-1.474586,-48.469919,RESTAURANTE SABOR CASEIRO,1.0
DASAC,MARACANGALHA,AVENIDA  SUL,0,-1.400156,-48.477814,DEPOSITO DE BEBIDAS,1.0
DABEN,CABANAGEM,RUA  PRINCIPAL,20,-1.375619,-48.435185,BAR,1.0
DAGUA,CONDOR,RUA  LAURO MALCHER,0,-1.474032,-48.479974,BAR DO MESSIAS,4.0
DAGUA,CONDOR,RUA  LAURO MALCHER,43,-1.474008,-48.479972,RESTAURANTE VIP,1.0
DABEL,MARCO,TRAVESSA BARAO DO TRIUNFO,3883,-1.438113,-48.4543,BAR SEGUNDA INTENCAO,1.0
DABEN,BENGUI,RUA  AJAX DE OLIVEIRA,406,-1.37638,-48.457052,RESTAURANTE,1.0
DAGUA,CREMACAO,TRAVESSA  QUINTINO BOCAIUVA,2104,-1.457749,-48.485133,RESTAURANTE,1.0
DABEN,TAPANA,RUA  RANARIO,153,-1.330848,-48.468681,DEPOSITO DE BEBIDA 153,4.0
DABEN,TAPANA,RUA  RANARIO,153,-1.330892,-48.468537,RESTAURANTE SEM NOME153,1.0
DAMOS,ARIRAMBA,RUA  VILA NOVA,716,-1.119801,-48.429561,POINT DO CAFE,1.0
DAMOS,ARIRAMBA,RUA  VILA NOVA,809,-1.11962,-48.429747,LORA BAR E REATAURANTE,1.0
DABEN,BENGUI,RUA  AJAX DE OLIVEIRA,171,-1.376382,-48.457517,BAR ALAN SOARES,1.0
DAENT,MARAMBAIA,CANAL  AGUA CRISTAL,49,-1.404603,-48.461731,CAFE DA MANHA,1.0
DAENT,MARAMBAIA,CANAL  AGUA CRISTAL,63,-1.404686,-48.461328,RESTAURANTE,1.0
DASAC,FATIMA,TRAVESSA  FRANCISCO CALDEIRA CASTELO BRANCO,0,-1.443221,-48.470913,BAR DO IZAAC,1.0
DAENT,CASTANHEIRA,AVENIDA  PEDRO ALVARES CABRAL,140,-1.407926,-48.443487,BAR E RESTAURANTE,1.0
DAICO,PARACURI,RUA  DOIS DE DEZEMBRO,0,-1.316444,-48.476682,BAR,1.0
DAGUA,GUAMA,PASSAGEM  ALVINO,80,-1.472013,-48.469614,BAR VALDETE,1.0
DAGUA,JURUNAS,RUA  DOS MUNDURUCUS,1002,-1.466343,-48.493934,CAFE DA NATH,1.0
DASAC,TELEGRAFO,PASSAGEM  MIRACI,76,-1.425556,-48.47992,BAR NOSSO BAR,1.0
DASAC,PEDREIRA,TRAVESSA  PIRAJA,6,-1.421137,-48.469134,BAR DO BATISTA,1.0
DAGUA,JURUNAS,TRAVESSA  MONTE ALEGRE,1512,-1.470917,-48.492551,BAR,1.0
DAICO,AGULHA,PASSAGEM  ANTONIO BARROS,30,-1.303389,-48.476618,BAR E COMERCIO,1.0
DAICO,TENONE,PASSAGEM  DAS FLORES,4,-1.311057,-48.450107,PEIXARIA COSTA,1.0
DAGUA,CONDOR,RUA  LAURO MALCHER,0,-1.474017,-48.479954,BAR TOCA DO LEAO,4.0
DASAC,FATIMA,RUA  DOMINGOS MARREIROS,1879,-1.443753,-48.470883,BAR CEARA DA CASTELO,1.0
DABEN,COQUEIRO,TRAVESSA  WE 11,1316,-1.338542,-48.437287,BAR,4.0
DAGUA,JURUNAS,TRAVESSA  MONTE ALEGRE,1747,-1.472305,-48.490852,BAR,1.0
DAICO,TENONE,TRAVESSA  WE TRES,15,-1.320836,-48.431544,DEPOSITO DE BEBIDAS AR,1.0
DASAC,PEDREIRA,TRAVESSA  CHACO,285,-1.432651,-48.478389,RESTAURANTE DELICIAS DA NEGA,1.0
DAICO,PARQUE GUAJARA,RUA  OITO DE MAIO,16,-1.312548,-48.468662,BAR TRES CORACOES,1.0
DAICO,PONTA GROSSA,RUA  MANOEL BARATA,1808,-1.310425,-48.486886,BAR E RESTAURANTE DA VAL,1.0
DABEN,PRATINHA,RODOVIA  ARTHUR BERNARDES,9,-1.355368,-48.477407,RESTAURANTE,1.0
DABEL,MARCO,TRAVESSA  HUMAITA,1677,-1.437692,-48.468462,RESTAURANTE,1.0
DAGUA,JURUNAS,TRAVESSA  MONTE ALEGRE,1490,-1.470754,-48.492649,BAR,1.0
DAENT,MANGUEIRAO,AVENIDA  DAMASCO,0,-1.374417,-48.440155,BAR,1.0
DAENT,MANGUEIRAO,AVENIDA  DAMASCO,0,-1.374519,-48.44034,DEPOSITO DE BEBIDA,1.0
DASAC,PEDREIRA,TRAVESSA DOUTOR ENEAS PINHEIRO,693,-1.424085,-48.467291,LOPES BAR,1.0
DAICO,PARACURI,TRAVESSA  DA SOLEDADE,33,-1.309768,-48.473432,RESTAURANTE E LANCHONETE,1.0
DASAC,PEDREIRA,RUA  ANTONIO EVERDOSA,974,-1.427994,-48.475704,PANIFICADORA E RESTAURANTE PANTOJA,1.0
DAENT,MANGUEIRAO,AVENIDA  DAMASCO,10,-1.374376,-48.440985,BAR E RESTAUTANTE GRILL,1.0
DAENT,CURIO-UTINGA,PASSAGEM  CRUZEIRO,184,-1.426394,-48.444395,RESTAURANTE,1.0
DABEN,COQUEIRO,TRAVESSA  WE 11,996,-1.339082,-48.440646,DINAS BAR,1.0
DABEN,CABANAGEM,RUA  PRINCIPAL,0,-1.375531,-48.435127,RESTAURANTE SABOR CASEIRO,1.0
DASAC,MARACANGALHA,AVENIDA  SUL,0,-1.400229,-48.477697,DEPOSITO DE BEBIDAS,1.0
DABEL,CAMPINA,TRAVESSA  CAMPOS SALES,216,-1.452227,-48.500538,RESTAURANTE REI DO BACALHAU,1.0
DAMOS,ARIRAMBA,RUA  VILA NOVA,455,-1.119676,-48.42966,RESTAURANTE PELA FE,1.0
DASAC,PEDREIRA,AVENIDA SENADOR LEMOS,4266,-1.414245,-48.469226,RESTAURANTE NOSSA CASA,1.0
DABEL,UMARIZAL,RUA  BERNAL DO COUTO,38,-1.444589,-48.488544,GABI CAFE E DOCERIA,1.0
DAMOS,CARUARA,ESTRADA  DO MARAHU,20,-1.072543,-48.39269,BAR PAIDEGUA,1.0
DAMOS,SAO FRANCISCO,RUA  LUIS CAMOES,225,-1.101951,-48.419056,BAR MPB,1.0
DABEN,PRATINHA,PASSAGEM SANTO AFONSO,372,-1.374846,-48.482577,BAR,1.0
DABEN,BENGUI,RUA  AJAX DE OLIVEIRA,153,-1.376542,-48.458779,RESTAURANTE,1.0
DASAC,FATIMA,RUA  DOMINGOS MARREIROS,1887,-1.443837,-48.4707,RESTAURANTE E PIZZARIA RECANTO,1.0
DASAC,TELEGRAFO,TRAVESSA  TIMBO,322,-1.426845,-48.479108,BAR E MERCEARIA,1.0
DAICO,PONTA GROSSA,TRAVESSA  ITABORAI,1084,-1.302332,-48.482051,DEPOSITO DE BEBIDAS,1.0
DAICO,PARQUE GUAJARA,RUA  OITO DE MAIO,75,-1.309283,-48.468775,BAR DO PAPELAO,1.0
DABEL,CAMPINA,RUA  O DE ALMEIDA,498,-1.450569,-48.496384,RESTAURANTE BOM PALADAR,1.0
DASAC,PEDREIRA,PASSAGEM  H,79,-1.42174,-48.469708,PEIXARIA REDE PESCADO,1.0
DABEN,PRATINHA,RODOVIA  ARTHUR BERNARDES,0,-1.355776,-48.477342,RESTAURANTE,1.0
DAENT,MANGUEIRAO,RUA  CHICO MENDES,8,-1.381704,-48.451084,CHURRASCO,1.0
DAICO,CAMPINA DE ICOARACI,PASSAGEM  BOM JESUS,436,-1.298962,-48.470922,RESTAURANTE MF GALETO,1.0
DAMOS,VILA,TRAVESSA  PRATIQUARA,755,-1.163823,-48.469283,RESTAURANTE,1.0
DAMOS,VILA,TRAVESSA  PRATIQUARA,525,-1.163807,-48.469538,CASA DE SHOW,1.0
DABEL,MARCO,PASSAGEM  SIMEAO,356,-1.437829,-48.449677,DEPOSITO DE BEBIDAS,1.0
DABEL,MARCO,PASSAGEM  LAURO MARTINS,136,-1.442332,-48.450556,BAR PEDRA DOIDA,1.0
DABEL,MARCO,PASSAGEM  LAURO MARTINS,247,-1.44136,-48.4493,DEPOSITO DE BEBIDAS,1.0
DAMOS,SUCURIJUQUARA,ESTRADA  DA BAIA DO SOL,0,-1.085147,-48.369079,BAR BOX1,1.0
DAMOS,SUCURIJUQUARA,ESTRADA  DA BAIA DO SOL,60,-1.08492,-48.368242,BAR FLUMINENSE,1.0
DAMOS,SUCURIJUQUARA,ESTRADA  DA BAIA DO SOL,0,-1.085105,-48.369026,BAR,1.0
DAMOS,SUCURIJUQUARA,ESTRADA  DA BAIA DO SOL,0,-1.085101,-48.369239,FRUTEIRA E PEIXARIA,1.0
DAMOS,SUCURIJUQUARA,ESTRADA  DA BAIA DO SOL,624,-1.084684,-48.366744,CAROTE DE BAR,1.0
DABEL,MARCO,PASSAGEM  VALDIR ACATAUASSU NUNES,2,-1.441397,-48.451449,BAR,1.0
DAOUT,SAO JOAO DO OUTEIRO,RUA  BEIRA RIO,42,-1.255376,-48.466455,BAR E RESTAURANTE,1.0
DAOUT,SAO JOAO DO OUTEIRO,RUA  BEIRA RIO,8,-1.255477,-48.466555,NATALHAS BAR E MERCEARIA,1.0
DABEL,REDUTO,RUA  BOAVENTURA DA SILVA,345,-1.448997,-48.487799,CHURRASCARIA,1.0
DAICO,AGUAS NEGRAS,ESTRADA  DA MARACACUERA,520,-1.302331,-48.463198,BAR RAYFLAY,1.0
DAICO,AGUAS NEGRAS,ESTRADA  DA MARACACUERA,96,-1.301702,-48.462296,BAR E RESTAURANTE ESQUINA,1.0
DAICO,AGUAS NEGRAS,ESTRADA  DA MARACACUERA,619,-1.301684,-48.46238,BAR,1.0
DAGUA,MONTESE (TERRA FIRME),RUA  LAURO SODRE,9,-1.452833,-48.449487,DEPOSITO DE BEBIDAS,1.0
DAENT,CURIO-UTINGA,AVENIDA DOUTOR FREITAS,3159,-1.43105,-48.451608,RESTAURANTE DE CHURRASCO,1.0
DAENT,CURIO-UTINGA,AVENIDA DOUTOR FREITAS,3147,-1.430922,-48.451651,RESTAURANTE DA MARIA,1.0
DAENT,SOUZA,PASSAGEM  SAMUCA LEVY,22,-1.417879,-48.442954,CYBER CAFE,1.0
DABEL,UMARIZAL,TRAVESSA DOM ROMUALDO COELHO,723,-1.44078,-48.486763,RESTAURANTE,1.0
DAMOS,BAIA DO SOL,RUA  BEIRA RIO,0,-1.06711,-48.331391,LANAS BAR,1.0
DABEL,MARCO,PASSAGEM  SIMEAO,545,-1.438963,-48.449905,CYBER CAFE,1.0
DABEL,MARCO,PASSAGEM  SIMEAO,487,-1.438529,-48.44986,CATIOCAS BAR E RESTAURANTE,1.0
DAGUA,GUAMA,RUA  SILVA CASTRO,2464,-1.464943,-48.470591,BAR DA DEUSA,1.0
DASAC,MARACANGALHA,RUA  QUATORZE A,2,-1.398335,-48.479449,BAR,1.0
DAICO,TENONE,PASSAGEM  LARANJEIRAS,0,-1.317653,-48.437048,SAPOS BAR,1.0
DAENT,CURIO-UTINGA,AVENIDA DOUTOR FREITAS,2918,-1.428665,-48.452624,BAR DOS MALAS,1.0
DAICO,PARQUE GUAJARA,RODOVIA  AUGUSTO MONTENEGRO,3989,-1.322823,-48.450641,CHURRASCARIA FALABELO,1.0
DABEL,MARCO,AVENIDA DUQUE DE CAXIAS,834,-1.439055,-48.467777,RESTAURANTE UATA,1.0
DABEL,MARCO,AVENIDA DUQUE DE CAXIAS,926,-1.438486,-48.467472,RESTAURANTE ROUTE 66,1.0
DAICO,CRUZEIRO,AVENIDA DOUTOR LOPO DE CASTRO,324,-1.298439,-48.486458,RESTAURANTE,1.0
DABEN,PARQUE VERDE,AVENIDA  INDEPENDENCIA,59,-1.367927,-48.436843,BAR NOSSO CANTINHO,1.0
DAENT,MARAMBAIA,PASSAGEM  DALVA,1022,-1.401508,-48.440001,BAR TIO MACACO,1.0
DABEN,CABANAGEM,RUA  PRINCIPAL,6,-1.374501,-48.433831,BAR,4.0
DASAC,PEDREIRA,AVENIDA DOUTOR FREITAS,828,-1.414915,-48.466458,RESTAURANTE,1.0
DASAC,PEDREIRA,AVENIDA DOUTOR FREITAS,670,-1.414377,-48.467651,BAR,1.0
DASAC,PEDREIRA,AVENIDA DOUTOR FREITAS,676,-1.414334,-48.467528,RESTAURANTE SABOR DA HORA,1.0
DASAC,PEDREIRA,AVENIDA DOUTOR FREITAS,906,-1.415276,-48.465695,RESTAURANTE,1.0
DAENT,CURIO-UTINGA,RUA  OSVALDO CRUZ,0,-1.410176,-48.397458,RESTAURANTE FENIX,1.0
DAGUA,GUAMA,AVENIDA  BERNARDO SAYAO,5232,-1.477491,-48.46074,DEPOSITO DE BEBIDAS,1.0
DAGUA,GUAMA,AVENIDA  BERNARDO SAYAO,5232,-1.478627,-48.460487,BAR DA MARINA NAUTICA,1.0
DAGUA,GUAMA,AVENIDA  BERNARDO SAYAO,5232,-1.478495,-48.460227,RESTAURANTE STEAK GRILL,1.0
DAGUA,GUAMA,AVENIDA  BERNARDO SAYAO,5232,-1.477684,-48.460866,DEPOSITO DEBEBIDA,1.0
DAICO,AGULHA,RODOVIA  AUGUSTO MONTENEGRO,0,-1.302582,-48.467392,CHURRASCARIA COZINHA DA FAZENDA,1.0
DAICO,CAMPINA DE ICOARACI,RUA  LUIS AZEVEDO,355,-1.297882,-48.471106,BAR RUMO AO HEXA,1.0
DAGUA,CREMACAO,AVENIDA CONSELHEIRO FURTADO,0,-1.456539,-48.473519,BAR E ESTACIONAMENTO,4.0
DABEL,SAO BRAS,AVENIDA CONSELHEIRO FURTADO,2852,-1.456361,-48.472818,BAR,1.0
DABEL,SAO BRAS,AVENIDA CONSELHEIRO FURTADO,2760,-1.456402,-48.473722,BAR E RESTAURANTE STEAK 1001,1.0
DAGUA,CREMACAO,TRAVESSA  QUATORZE DE ABRIL,1949,-1.457209,-48.472219,RESTAURANTE IZUMO,1.0
DABEL,MARCO,TRAVESSA  TIMBO,3248,-1.441329,-48.457655,DEPOSITO DE BEBIDAS,1.0
DAENT,CASTANHEIRA,PASSAGEM NOSSA SENHORA APARECIDA,38,-1.407748,-48.432621,BAR RESTAURANTE LA MARINE,1.0
DAOUT,AGUA BOA,RUA  HEITOR COSTA,31,-1.250413,-48.459207,BAR DOS AMIGOS,1.0
DAOUT,AGUA BOA,RUA  HEITOR COSTA,1,-1.250103,-48.459421,NATUS RESTALRANTE E TAPIOCARIA,1.0
DASAC,SACRAMENTA,TRAVESSA  ANGUSTURA,64,-1.41727,-48.482462,RESTAURANTE PALADAR SABOROSO,1.0
DABEL,MARCO,PASSAGEM  SIMEAO,45,-1.436819,-48.450296,DEPOSITO DE BEBIDAS,1.0
DABEN,COQUEIRO,TRAVESSA  NS 12,3,-1.331326,-48.443323,RESTAURANTE,1.0
DABEN,BENGUI,PASSAGEM  VALDIR ACATAUASSU NUNES,14,-1.377333,-48.448266,DEPOSITO DE BEBIDA ANA CLARA,1.0
DAMOS,MANGUEIRAS,RUA  FRANCISCO XAVIER CARDOSO,63,-1.161622,-48.465753,BAR,1.0
DAGUA,GUAMA,AVENIDA  BERNARDO SAYAO,996,-1.475737,-48.460673,BISTRO DA RE RESTAURANTE E LANCHONETE,1.0
DAICO,CRUZEIRO,AVENIDA DOUTOR LOPO DE CASTRO,154,-1.298527,-48.488277,BAR O ABACATAO,1.0
DABEN,CABANAGEM,RUA  DAMASCO,0,-1.367233,-48.431842,ARENA SAO BENEDITO E BAR,1.0
DAOUT,BRASILIA,ESTRADA  PRINCIPAL DO OUTEIRO,0,-1.278582,-48.474341,RESTAURANTE MANA DO CEU,1.0
DABEN,PARQUE VERDE,AVENIDA  INDEPENDENCIA,0,-1.368255,-48.437375,BAR TROPICALIA,1.0
DABEN,PARQUE VERDE,AVENIDA  INDEPENDENCIA,0,-1.368255,-48.437369,RESTAURANTE FE EM DEUS,1.0
DAENT,CASTANHEIRA,PASSAGEM SAO LUIS,25,-1.401711,-48.431584,BAR DA MARIMAR,1.0
DABEL,MARCO,TRAVESSA DOUTOR ENEAS PINHEIRO,1772,-1.429789,-48.458788,BAR E RESTAURANTE,1.0
DAGUA,GUAMA,TRAVESSA  BARAO DE MAMORE,698,-1.462331,-48.46556,BAR DO BIGODE,1.0
DASAC,MARACANGALHA,RUA  VINTE E NOVE A,12,-1.398751,-48.485319,BAR,1.0
DABEL,MARCO,TRAVESSA DOUTOR ENEAS PINHEIRO,1788,-1.429965,-48.458508,MANJAR DO BOSQUE RESTAURANTE,1.0
DAENT,CASTANHEIRA,PASSAGEM SAO LUIS,133,-1.401945,-48.431479,BAR ZEZINHOS,1.0
DAICO,PONTA GROSSA,TRAVESSA  DOS ANDRADAS,0,-1.308909,-48.486077,DEPOSITO DE BEBIDAS,1.0
DAMOS,MARACAJA,RUA  VEIGA CABRAL,100,-1.166819,-48.464009,BAR DA JOICE,1.0
DASAC,PEDREIRA,CANAL  DA PIRAJA,213,-1.418832,-48.464682,RESTAURANTE,1.0
DASAC,FATIMA,TRAVESSA  CURUZU,0,-1.437848,-48.473591,AP BAR E RESTAURANTE,1.0
DAGUA,CANUDOS,RUA  SILVA ROSADO,267,-1.452195,-48.463737,BAR DO VALDERY,1.0
DAGUA,CREMACAO,RUA SAO MIGUEL,0,-1.464285,-48.480561,BAR DO VALDO,1.0
DAMOS,ARIRAMBA,RUA  VARIANTE,905,-1.12045,-48.429765,RESTAURANTE LANCHONETE ABENCOADA,1.0
DAMOS,ARIRAMBA,RUA  VARIANTE,915,-1.121186,-48.430531,RESTAURANTE E BAR,1.0
DAENT,MANGUEIRAO,RUA  TANCREDO NEVES,61,-1.380289,-48.437022,BAR DO BAIXINHO,1.0
DASAC,SACRAMENTA,PASSAGEM  VILA NOVA,591,-1.409337,-48.469532,DEPOSITO DE BEBIDAS SANTOS,1.0
DASAC,SACRAMENTA,PASSAGEM  VILA NOVA,585,-1.409367,-48.469489,MERCANTIL E BAR MARADONA,1.0
DAOUT,BRASILIA,ESTRADA  PRINCIPAL DO OUTEIRO,197,-1.280042,-48.475351,BAR DO TIO BENA,1.0
DABEN,TAPANA,RODOVIA  DO TAPANA,195,-1.348517,-48.4637,RESTAURANTE FOGAO DIVINO,1.0
DAENT,CURIO-UTINGA,RUA  OSVALDO CRUZ,18,-1.406531,-48.397684,BOTECO DA JULIA,1.0
DAICO,CRUZEIRO,RUA  DOS ANJOS,260,-1.268145,-48.558407,BAR,1.0
DAICO,CRUZEIRO,RUA  DOS ANJOS,0,-1.268674,-48.557913,BAR,1.0
DASAC,FATIMA,RUA  DOMINGOS MARREIROS,1545,-1.444058,-48.473899,RESTAURANTE,1.0
DABEN,TAPANA,RODOVIA  DO TAPANA,15,-1.348785,-48.462245,RESTAURANTE SANTA CHAPA,1.0
DABEN,TAPANA,RODOVIA  DO TAPANA,10,-1.348739,-48.462622,RESTAURANTE SABOR DE MEL,1.0
DAICO,AGULHA,ALAMEDA  B,0,-1.304729,-48.468179,BAR,1.0
DABEN,TAPANA,RODOVIA  DO TAPANA,3,-1.348813,-48.462123,DELLAS CAFETERIA,1.0
DAGUA,GUAMA,RUA BARAO DE IGARAPE MIRI,659,-1.467264,-48.462685,RESTAURANTE,4.0
DABEL,REDUTO,RUA  MUNICIPALIDADE,488,-1.444833,-48.494271,SUNRISE LOUNGE BAR,1.0
DAICO,TENONE,RUA  VINTE E DOIS DE MARCO,0,-1.322553,-48.440125,DEPOSITO DE BEBIDAS,1.0
DAENT,MARAMBAIA,PASSAGEM SAO CRISTOVAO,24,-1.407779,-48.453515,BAR M CARDOSO,1.0
DABEL,UMARIZAL,RUA  MUNICIPALIDADE,1069,-1.439186,-48.490627,DEPOSITO DE BEBIDAS SERRA,1.0
DABEN,TAPANA,ALAMEDA  ACAPU,37,-1.3573,-48.465343,BAR,1.0
DABEN,TAPANA,ALAMEDA  ACAPU,38,-1.357248,-48.465297,BAR,1.0
DABEL,CIDADE VELHA,RUA  VEIGA CABRAL,662,-1.46264,-48.497698,BAR E RESTAURANTE,1.0
DABEN,TAPANA,ALAMEDA  ACAPU,40,-1.357294,-48.465412,DEPOSITO DE BEBIDAS COELHO,1.0
DAGUA,MONTESE (TERRA FIRME),AVENIDA  PERIMETRAL,3,-1.464911,-48.447276,RESTAURANTE DELICIAS DAS IRMAS,1.0
DABEN,TAPANA,ALAMEDA  ACAPU,39,-1.3573,-48.465343,DEPOSITO DE BEBIDAS RODRIGUES,1.0
DAGUA,MONTESE (TERRA FIRME),AVENIDA  PERIMETRAL,3,-1.464614,-48.447168,DEPOSITO DE BEBIDAS,1.0
DABEN,PARQUE VERDE,AVENIDA  INDEPENDENCIA,51,-1.368368,-48.437528,CASA DA SAUDADE BAR E CONVENIENCIA,1.0
DASAC,TELEGRAFO,PASSAGEM  DAS FLORES,371,-1.424222,-48.486267,CASA DE EVENTOS,1.0
DAGUA,MONTESE (TERRA FIRME),AVENIDA  PERIMETRAL,5,-1.464983,-48.447289,RESTAURANTE,1.0
DAGUA,JURUNAS,RUA  DOS TIMBIRAS,398,-1.472426,-48.493482,BAR,1.0
DAICO,CAMPINA DE ICOARACI,RUA  LUIS AZEVEDO,48,-1.295019,-48.471288,ESTHER BAR E PETISCOS,1.0
DAMOS,SUCURIJUQUARA,ESTRADA  DA BAIA DO SOL,135,-1.084676,-48.368537,BAR PAGODE,1.0
DAENT,MANGUEIRAO,RUA  CHICO MENDES,55,-1.382903,-48.450895,BAR,1.0
DAGUA,CREMACAO,RUA  DOS PARIQUIS,2615,-1.459647,-48.480738,BAR E OFICINA MECANICA,4.0
DAICO,CAMPINA DE ICOARACI,ESTRADA  DA MARACACUERA,434,-1.301673,-48.463785,RESTAURANTE,1.0
DAMOS,SUCURIJUQUARA,ESTRADA  DA BAIA DO SOL,0,-1.084714,-48.368764,BAR PAGODE,1.0
DAICO,CAMPINA DE ICOARACI,RUA  LUIS AZEVEDO,36,-1.295173,-48.47124,COMERCIAL SANTOS RESTAURANTE,1.0
DASAC,MARACANGALHA,RUA  VINTE E NOVE A,141,-1.398626,-48.485335,BAR,1.0
DASAC,SACRAMENTA,PASSAGEM  VILA NOVA,67,-1.409277,-48.469715,DEPOSITO DE BEBIDAS,2.0
DASAC,SACRAMENTA,PASSAGEM  VILA NOVA,67,-1.40932,-48.469683,DEPOSITO DE BEBIDAS,2.0
DAGUA,CANUDOS,TRAVESSA  TEOFILO CONDURU,507,-1.452239,-48.46105,RESTAURANTE,1.0
DAOUT,SAO JOAO DO OUTEIRO,RUA  BEIRA RIO,38,-1.255889,-48.466867,BAR DOS AMIGOS,1.0
DAOUT,SAO JOAO DO OUTEIRO,RUA  BEIRA RIO,32,-1.255761,-48.467146,BAR DA AMIZADE,1.0
DAOUT,SAO JOAO DO OUTEIRO,RUA  BEIRA RIO,82,-1.255792,-48.467088,ALINE BAR E RESTAURANTE,1.0
DAOUT,SAO JOAO DO OUTEIRO,RUA  BEIRA RIO,0,-1.256042,-48.467312,BAR E RESTAURANTE MARESIA,1.0
DAGUA,GUAMA,RUA  SILVA CASTRO,66,-1.465024,-48.472653,BAR,1.0
DAOUT,SAO JOAO DO OUTEIRO,RUA  BEIRA RIO,54,-1.254659,-48.466195,BAR DOS AMIGOS,1.0
DAOUT,SAO JOAO DO OUTEIRO,RUA  BEIRA RIO,35,-1.254857,-48.466071,BAR AMIGOS,1.0
DAOUT,SAO JOAO DO OUTEIRO,RUA  BEIRA RIO,31,-1.25506,-48.466465,BAR DO MID BACK,1.0
DAOUT,SAO JOAO DO OUTEIRO,RUA  BEIRA RIO,0,-1.255053,-48.466455,SAM BAR,1.0
DAOUT,SAO JOAO DO OUTEIRO,RUA  BEIRA RIO,29,-1.255092,-48.466426,TURQUIAS BAR,1.0
DAOUT,SAO JOAO DO OUTEIRO,RUA  BEIRA RIO,28,-1.255346,-48.466528,LIIRAS BAR,1.0
DAOUT,SAO JOAO DO OUTEIRO,RUA  BEIRA RIO,27,-1.255646,-48.46637,QUINHOS BAR,1.0
DAOUT,SAO JOAO DO OUTEIRO,RUA  BEIRA RIO,26,-1.255501,-48.466593,BAR ZELAO,1.0
DAOUT,SAO JOAO DO OUTEIRO,RUA  BEIRA RIO,23,-1.255619,-48.466778,DINAS RESTO BAR BEACH,1.0
DAOUT,SAO JOAO DO OUTEIRO,RUA  BEIRA RIO,22,-1.255641,-48.466823,DINAS BAR,1.0
DAOUT,SAO JOAO DO OUTEIRO,RUA  BEIRA RIO,21,-1.255741,-48.46686,BAR SEM NOME,1.0
DAOUT,SAO JOAO DO OUTEIRO,RUA  BEIRA RIO,16,-1.255807,-48.467079,BAR DUDA MEL,1.0
DAOUT,SAO JOAO DO OUTEIRO,RUA  BEIRA RIO,15,-1.255883,-48.467193,NARAS BAR,1.0
DAOUT,SAO JOAO DO OUTEIRO,RUA  BEIRA RIO,14,-1.255988,-48.467129,MARULHOS BAR,1.0
DAOUT,SAO JOAO DO OUTEIRO,RUA  BEIRA RIO,13,-1.256084,-48.46724,BAR E RESTO SAO JORGE,1.0
DAOUT,SAO JOAO DO OUTEIRO,RUA  BEIRA RIO,11,-1.25602,-48.467447,KOISINHA BOA BAR,1.0
DAOUT,SAO JOAO DO OUTEIRO,RUA  BEIRA RIO,10,-1.256125,-48.46743,SIMONES BAR,1.0
DAOUT,SAO JOAO DO OUTEIRO,RUA  BEIRA RIO,9,-1.256045,-48.46747,BAR ESTRELA DO MAR,1.0
DAOUT,SAO JOAO DO OUTEIRO,RUA  BEIRA RIO,7,-1.256176,-48.467609,BAR BOCA LOUCA,1.0
DAOUT,SAO JOAO DO OUTEIRO,RUA  BEIRA RIO,3,-1.256233,-48.467852,BAR PASSA O PRATO,1.0
DAOUT,SAO JOAO DO OUTEIRO,RUA  BEIRA RIO,2,-1.256315,-48.467894,SAMUKA BAR,1.0
DAOUT,SAO JOAO DO OUTEIRO,RUA  BEIRA RIO,17,-1.255742,-48.467139,BAR E RESTO CARMEM E NELSON,1.0
DAOUT,SAO JOAO DO OUTEIRO,RUA  BEIRA RIO,0,-1.255136,-48.465863,VIEIRAS BAR,1.0
DAOUT,SAO JOAO DO OUTEIRO,RUA  BEIRA RIO,12,-1.256007,-48.467319,ROBERTAO BAR,1.0
DAOUT,SAO JOAO DO OUTEIRO,RUA  BEIRA RIO,4,-1.256171,-48.467657,BAR DA DORA,1.0
DAOUT,SAO JOAO DO OUTEIRO,RUA  BEIRA RIO,105,-1.255016,-48.466047,IMPERIO BAR,1.0
DAOUT,SAO JOAO DO OUTEIRO,RUA  BEIRA RIO,36,-1.254889,-48.466022,BAR AMIGOS,1.0
DAOUT,SAO JOAO DO OUTEIRO,RUA  BEIRA RIO,18,-1.255768,-48.467044,ENCONTROS BAR,1.0
DAOUT,SAO JOAO DO OUTEIRO,RUA  BEIRA RIO,4,-1.256214,-48.46778,BAR SAVEIRO,1.0
DAOUT,AGUA BOA,RUA  VINTE E CINCO DE JUNHO,150,-1.241062,-48.423583,BAR,1.0
DASAC,TELEGRAFO,PASSAGEM  ROSA LEMOS,347,-1.422244,-48.484117,BAR,1.0
DABEL,SAO BRAS,RUA  BOAVENTURA DA SILVA,2227,-1.446591,-48.470538,BAR,1.0
DAGUA,CONDOR,RUA  NOVA SEGUNDA,0,-1.471025,-48.482172,CHURRASCO DA DONA ROSA,1.0
DAGUA,CONDOR,RUA  NOVA SEGUNDA,0,-1.471025,-48.482172,RESTAURANTE DA PATRICIA,1.0
DAGUA,CONDOR,RUA  NOVA SEGUNDA,428,-1.469795,-48.482146,BOTECO DO JURA,1.0
DAGUA,JURUNAS,RUA  OSVALDO DE CALDAS BRITO,10,-1.472218,-48.501933,DEPOSITO DE BEBIDAS,1.0
DAGUA,JURUNAS,RUA  OSVALDO DE CALDAS BRITO,72,-1.471418,-48.501227,BAR MARAJOARA,1.0
DAGUA,CONDOR,RUA  NOVA SEGUNDA,360,-1.470316,-48.482589,RESTAURANTE DA PATRICIA,1.0
DAGUA,CANUDOS,TRAVESSA  TEOFILO CONDURU,741,-1.454507,-48.460903,RESTAURANTE AGUIA,1.0
DAGUA,CONDOR,RUA  NOVA SEGUNDA,360,-1.470247,-48.482532,BAR DO WELLITHON,1.0
DAGUA,CONDOR,RUA  NOVA SEGUNDA,38,-1.470474,-48.482643,CHURRASCO DA DONA ROSA,1.0
DAGUA,JURUNAS,RUA  OSVALDO DE CALDAS BRITO,64,-1.471483,-48.501221,BAR,1.0
DAGUA,JURUNAS,RUA  OSVALDO DE CALDAS BRITO,76,-1.471362,-48.501194,BAR DO PARDAL,1.0
DAGUA,CONDOR,RUA  NOVA SEGUNDA,428,-1.471015,-48.482172,BOTECO DO JURA,1.0
DAGUA,CONDOR,RUA  NOVA SEGUNDA,360,-1.470322,-48.482529,BAR DEUS E FIEL,1.0
DASAC,MARACANGALHA,AVENIDA  SUL,181,-1.399915,-48.488829,CHURRASCARIA COMEKIETO,4.0
DAMOS,SUCURIJUQUARA,ESTRADA  DA BAIA DO SOL,0,-1.084357,-48.365857,BAR SUCURI,1.0
DAENT,MARAMBAIA,AVENIDA  RODOLFO CHERMONT,1274,-1.398048,-48.453619,BAR DO PIPO,1.0
DABEL,MARCO,TRAVESSA  HUMAITA,3190,-1.445965,-48.455922,BAR,1.0
DASAC,MARACANGALHA,AVENIDA  SUL,181,-1.399915,-48.488829,CHURRASCARIA COMEKIETO,1.0
DABEL,MARCO,TRAVESSA  HUMAITA,2612,-1.4425,-48.461328,RESTAURANTE,1.0
DASAC,TELEGRAFO,VILA  IPIRANGA,877,-1.430967,-48.482819,BAR E VARIEDADES,1.0
DABEL,REDUTO,RUA  ARISTIDES LOBO,901,-1.449205,-48.49308,DEPOSITO DE BEBIDAS,1.0
DAICO,CAMPINA DE ICOARACI,PASSAGEM  BOM JESUS,272,-1.298662,-48.472575,RESTAURANTE POINT DA BENCAO,1.0
DAICO,CAMPINA DE ICOARACI,PASSAGEM  BOM JESUS,292,-1.298731,-48.472174,RESTAURANTE SABOR DA CASA,1.0
DAICO,PARQUE GUAJARA,RUA  DA MURALHA,46,-1.310503,-48.467116,BAR DA EMILIA,1.0
DAENT,MARAMBAIA,PASSAGEM  DALVA,893,-1.401575,-48.441298,R E F CHURRASCARIA,1.0
DABEN,TAPANA,RODOVIA  DO TAPANA,128,-1.329779,-48.476426,RESTAURANTE DELICIUS,1.0
DABEN,TAPANA,RODOVIA  DO TAPANA,128,-1.329827,-48.476227,BIG BROTHER BAR,1.0
DAICO,CAMPINA DE ICOARACI,ESTRADA  VELHA DO OUTEIRO,919,-1.294432,-48.47018,DEPOSITO DE BEBIDAS,1.0
DAICO,CAMPINA DE ICOARACI,ESTRADA  VELHA DO OUTEIRO,913,-1.294417,-48.470313,BAR DA MARCIA,1.0
DASAC,BARREIRO,PASSAGEM  STELIO MAROJA,166,-1.417187,-48.486354,RESTAURANTE,1.0
DAICO,CAMPINA DE ICOARACI,ESTRADA  VELHA DO OUTEIRO,913,-1.294438,-48.47038,BAR,1.0
DAICO,CAMPINA DE ICOARACI,RUA  LUIS AZEVEDO,5,-1.294806,-48.47139,BAR,1.0
DAICO,CAMPINA DE ICOARACI,RUA  LUIS AZEVEDO,50,-1.294988,-48.47131,RESTAURANTE,1.0
DAENT,CURIO-UTINGA,AVENIDA DOUTOR FREITAS,3429,-1.433386,-48.450609,LANCHONETE E CAFE TAPIOQUINHA SABOR DO P,1.0
DAICO,CAMPINA DE ICOARACI,RUA  LUIS AZEVEDO,52,-1.295075,-48.471298,RESTAURANTE MONTE SINAI,1.0
DASAC,BARREIRO,PASSAGEM  MARQUES,32,-1.414722,-48.492738,BAR E RESTAURANTE DO LICO,1.0
DABEN,TAPANA,ALAMEDA DONA MARIA,414,-1.345272,-48.475375,BAR,1.0
DAGUA,GUAMA,TRAVESSA BARAO DE MAMORE,0,-1.457103,-48.465723,LANCHONETE CAFE DO CEU,1.0
DAGUA,GUAMA,TRAVESSA BARAO DE MAMORE,103,-1.457512,-48.465669,RESTAURANTE,1.0
DABEN,CABANAGEM,RUA SAO JOAO,61,-1.362538,-48.435828,DEPOSITO DE BEBIDAS BETOS,1.0
DAICO,PARACURI,TRAVESSA  DA SOLEDADE,690,-1.310485,-48.48254,BAR DO BRANCO,1.0
DASAC,PEDREIRA,RUA  ANTONIO EVERDOSA,630,-1.430668,-48.477561,DEPOSITO DE BEBIDAS,1.0
DAGUA,CONDOR,AVENIDA  BERNARDO SAYAO,0,-1.475977,-48.475452,CASA DE SHOW,1.0
DAGUA,GUAMA,AVENIDA  TUCUNDUBA,0,-1.467401,-48.453967,BAR IRMAOS BROOKLYN,1.0
DASAC,SACRAMENTA,RUA SAO JOSE,131,-1.413854,-48.479831,BAR,1.0
DASAC,SACRAMENTA,RUA SAO JOSE,99,-1.413964,-48.479542,RESTAURANTE DO KAUE,1.0
DABEL,CAMPINA,RUA SENADOR MANOEL BARATA,928,-1.449316,-48.495779,RESTAURANTE DU PORTO,4.0
DABEL,CAMPINA,RUA  O DE ALMEIDA,606,-1.450169,-48.495686,RESTAURANTE MEARIM,1.0
DAENT,MANGUEIRAO,RUA  C,301,-1.39649,-48.434295,POINT DO CAFE,1.0
DAENT,MANGUEIRAO,RUA  C,0,-1.396452,-48.433834,BAR E RESTAURANTE DIVINO SABOR,1.0
DASAC,PEDREIRA,AVENIDA VISCONDE DE INHAUMA,1557,-1.427377,-48.464169,RESTAURANTE PORTINHA DA BROCA,1.0
DABEN,CABANAGEM,RUA  DAMASCO,0,-1.370059,-48.43546,RESTAURANTE,1.0
DABEN,PARQUE VERDE,RUA  SEM DENOMINACAO,101,-1.353531,-48.452891,FMVARIEDADES E TAPIOCARIA,1.0
DASAC,SACRAMENTA,RUA  CLAUDIO BORDALO,157,-1.407684,-48.468312,CHURRASCARIA,1.0
DAICO,PARQUE GUAJARA,PASSAGEM  GOUVEIA SILVA,43,-1.327694,-48.451291,BAR CANTO DO PEDRAO,1.0
DASAC,TELEGRAFO,RUA  GONCALVES FERREIRA,57,-1.427456,-48.486917,BAR,1.0
DAENT,MANGUEIRAO,PASSAGEM  LIBERDADE,23,-1.379936,-48.451069,RESTAURANTE MEU TEMPERO,1.0
DAENT,CASTANHEIRA,RUA  JOSE DE ALENCAR,142,-1.41012,-48.425468,BAR,1.0
DAGUA,JURUNAS,AVENIDA  BERNARDO SAYAO,2181,-1.476691,-48.488596,BAR RADICAL,1.0
DABEL,NAZARE,AVENIDA GENERALISSIMO DEODORO,1640,-1.455569,-48.482841,RESTAURANTE NOVA OPCAO,1.0
DAGUA,JURUNAS,RUA ENGENHEIRO FERNANDO GUILHON,714,-1.470613,-48.490202,POINT DO CHURRASCO,1.0
DABEL,CAMPINA,TRAVESSA  FRUTUOSO GUIMARAES,361,-1.452716,-48.498899,RESTAURANTE POP,1.0
DABEL,UMARIZAL,RUA CONEGO JERONIMO PIMENTEL,373,-1.442247,-48.487922,RESTAURANTE MANGA JAMBU,1.0
DAICO,PARQUE GUAJARA,RUA  DA PICARREIRA,124,-1.332917,-48.4566,BAR,1.0
DABEL,MARCO,AVENIDA  JOAO PAULO II,997,-1.439931,-48.457323,CHURRASCARIA COMILLON GRILL,1.0
DABEN,COQUEIRO,RUA  PRINCIPAL,4,-1.330507,-48.43831,CHURRASCO DA ROSE,1.0
DABEN,COQUEIRO,RUA  PRINCIPAL,2,-1.330628,-48.438237,POINT DA TAPIOCA,1.0
DABEN,COQUEIRO,RUA  PRINCIPAL,75,-1.330542,-48.437784,CHURRASCO 2 IRMAO,1.0
DABEN,COQUEIRO,RUA  PRINCIPAL,76,-1.330583,-48.438309,CHURRASCO DA ROSE,1.0
DABEN,COQUEIRO,RUA  PRINCIPAL,76,-1.330531,-48.438198,POINT DA TAPIOCA,1.0
DABEL,REDUTO,RUA  VINTE E OITO DE SETEMBRO,863,-1.445926,-48.492972,CLUBE 28 BEACH SPORTS BAR,1.0
DABEL,REDUTO,RUA  VINTE E OITO DE SETEMBRO,800,-1.446557,-48.493483,RESTAURANTE REDUTO,1.0
DAGUA,CREMACAO,RUA  DOS PARIQUIS,2322,-1.459727,-48.483678,ANDRELINAS BAR,1.0
DAGUA,CREMACAO,PASSAGEM  MUCAJAS,382,-1.467615,-48.474845,BAR CARIOCA,1.0
DAICO,MARACACUERA,PASSAGEM  BRASILIA,642,-1.299412,-48.46237,DEPOSITO DE BEBIDA,1.0
DAICO,MARACACUERA,PASSAGEM  BRASILIA,640,-1.299251,-48.462406,NEY PIX CHURRASCARIA DO NEY,1.0
DAICO,MARACACUERA,PASSAGEM  BRASILIA,636,-1.299393,-48.462392,BAR,1.0
DAICO,CAMPINA DE ICOARACI,PASSAGEM  BRASILIA,0,-1.300915,-48.462329,MARCELA RESTAURANTE,1.0
DAGUA,GUAMA,PASSAGEM  FRANCISCO MONTEIRO,225,-1.456123,-48.459565,BARCARENA BAR,1.0
DABEL,UMARIZAL,RUA CONEGO JERONIMO PIMENTEL,188,-1.442996,-48.488441,CAFETERIA CHEZ NOUS,1.0
DASAC,PEDREIRA,AVENIDA VISCONDE DE INHAUMA,0,-1.42709,-48.46405,RESTAURANTE,1.0
DAMOS,SAO FRANCISCO,RUA  OFIR LOIOLA,160,-1.112427,-48.42093,MERCEARIA E BAR DO RUR,1.0
DABEN,BENGUI,RUA  BETANIA,0,-1.376752,-48.450783,RESTAURANTE MAIS SABOR,1.0
DAICO,CRUZEIRO,RUA CORONEL JUVENCIO SARMENTO,40,-1.292629,-48.482037,RESTAURANTE E LANCHONETE CASA GOUVEIA,1.0
DAENT,MANGUEIRAO,RUA  C,307,-1.396518,-48.43318,BAR E RESTAURANTE DIVINO SABOR,1.0
DAENT,MANGUEIRAO,PASSAGEM  LIBERDADE,2,-1.380562,-48.450944,PEIXARIA DO ANTONIO,1.0
DABEL,CAMPINA,TRAVESSA  PRIMEIRO DE MARCO,0,-1.44989,-48.499034,RESTAURANTE BISTRO DA MARGO,1.0
DAENT,MANGUEIRAO,RUA  C,306,-1.396508,-48.433283,DEPOSITO DE BEBIDAS,1.0
DASAC,PEDREIRA,TRAVESSA  VILETA,1000,-1.432114,-48.474059,RESTAURANTE,1.0
DASAC,TELEGRAFO,AVENIDA SENADOR LEMOS,2150,-1.424758,-48.483916,BAR DO CHICO,1.0
DASAC,BARREIRO,PASSAGEM  O SOL NASCE PARA TODOS,25,-1.408511,-48.477505,BAR DO EDINHO,1.0
DAICO,PARQUE GUAJARA,RUA  DEZESSETE DE ABRIL,19,-1.314173,-48.461243,RESTAURANTE DA NILCE,1.0
DAMOS,BAIA DO SOL,RUA  JOVITA VERGARA,0,-1.062338,-48.349741,BAR DA LOURA,1.0
DAMOS,BAIA DO SOL,RUA  JOVITA VERGARA,0,-1.062492,-48.348881,BAR GRANDE FAMILIA,1.0
DABEL,NAZARE,TRAVESSA  QUATORZE DE MARCO,1704,-1.450688,-48.480625,RESTAURANTE MARAJOARA,1.0
DASAC,MARACANGALHA,RUA  DEZESSETE,151,-1.400056,-48.480856,RESTAURANTE,1.0
DAENT,MARAMBAIA,AVENIDA  RODOLFO CHERMONT,1361,-1.397351,-48.453769,CHURRASCARIA,1.0
DABEL,BATISTA CAMPOS,TRAVESSA PADRE EUTIQUIO,2047,-1.462902,-48.487794,RESTAURANTE SABOR DI CASA,1.0
DAGUA,CONDOR,PASSAGEM  NOVA,195,-1.472708,-48.485017,BAR,1.0
DASAC,PEDREIRA,TRAVESSA DOUTOR ENEAS PINHEIRO,932,-1.425461,-48.465363,AMIGOS BAR,1.0
DABEL,NAZARE,TRAVESSA  QUATORZE DE MARCO,1596,-1.449499,-48.480646,CHURRASCARIA E BUFFET GLAU RESTO,1.0
DAGUA,GUAMA,AVENIDA  JOSE BONIFACIO,2416,-1.468693,-48.468723,BAR,1.0
DAGUA,GUAMA,AVENIDA  JOSE BONIFACIO,2416,-1.468573,-48.468624,BAR,1.0
DABEN,CABANAGEM,RUA SAO JOSE,8,-1.37401,-48.434025,DEPOSITO BEBIDA L A,1.0
DABEL,UMARIZAL,TRAVESSA DOM ROMUALDO DE SEIXAS,139,-1.437262,-48.491296,RESTAURANTE,1.0
DAMOS,MANGUEIRAS,ALAMEDA  ALMERINDO TRINDADE,0,-1.14673,-48.452639,BAR FIM DO MUNDO,1.0
DASAC,BARREIRO,RUA  DO CDP,29,-1.408745,-48.477818,BOTECO BOTA CHOPP,1.0
DABEL,UMARIZAL,RUA  ANTONIO BARRETO,1117,-1.443331,-48.478783,RESTAURANTE SIMPLE,1.0
DAICO,TENONE,PASSAGEM  QUINTA LINHA,29,-1.324982,-48.440649,BAR,1.0
DAICO,CAMPINA DE ICOARACI,PASSAGEM  CASTRO ALVES,199,-1.294398,-48.463445,BAR,1.0
DAICO,TENONE,PASSAGEM  QUINTA LINHA,49,-1.324367,-48.440659,CAFE,1.0
DAICO,PARQUE GUAJARA,RODOVIA  AUGUSTO MONTENEGRO,1234,-1.307337,-48.460507,RESTAURANTE,1.0
DABEL,UMARIZAL,AVENIDA SENADOR LEMOS,34,-1.442649,-48.490169,RESTAURANTE DOCA GOURMET,1.0
DAGUA,GUAMA,RUA  TRES DE OUTUBRO,340,-1.468641,-48.460257,BAR,1.0
DASAC,PEDREIRA,TRAVESSA  VILETA,1256,-1.433231,-48.4722,RESTAURANTE,1.0
DABEL,CAMPINA,TRAVESSA  FRUTUOSO GUIMARAES,557,-1.453631,-48.497482,BAR E RESTAURANTE DESATIVADO,1.0
DAENT,CURIO-UTINGA,RUA  DO UTINGA,170,-1.425439,-48.449843,RESTAURANTE E LANCHONETE ROTA DO PARQUE,1.0
DAMOS,CARANANDUBA,RAMAL  DO DMER,0,-1.100601,-48.400936,BAR IMPERIO,1.0
DAENT,MANGUEIRAO,QUADRA  DEZENOVE,15,-1.377706,-48.440105,RESTAURANTE DA NELMA,1.0
DAENT,MANGUEIRAO,QUADRA  DEZENOVE,0,-1.378455,-48.439757,CHURRASCARIA,1.0
DABEL,UMARIZAL,RUA CONEGO JERONIMO PIMENTEL,410,-1.441143,-48.487528,RESTAURANTE DOM BISTRO,1.0
DAMOS,VILA,TRAVESSA CORONEL JOSE MOTA,0,-1.159279,-48.471332,BAR DA VOVO,1.0
DAMOS,VILA,TRAVESSA CORONEL JOSE MOTA,0,-1.159949,-48.47169,BAR E RESTAURANTE,1.0
DABEN,PARQUE VERDE,RUA  DEZESSEIS DE AGOSTO,20,-1.355671,-48.455073,BAR E MERCEARIA,1.0
DAMOS,VILA,TRAVESSA CORONEL JOSE MOTA,0,-1.159664,-48.471468,BAR E RESTAURANTE,1.0
DAMOS,VILA,TRAVESSA CORONEL JOSE MOTA,2,-1.160545,-48.472116,BAR E RESTAURANTE MARCAO,1.0
DAGUA,CONDOR,AVENIDA  BERNARDO SAYAO,3887,-1.474829,-48.472747,BAR XALE DO ANTONIO,1.0
DAICO,CAMPINA DE ICOARACI,ESTRADA  DA MARACACUERA,615,-1.301616,-48.462373,RESTAURANTE E BAR MARANHENSE,1.0
DAENT,MARAMBAIA,AVENIDA  RODOLFO CHERMONT,0,-1.395304,-48.453827,BAR,1.0
DAGUA,GUAMA,PASSAGEM  TUCUNDUBA DOIS,2,-1.464845,-48.455956,BAR E MERCEARIA,1.0
DAGUA,GUAMA,PASSAGEM  TUCUNDUBA DOIS,27,-1.46483,-48.455258,BAR,1.0
DAICO,CAMPINA DE ICOARACI,PASSAGEM  BRASILIA,36,-1.29877,-48.462505,RESTAURANTE A DONA DO PEDACO,1.0
DABEN,PRATINHA,PASSAGEM  NOVO HORIZONTE,0,-1.368909,-48.470385,NOSSO BAR,1.0
DASAC,TELEGRAFO,RODOVIA  ARTHUR BERNARDES,251,-1.426074,-48.489129,RESTAURANTE,1.0
DAENT,MANGUEIRAO,RUA  C,311,-1.39654,-48.432345,BAR E PETISCARIA CALCADAO MIX,1.0
DAICO,TENONE,PASSAGEM  QUINTA LINHA,0,-1.319982,-48.441023,BAR KAISER,1.0
DAGUA,JURUNAS,AVENIDA  BERNARDO SAYAO,2211,-1.476764,-48.48844,RESTAURANTE TUDO NOSSA,1.0
DAGUA,JURUNAS,AVENIDA  BERNARDO SAYAO,2237,-1.476853,-48.488257,BAR DA ALINE,1.0
DAMOS,NATAL DO MURUBIRA,RUA  NATAL DO MURUBIRA,703,-1.13492,-48.448557,BAR,1.0
DABEN,TAPANA,ALAMEDA SAO JOSE,37,-1.340983,-48.473212,BAR,1.0
DAENT,MANGUEIRAO,AVENIDA  DOS PLANETAS,0,-1.387226,-48.441327,RESTAURANTE DA ANA,1.0
DABEL,CAMPINA,TRAVESSA  FRUTUOSO GUIMARAES,283,-1.452189,-48.49964,RESTAURANTE TRADICAO,1.0
DAGUA,JURUNAS,RUA  OSVALDO DE CALDAS BRITO,353,-1.469266,-48.499623,BAR,1.0
DABEN,BENGUI,PASSAGEM NOSSA SENHORA DAS GRACAS,0,-1.377386,-48.448245,BAR CONVENIENCIA,1.0
DAGUA,JURUNAS,RUA  DOS MUNDURUCUS,225,-1.471478,-48.498116,VENDA DE CHURRASCO,1.0
DAMOS,SAO FRANCISCO,RUA  BEIRA RIO,388,-1.103301,-48.413209,RESTAURANTE BOA VISTA,1.0
DAICO,PARQUE GUAJARA,RUA  DEZESSETE DE ABRIL,41,-1.313834,-48.459318,RESTAURANTE BOM SABOR,1.0
DAGUA,MONTESE (TERRA FIRME),RUA  LAURO SODRE,260,-1.452469,-48.4491,BAR,1.0
DAGUA,MONTESE (TERRA FIRME),RUA  LAURO SODRE,50,-1.453712,-48.450527,BAR E MERCEARIA,1.0
DABEN,COQUEIRO,AVENIDA  SECUNDARIA,26,-1.334955,-48.440645,BAR E RESTAURANTE,1.0
DABEN,COQUEIRO,AVENIDA  SECUNDARIA,25,-1.334569,-48.438754,RESTAURANTE M E A,1.0
DABEL,CIDADE VELHA,TRAVESSA  BOM JARDIM,253,-1.462668,-48.50028,BAR E RESTAURANTE,1.0
DAICO,PONTA GROSSA,RUA  QUINZE DE AGOSTO,1356,-1.305851,-48.483288,BAR,1.0
DABEN,TAPANA,RUA PRESIDENTE GETULIO VARGAS,50,-1.347847,-48.473968,BAR,1.0
DAGUA,CONDOR,TRAVESSA  TRES DE MAIO,35,-1.467936,-48.473405,BAR DA SUZI,1.0
DABEN,COQUEIRO,RUA  SEM DENOMINACAO 5,61,-1.350173,-48.448416,BAR DA PRACA,1.0
DAICO,PARQUE GUAJARA,RUA  TREZE DE AGOSTO,49,-1.336563,-48.458624,BAR,1.0
DAMOS,SAO FRANCISCO,RUA  BEIRA RIO,0,-1.108034,-48.416403,RESTAURANTE DA ANDREIA,1.0
DABEN,PARQUE VERDE,RODOVIA  AUGUSTO MONTENEGRO,0,-1.356418,-48.453269,CASA DE SHOW METROPOLE CYTI HALL,2.0
DABEN,TAPANA,RUA  CHICO MENDES,8,-1.338568,-48.460813,BAR,1.0
DAOUT,AGUA BOA,RUA SAO DOMINGOS,123,-1.240223,-48.431752,BAR E MERCEARIA,1.0
DAENT,GUANABARA,RUA  DA PEDREIRINHA,59,-1.397073,-48.410472,BAR E SIMILARES,1.0
DABEL,NAZARE,TRAVESSA DOUTOR MORAES,49,-1.454157,-48.490823,CAFE COM AMOR,1.0
DAICO,MARACACUERA,PARQUE  ZOGBI,548,-1.295646,-48.460188,CONVENIENCIA BOTECO DA CACHACA,2.0
DAICO,PARACURI,RODOVIA  ARTHUR BERNARDES,4,-1.321988,-48.484992,BAR,1.0
DAGUA,JURUNAS,RUA  OSVALDO DE CALDAS BRITO,955,-1.465092,-48.496368,BAR DO LAYON,1.0
DAGUA,JURUNAS,RUA  OSVALDO DE CALDAS BRITO,885,-1.465327,-48.496645,BAR E MERCEARIA CASA DOS ANJOS,1.0
DAICO,MARACACUERA,RUA  DO PORTO,0,-1.277227,-48.426009,BAR,1.0
DABEN,PRATINHA,PASSAGEM SAO VICENTE DE PAULA,2,-1.357934,-48.475736,IZAS BAR,1.0
DAENT,SOUZA,PASSAGEM  MONTEIRO LOBATO,61,-1.409738,-48.445653,DEPOSITO DE BEBIDAS,1.0
DAGUA,GUAMA,FURO  DO BENEDITO,0,-1.519694,-48.464331,BAR,1.0
DAGUA,JURUNAS,FURO  DO BENEDITO,0,-1.498125,-48.492063,RESTAURANTE,1.0
DAMOS,PORTO ARTHUR,RUA  BEIRA RIO,0,-1.122078,-48.448215,RESTAURANTE SABOR MARANHENSE,1.0
DAMOS,PORTO ARTHUR,RUA  BEIRA RIO,0,-1.12561,-48.448502,BAR,1.0
DAGUA,CREMACAO,TRAVESSA  TRES DE MAIO,0,-1.459019,-48.473676,CAFE TRES CORACOES,1.0
DAGUA,GUAMA,RUA  PAES DE SOUZA,712,-1.462265,-48.465425,RESTAURANTE,1.0
DAGUA,CREMACAO,RUA SAO MIGUEL,1541,-1.464222,-48.478011,CAFE DA VANDA,1.0
DASAC,SACRAMENTA,RUA  TRES DE OUTUBRO,246,-1.411115,-48.473381,RESTAURANTE SABOR E FE,1.0
DASAC,SACRAMENTA,RUA  TRES DE OUTUBRO,366,-1.409965,-48.473357,RESTAURANTE E LANCHONETE JM,1.0
DAGUA,CONDOR,AVENIDA  ALCINDO CACELA,4284,-1.474759,-48.475857,BAR,1.0
DAGUA,CONDOR,AVENIDA  ALCINDO CACELA,4288,-1.474754,-48.475895,BAR E RESTAURANTE PEIXARIA DO CARECA,1.0
DAGUA,CONDOR,AVENIDA  ALCINDO CACELA,4338,-1.475335,-48.475854,BAR BOTECO DA PRINCESA,1.0
DAGUA,CONDOR,AVENIDA  ALCINDO CACELA,4336,-1.475335,-48.475855,DEPOSITO BEBIDAS,1.0
DABEL,BATISTA CAMPOS,RUA  VEIGA CABRAL,848,-1.461364,-48.496545,BARBEARIA TRADICIONAL BOTECO E LAVA JATO,1.0
DASAC,MARACANGALHA,RUA  OITO,21,-1.397786,-48.477503,BAR,1.0
DAENT,VAL-DE-CANS,RODOVIA  ARTHUR BERNARDES,150,-1.377908,-48.480739,RESTAURANTE SABOR DA HORA,1.0
DAMOS,BONFIM,RUA  BOA ESPERANCA,0,-1.123041,-48.390672,BAR,1.0
DABEN,COQUEIRO,AVENIDA  SECUNDARIA,0,-1.334655,-48.438493,BAR E SALAO DE FESTAS,1.0
DAOUT,BRASILIA,RUA  DAS MARGARIDAS,0,-1.281519,-48.467961,BAR DA TIA,1.0
DASAC,SACRAMENTA,RUA  CLAUDIO BORDALO,255,-1.407528,-48.469312,BAR,1.0
DAGUA,CONDOR,AVENIDA  BERNARDO SAYAO,3774,-1.475781,-48.4757,BAR,1.0
DAGUA,CONDOR,AVENIDA  BERNARDO SAYAO,3757,-1.475403,-48.475644,BAR,1.0
DAGUA,CONDOR,AVENIDA  BERNARDO SAYAO,0,-1.475304,-48.475706,BAR,1.0
DABEN,TAPANA,RUA  NATIVOS DE OLIVEIRA,28,-1.345449,-48.47038,BAR DA LOIRA,1.0
DAGUA,CREMACAO,RUA SAO MIGUEL,1426,-1.464341,-48.479283,BAR,1.0
DAMOS,SAO FRANCISCO,RUA  BEIRA RIO,0,-1.103622,-48.413504,RESTAURANTE,1.0
DAENT,UNIVERSITARIO,AVENIDA  RIO TUCUNDUBA,0,-1.467623,-48.450748,BAR,1.0
DASAC,SACRAMENTA,AVENIDA DOUTOR FREITAS,339,-1.412989,-48.470427,BAR,1.0
DABEN,BENGUI,VILA  SEM DENOMINACAO,232,-1.371148,-48.455751,RESTAURANTE RAINHA DO SABOR,1.0
DASAC,SACRAMENTA,AVENIDA DOUTOR FREITAS,339,-1.413059,-48.470372,RESTAURANTE DA TETE,1.0
DAGUA,GUAMA,RUA  DA OLARIA,1002,-1.468393,-48.455165,CASA DE EVENTOS,1.0
DAICO,CRUZEIRO,TRAVESSA  DO CRUZEIRO,582,-1.29364,-48.485085,RESTAURANTE FUNDO DE QUINTAL,1.0
DAMOS,PORTO ARTHUR,RUA  BEIRA RIO,0,-1.124972,-48.448643,BAR E RESTAURANTE,1.0
DABEL,NAZARE,RUA  BOAVENTURA DA SILVA,414,-1.448822,-48.487292,NOSTALGIC BAR,1.0
DAICO,CRUZEIRO,TRAVESSA  DO CRUZEIRO,99,-1.293286,-48.484315,CASA DE EVENTOS BRINCO DA PRINCESA,1.0
DAICO,CRUZEIRO,TRAVESSA  DO CRUZEIRO,630,-1.293302,-48.484514,RESTAURANTE MATAPI,1.0
DAICO,CRUZEIRO,TRAVESSA  DO CRUZEIRO,99,-1.293244,-48.484198,RESTAURANTE ESPETINHO,1.0
DAENT,CURIO-UTINGA,RUA  DO UTINGA,0,-1.424622,-48.446738,BAR,1.0
DAMOS,PORTO ARTHUR,RUA  BEIRA RIO,23,-1.123587,-48.448194,RESTAURANTE,1.0
DABEL,SAO BRAS,AVENIDA CONSELHEIRO FURTADO,3094,-1.456246,-48.470717,ACAIZE RESTAURANTE,1.0
DAENT,AGUAS LINDAS,AVENIDA  LIBERDADE,0,-1.417356,-48.394482,BAR,1.0
DAENT,SOUZA,ALAMEDA  NOVE,0,-1.415749,-48.449454,RESTAURANTE,1.0
DABEN,COQUEIRO,RUA  SEM DENOMINACAO 4,4,-1.340961,-48.445335,PATY E MAGUI BAR E RESTAURANTE,1.0
DABEL,SAO BRAS,AVENIDA  ALCINDO CACELA,1386,-1.448398,-48.477753,RESTAURANTE TERRACO FAMYLI,1.0
DABEL,SAO BRAS,TRAVESSA  NOVE DE JANEIRO,1730,-1.455521,-48.475726,SAMCRO BARBEARIA E BAR,1.0
DABEN,COQUEIRO,RUA  SEM DENOMINACAO 4,0,-1.340994,-48.445237,BAR,1.0
DAENT,CASTANHEIRA,RUA  VINTE E TRES DE AGOSTO,302,-1.40283,-48.433767,GILSON BAR E RESTAURANTE,1.0
DABEL,CAMPINA,TRAVESSA  PRIMEIRO DE MARCO,228,-1.450717,-48.498071,RESTAURANTE BOM AETITE,1.0
DAGUA,CONDOR,TRAVESSA  DOS TUPINAMBAS,2012,-1.472663,-48.479863,DANCETERIA SITIOS BAR,1.0
DAENT,CASTANHEIRA,RUA  VINTE E TRES DE AGOSTO,110,-1.4043,-48.432911,BAR,1.0
DAGUA,CONDOR,TRAVESSA PADRE EUTIQUIO,4075,-1.474338,-48.472519,BAR PARCERIA,1.0
DAGUA,CONDOR,TRAVESSA PADRE EUTIQUIO,4101,-1.474432,-48.47227,BAR POINT DOS AMIGOS,1.0
DABEN,BENGUI,PASSAGEM SAO PEDRO,1,-1.374597,-48.455253,CANTINHO DO CAFE,1.0
DAGUA,JURUNAS,RUA  DOS CARIPUNAS,886,-1.468147,-48.491809,RESTAURANTE,1.0
DASAC,PEDREIRA,TRAVESSA  MAURITI,1938,-1.431577,-48.466848,BAR E LANCHONETE LEAO DE OURO,1.0
DAENT,MANGUEIRAO,AVENIDA CORONEL BRITO,2,-1.381924,-48.457709,BAR DO RENATO,1.0
DAGUA,GUAMA,RUA  PAULO CICERO,174,-1.469296,-48.466274,DEPOSITO DE BEBIDAS DO MAURO,1.0
DAENT,MANGUEIRAO,AVENIDA CORONEL BRITO,1,-1.381868,-48.457699,LANCHONETE E BAR,1.0
DAENT,MANGUEIRAO,AVENIDA CORONEL BRITO,3,-1.381891,-48.457685,BAR E RESTAURANTE ANANHIAS,1.0
DAENT,MANGUEIRAO,AVENIDA CORONEL BRITO,4,-1.381942,-48.457699,BAR,1.0
DAICO,CAMPINA DE ICOARACI,PASSAGEM  TEOFILO MOURA,37,-1.292852,-48.470263,BAR,1.0
DABEN,PARQUE VERDE,PASSAGEM SAO FRANCISCO,2,-1.358275,-48.445935,BAR E LANCHONETE,1.0
DABEN,PRATINHA,RODOVIA  ARTHUR BERNARDES,16,-1.35953,-48.477345,BAR,1.0
DABEN,PRATINHA,PASSAGEM  SAMARITANA,0,-1.369925,-48.472242,RESTAURANTE SABOR CASEIRO,1.0
DABEN,PRATINHA,PASSAGEM  SAMARITANA,8,-1.370068,-48.472146,BAR,1.0
DABEN,PRATINHA,PASSAGEM SAO VICENTE DE PAULA,33,-1.35759,-48.470881,BAR DO CESAR,1.0
DABEL,CIDADE VELHA,TRAVESSA  BOM JARDIM,67,-1.461224,-48.501196,QUINTAL MERAKI BAR E RESTO,1.0
DABEL,CAMPINA,TRAVESSA  PRIMEIRO DE MARCO,362,-1.451394,-48.497215,DEPOSITO DE BEBIDAS NAZARE,1.0
DABEN,PRATINHA,PASSAGEM  SAMARITANA,0,-1.369898,-48.47219,ARARAS BAR,1.0
DAICO,PARACURI,TRAVESSA  DA SOLEDADE,999,-1.310363,-48.47768,DEPOSITO VILHENAS BAR,1.0
DABEL,CAMPINA,RUA  QUINZE DE NOVEMBRO,29,-1.452566,-48.502513,RESTAURANTE,1.0
DAENT,MARAMBAIA,RUA CAPITAO BRAGA,379,-1.403323,-48.436084,POINT DO CAFE,1.0
DAICO,PONTA GROSSA,TRAVESSA  DA SOLEDADE,999,-1.310266,-48.477734,XAREU VILHENAS BAR E CHOPERIA,1.0
DAENT,VAL-DE-CANS,RODOVIA  ARTHUR BERNARDES,62,-1.377019,-48.480205,BAR BROCAO,1.0
DABEL,CIDADE VELHA,TRAVESSA  MONTE ALEGRE,257,-1.463125,-48.500904,DOIS IRMAOS RESTAURANTE,1.0
DABEN,PARQUE VERDE,AVENIDA  DAS ANDORINHAS,0,-1.360801,-48.449487,RESTAURANTE,1.0
DAMOS,SAO FRANCISCO,RUA  BEIRA RIO,895,-1.108823,-48.418494,BAR,1.0
DAENT,VAL-DE-CANS,RODOVIA  ARTHUR BERNARDES,9,-1.376638,-48.480235,RESTAURANTE,1.0
DABEN,PARQUE VERDE,RODOVIA  AUGUSTO MONTENEGRO,0,-1.352907,-48.453428,ME GUSTA SORVETES E CAFES,1.0
DAGUA,JURUNAS,TRAVESSA  CARLOS DE CARVALHO,963,-1.466788,-48.494905,CAFE EM CASA,1.0
DABEN,PARQUE VERDE,RODOVIA  AUGUSTO MONTENEGRO,981,-1.35155,-48.453095,RESTAURANTE E PIZZARIA NAPOLI,1.0
DAGUA,CREMACAO,TRAVESSA  TRES DE MAIO,1989,-1.457607,-48.473816,RESTAURANTE ALICE COMIDAS TIPICAS,1.0
DAGUA,CREMACAO,TRAVESSA  TRES DE MAIO,1931,-1.457209,-48.47395,RESTAURANTE,1.0
DAGUA,CONDOR,AVENIDA  ALCINDO CACELA,4234,-1.474273,-48.475961,NETOS BAR,1.0
DAENT,AURA,ALAMEDA  DA PAZ,3,-1.414423,-48.397928,BAR,1.0
DASAC,SACRAMENTA,RUA  CLAUDIO BORDALO,303,-1.407452,-48.469758,DEPOSITO DE BEBIDAS,1.0
DASAC,SACRAMENTA,RUA  CLAUDIO BORDALO,279,-1.407519,-48.469497,DEPOSITO DE BEBIDAS,1.0
DAGUA,CREMACAO,TRAVESSA  TRES DE MAIO,2217,-1.45979,-48.473656,DEPOSITO DE BEBIDAS,1.0
DASAC,PEDREIRA,AVENIDA MARQUES DE HERVAL,904,-1.432192,-48.470908,BAR EGUA DU BUTECO,1.0
DABEL,SAO BRAS,AVENIDA  GENTIL BITTENCOURT,2166,-1.454621,-48.472754,CAFETERIA DIVINO SABOR,1.0
DAENT,MARAMBAIA,RUA  D,27,-1.399487,-48.449987,CASA DE EVENTOS,1.0
DAICO,CRUZEIRO,RUA  JARBAS PASSARINHO,0,-1.263487,-48.55787,BAR REFERENCIA DA ILHA,1.0
DASAC,FATIMA,TRAVESSA  QUATORZE DE ABRIL,9,-1.44182,-48.470053,BAR,1.0
DAGUA,GUAMA,PASSAGEM SAO JOAO,1,-1.459356,-48.46011,RESTAURANTE,1.0
DASAC,MARACANGALHA,TRAVESSA  RIO AURA,22,-1.405656,-48.480565,BAR,1.0
DAENT,MARAMBAIA,RUA  MARAVALHO BELO,63,-1.399027,-48.440314,BOA VENTURA RESTAURANTE,1.0
DAICO,TENONE,PASSAGEM  QUINTA LINHA,113,-1.318096,-48.441021,RESTAURANTE BELO SABOR,1.0
DAOUT,SAO JOAO DO OUTEIRO,AVENIDA NOSSA SENHORA DA CONCEICAO,4,-1.271531,-48.472946,RESTAURANTE,1.0
DAGUA,MONTESE (TERRA FIRME),RUA  LAURO SODRE,310,-1.45487,-48.451456,DEPOSITO DE BEBIDAS CASA LIMA,1.0
DABEL,MARCO,RUA  JABATITEUA,295,-1.446424,-48.457681,BAR,1.0
DAICO,PONTA GROSSA,TRAVESSA  DA SOLEDADE,756,-1.310236,-48.48011,RESTAURANTE,1.0
DAICO,CAMPINA DE ICOARACI,TRAVESSA  MOURA CARVALHO,439,-1.295825,-48.471632,RESTAURANTE,1.0
DAENT,CASTANHEIRA,RUA  B,0,-1.398559,-48.432782,BAR PARADA OBRIGATORIA,1.0
DAMOS,MURUBIRA,RUA  BEIRA RIO,340,-1.121676,-48.444995,BAR E RESTAURANTE POUSADA DI NOVA,1.0
DAMOS,MURUBIRA,RUA  BEIRA RIO,96,-1.121482,-48.444098,BAR E RESTAURANTE CASA VELHA,1.0
DAENT,MARAMBAIA,AVENIDA  RODOLFO CHERMONT,440,-1.405544,-48.453072,RESTAURANTE BAR,1.0
DAENT,MARAMBAIA,AVENIDA  RODOLFO CHERMONT,506,-1.405111,-48.45325,CAFETERIA,1.0
DAGUA,GUAMA,PASSAGEM SAO RAIMUNDO,22,-1.473671,-48.470045,MERCEARIA E BAR,1.0
DAENT,MARAMBAIA,PASSAGEM  MIRASSELVA,266,-1.395274,-48.451386,BOTECO E CONVENIENCIA DO BENE,1.0
DAENT,MARAMBAIA,PASSAGEM SANTA MARTA,110,-1.399548,-48.451162,BAR DO MAURO,1.0
DAMOS,SAO FRANCISCO,ALAMEDA  SEM DENOMINACAO,0,-1.107354,-48.425538,BAR E RESTAURANTE ACONCHEGO,1.0
DAMOS,SAO FRANCISCO,ALAMEDA  SEM DENOMINACAO,0,-1.107792,-48.426523,BAR,1.0
DAMOS,SAO FRANCISCO,ALAMEDA  SEM DENOMINACAO,333,-1.107845,-48.426428,BAR,1.0
DAENT,AGUAS LINDAS,RUA  OSVALDO CRUZ,677,-1.398158,-48.397952,RESTAURANTE,1.0
DAENT,AGUAS LINDAS,RUA  OSVALDO CRUZ,602,-1.397571,-48.398,RESTAURANTE,1.0
DAMOS,SAO FRANCISCO,ALAMEDA  SEM DENOMINACAO,0,-1.106907,-48.425195,BAR E RESTAURANTE OASIS,1.0
DAGUA,JURUNAS,AVENIDA  BERNARDO SAYAO,1821,-1.476341,-48.49208,BAR,1.0
DASAC,SACRAMENTA,AVENIDA  PEDRO ALVARES CABRAL,380,-1.411636,-48.470584,RESTAURANTE BELO SABOR,1.0
DABEL,UMARIZAL,RUA  FERREIRA PENA,91,-1.43817,-48.483806,RESTAURANTE E LANCHONETE,1.0
DAICO,CAMPINA DE ICOARACI,PASSAGEM  DOS INOCENTES,254,-1.292305,-48.46738,BAR,1.0
DABEN,PRATINHA,RUA  IMPERADOR,23,-1.355215,-48.47627,BAR CORMECIO,1.0
DABEL,SAO BRAS,AVENIDA  ALCINDO CACELA,1302,-1.4481,-48.47794,RESTAURANTE CHEGA MAIS,1.0
DAGUA,GUAMA,PASSAGEM SAO JOAO,44,-1.459329,-48.458352,BAR,1.0
DASAC,SACRAMENTA,AVENIDA  PEDRO ALVARES CABRAL,399,-1.412884,-48.473264,BAR ELAVA JATO CARLINHO,1.0
DASAC,SACRAMENTA,AVENIDA  PEDRO ALVARES CABRAL,461,-1.413675,-48.474751,BAR NOVA DIMENSAO,1.0
DAGUA,GUAMA,TRAVESSA  BARAO DE MAMORE,96,-1.464354,-48.465487,DEPOSITO DE BEBIDAS,1.0
DAGUA,CANUDOS,AVENIDA  CIPRIANO SANTOS,0,-1.448698,-48.457135,RESTAURANTE ACAI,1.0
DAOUT,SAO JOAO DO OUTEIRO,ESTRADA  DO TUCUMAEIRA,3,-1.266703,-48.460502,BAR,1.0
DAENT,CURIO-UTINGA,AVENIDA  PRIMEIRO DE DEZEMBRO,122,-1.403332,-48.418426,BAR,1.0
DAOUT,SAO JOAO DO OUTEIRO,ESTRADA  DO TUCUMAEIRA,654,-1.267062,-48.460822,RESTAURANTE PRATO DE OURO,1.0
DAOUT,SAO JOAO DO OUTEIRO,ESTRADA  DO TUCUMAEIRA,5,-1.266493,-48.460324,BAR E MERCEARIA FERNANDO,1.0
DAGUA,JURUNAS,PORTO  BOA VIAGEM,1150,-1.474423,-48.496409,DEPOSITO DE BEBIDA BOX 3,1.0
DABEN,TAPANA,PASSAGEM  JOHN ENGELHARD,26,-1.361134,-48.462814,BAR,1.0
DAENT,VAL-DE-CANS,PASSAGEM  CALIFORNIA,48,-1.377002,-48.480297,DINHA RESTAURANTE,1.0
DAGUA,CONDOR,AVENIDA  ROBERTO CAMELIER,2261,-1.475443,-48.478713,PORTAL DO ACAI DEPOSITO DE BEBIDAS,1.0
DAICO,TENONE,PASSAGEM  ALACID NUNES,280,-1.325882,-48.438845,BAR E DEPOSITO DO NEYMAR,1.0
DABEL,CIDADE VELHA,TRAVESSA DOM BOSCO,94,-1.458536,-48.50535,BAR,1.0
DAGUA,JURUNAS,PORTO  BOA VIAGEM,1150,-1.474459,-48.496432,DEPOSITO DE BEBIDA BOX 4,1.0
DAGUA,JURUNAS,TRAVESSA  BOM JARDIM,2125,-1.474587,-48.487651,CIBER CAFE,1.0
DAENT,MARAMBAIA,RUA  DA MATA,660,-1.401882,-48.447501,JOGO DE BILHAR,1.0
DABEL,SAO BRAS,TRAVESSA  QUATORZE DE ABRIL,1128,-1.450108,-48.472398,HAKATA RESTAURANTE,1.0
DAGUA,GUAMA,AVENIDA  BERNARDO SAYAO,5207,-1.475494,-48.461409,RESTAURANTE BE E LUH,1.0
DABEL,CAMPINA,TRAVESSA  CAMPOS SALES,457,-1.453661,-48.498666,RESTAURANTE MOLEQUITO,1.0
DABEL,CAMPINA,TRAVESSA  CAMPOS SALES,439,-1.453601,-48.498845,RESTAURANTE COPA,1.0
DASAC,SACRAMENTA,PASSAGEM  A,371,-1.420571,-48.476668,BAR DOS AMIGOS,1.0
DAENT,MARAMBAIA,AVENIDA  RODOLFO CHERMONT,406,-1.40596,-48.453163,RESTAURANTE,1.0
DAGUA,GUAMA,AVENIDA  BERNARDO SAYAO,5207,-1.475638,-48.4613,RESTAURANTE BOM APETITE,1.0
DAICO,AGULHA,RUA  OITO DE MAIO,0,-1.303701,-48.46948,DEPOSITO DE BEBIDAS 8 DE MAIO,1.0
DAICO,AGUAS NEGRAS,RUA  HELIO AMANAJAS,89,-1.303163,-48.456867,BOTECO DO RENATO,1.0
DASAC,SACRAMENTA,TRAVESSA  ALFERES COSTA,380,-1.412933,-48.475873,DEPOSITO DE BEBIDAS,1.0
DABEL,NAZARE,AVENIDA COMANDANTE BRAS DE AGUIAR,327,-1.454889,-48.488967,RESTAURANTE GABINETE ROOM,1.0
DABEN,TAPANA,RODOVIA  DO TAPANA,2,-1.341216,-48.468251,RESTAURANTE QUE DELICIA,1.0
DAGUA,JURUNAS,RUA  DOS TAMOIOS,314,-1.469868,-48.498505,DEPOSITO DE BEBIDAS,1.0
DAICO,CAMPINA DE ICOARACI,TRAVESSA  MOURA CARVALHO,448,-1.295908,-48.471469,BAR DO BADA,1.0
DAGUA,JURUNAS,RUA  DOS MUNDURUCUS,1102,-1.464728,-48.49275,RESTAURANTE,1.0
DAICO,CAMPINA DE ICOARACI,TRAVESSA  MOURA CARVALHO,145,-1.295736,-48.471361,CASA DE SHOW QUADRA DO DAMASCENO,1.0
DABEN,TAPANA,RODOVIA  DO TAPANA,0,-1.341213,-48.46818,RESTAURANTE DONA DO PEDACO,1.0
DAGUA,JURUNAS,RUA  DOS MUNDURUCUS,1102,-1.4652,-48.492931,RESTAURANTE,1.0
DAICO,CAMPINA DE ICOARACI,TRAVESSA  MOURA CARVALHO,334,-1.296347,-48.472114,DEPOSITO DE BEBIDAS,1.0
DABEL,NAZARE,AVENIDA COMANDANTE BRAS DE AGUIAR,327,-1.454889,-48.488967,RESTAURANTE GABINETE,2.0
DABEN,TAPANA,RODOVIA  DO TAPANA,0,-1.339016,-48.46842,BAR PINGO DE OURO,1.0
DAGUA,MONTESE (TERRA FIRME),RUA  LAURO SODRE,191,-1.455573,-48.452379,COMERCIO E DEPOSITO DE BEBIDAS,1.0
DAICO,AGULHA,RODOVIA  AUGUSTO MONTENEGRO,714,-1.300027,-48.471758,BOTECO DOS SALGADOS,2.0
DASAC,TELEGRAFO,TRAVESSA CORONEL LUIS BENTES,411,-1.429233,-48.484721,BAR BOLA PRETA,1.0
DAGUA,MONTESE (TERRA FIRME),RUA  LAURO SODRE,191,-1.455713,-48.452375,COMERCIO E DEPOSITO DE BEBIDAS,1.0
DAICO,AGULHA,RODOVIA  AUGUSTO MONTENEGRO,714,-1.300093,-48.47175,BOTECO DOS SALGADOS,1.0
DABEN,BENGUI,PASSAGEM  LIBERDADE,7,-1.371519,-48.454822,BAR DA ROSE,1.0
DASAC,FATIMA,PASSAGEM  ADEMAR DE BARROS,100,-1.440015,-48.474483,TAPIOCARIA,1.0
DABEL,UMARIZAL,RUA  DOMINGOS MARREIROS,106,-1.447133,-48.486474,BAR E LANCHONETE,1.0
DAGUA,GUAMA,AVENIDA  BERNARDO SAYAO,5016,-1.475448,-48.462674,RESTAURANTE SHALON,1.0
DABEL,MARCO,AVENIDA DUQUE DE CAXIAS,605,-1.437898,-48.467377,BAR,1.0
DAICO,CRUZEIRO,PASSAGEM  FLORIANO,60,-1.268181,-48.560415,BAR DO GOIANO,1.0
DABEN,COQUEIRO,RODOVIA  AUGUSTO MONTENEGRO,5,-1.340586,-48.451169,RESTAURANTE LANCH KI DELICIA,1.0
DABEL,BATISTA CAMPOS,PRACA  COARACY NUNES,667,-1.457737,-48.493226,BAR,1.0
DABEL,BATISTA CAMPOS,PRACA  COARACY NUNES,10,-1.457549,-48.493166,DEPOSITO E BAR,1.0
DABEN,TAPANA,RODOVIA  ARTHUR BERNARDES,0,-1.354604,-48.477343,RESTAURANTE E LANCHONETE,1.0
DABEN,TAPANA,RODOVIA  ARTHUR BERNARDES,56,-1.353871,-48.47738,RESTAURANTE BOM SABOR,1.0
DABEL,BATISTA CAMPOS,PRACA  COARACY NUNES,4,-1.457669,-48.493347,BAR COMPOSICAO,1.0
DABEN,TAPANA,RODOVIA  ARTHUR BERNARDES,46,-1.354347,-48.477363,RESTAURANTE DA MINEIRA,1.0
DABEN,TAPANA,RODOVIA  ARTHUR BERNARDES,37,-1.354831,-48.477269,RESTAURANTE DA MAINHA,1.0
DABEL,UMARIZAL,RUA  ANTONIO EVERDOSA,9,-1.435849,-48.479694,BAR,1.0
DAGUA,CONDOR,PASSAGEM  MARAJOARA,1,-1.4745,-48.473937,BAR FAUSTO DRINKS,1.0
DABEL,BATISTA CAMPOS,AVENIDA ALMIRANTE TAMANDARE,912,-1.457929,-48.497591,CHURRASCARIA BOI DOURO,1.0
DAOUT,BRASILIA,TRAVESSA  BRASILIA,790,-1.27278,-48.477915,BAR E PIZZARIA,1.0
DASAC,SACRAMENTA,PASSAGEM  VILA NOVA,264,-1.411162,-48.467475,DEPOSITO DE BEBIDAS,1.0
DASAC,TELEGRAFO,RUA  CURUCA,666,-1.433166,-48.484155,BAR,1.0
DASAC,SACRAMENTA,PASSAGEM SAO PEDRO,650,-1.408397,-48.470457,BAR E MERCEARIA,1.0
DASAC,MARACANGALHA,PASSAGEM  MARAJOARA I,89,-1.403931,-48.477636,BAR BONANZA,1.0
DAGUA,JURUNAS,AVENIDA  BERNARDO SAYAO,1526,-1.476319,-48.49276,BAR RESTAURANTE E MADEREIRA,1.0
DAGUA,MONTESE (TERRA FIRME),RUA  ROSO DANIN,1034,-1.449829,-48.453281,BOTECO DA BEBEL,1.0
DAICO,CRUZEIRO,RUA  JARBAS PASSARINHO,0,-1.263597,-48.558939,RESTAURANTE TUDO DIBOM,1.0
DABEL,CAMPINA,TRAVESSA  CAMPOS SALES,482,-1.453722,-48.498512,RESTAURANTE DONA JOANA,1.0
DAGUA,JURUNAS,AVENIDA  BERNARDO SAYAO,700,-1.471787,-48.498544,RESTAURANTE BOM DE GARFO,1.0
DAGUA,GUAMA,PASSAGEM  CONDURU,8,-1.459717,-48.460263,DEPOSITO DE BEBIDA MEU CANTINHO,1.0
DASAC,MARACANGALHA,PASSAGEM  MARAJOARA I,268,-1.405177,-48.477789,BAR,1.0
DAGUA,GUAMA,PASSAGEM  CONDURU,30,-1.458819,-48.460168,DEPOSITO DE BEBIDAS,1.0
DASAC,TELEGRAFO,TRAVESSA CORONEL LUIS BENTES,563,-1.429553,-48.483446,BAR,1.0
DAENT,CASTANHEIRA,PASSAGEM  SNAPP,10,-1.401144,-48.432921,RESTAURANTE PARADA BOA,1.0
DAICO,TENONE,PASSAGEM  ALACID NUNES,15,-1.325825,-48.438268,RESTAURANTE SO O FILE,1.0
DABEN,BENGUI,PASSAGEM SAO MATEUS,20,-1.374872,-48.456763,DEPOSITO DE BEBIDAS,1.0
DAICO,CAMPINA DE ICOARACI,RODOVIA GOVERNADOR AUGUSTO MONTENEGRO,193,-1.3019,-48.467552,POINT BAR,1.0
DASAC,SACRAMENTA,TRAVESSA  ALFERES COSTA,379,-1.412957,-48.475693,JOGOS DE BILHAR,1.0
DAICO,CAMPINA DE ICOARACI,PASSAGEM  DOS INOCENTES,275,-1.291954,-48.468212,BAR DO CILAS,1.0
DABEN,BENGUI,PASSAGEM SAO MATEUS,38,-1.374959,-48.455324,RESTAURANTE DA TIA ZILMA,1.0
DAICO,CAMPINA DE ICOARACI,RODOVIA GOVERNADOR AUGUSTO MONTENEGRO,152,-1.301727,-48.468506,RESTAURANTE GALETO NA BRASA,1.0
DASAC,PEDREIRA,TRAVESSA  MAURITI,1408,-1.428908,-48.470757,RESTAURANTE,1.0
DABEL,CAMPINA,RUA  CARLOS GOMES,175,-1.454417,-48.495875,KALYTON RESTAURANTE,1.0
DAICO,AGULHA,RODOVIA  AUGUSTO MONTENEGRO,462,-1.29985,-48.474061,RESTAURANTE CHAPA QUENTE,2.0
DABEN,BENGUI,AVENIDA ENGENHEIRO JOSE MACHADO,0,-1.37755,-48.451007,BAR DA MARY,1.0
DABEN,BENGUI,AVENIDA ENGENHEIRO JOSE MACHADO,0,-1.377498,-48.450938,BAR ENCONTRO DOS AMIGOS,1.0
DABEN,BENGUI,AVENIDA ENGENHEIRO JOSE MACHADO,0,-1.377555,-48.450849,BAR DA LENE,1.0
DAGUA,GUAMA,TRAVESSA  VINTE DE FEVEREIRO,100,-1.474906,-48.460533,CASA DE EVENTOS,1.0
DAMOS,ARIRAMBA,RUA  PARA,33,-1.126058,-48.430606,BAR E TABERNA,1.0
DASAC,SACRAMENTA,PASSAGEM SANTA CATARINA,0,-1.416623,-48.47555,BAR E RESTAURANTE DO MOLECOTE,1.0
DABEN,BENGUI,AVENIDA ENGENHEIRO JOSE MACHADO,0,-1.377616,-48.451033,BAR OKARATAI,1.0
DABEN,BENGUI,AVENIDA ENGENHEIRO JOSE MACHADO,0,-1.377471,-48.450946,BOTECO DO DOIDINHO,1.0
DABEN,BENGUI,AVENIDA ENGENHEIRO JOSE MACHADO,109,-1.377565,-48.450866,RR POINT DO CHURRASCO,1.0
DABEN,BENGUI,AVENIDA ENGENHEIRO JOSE MACHADO,0,-1.377524,-48.450826,BAR DA SUELY,1.0
DABEN,BENGUI,AVENIDA ENGENHEIRO JOSE MACHADO,0,-1.377503,-48.451051,PAULINHAS BAR,1.0
DAENT,CURIO-UTINGA,PASSAGEM SANTO ANTONIO,304,-1.432001,-48.449286,RESTAURANTE REQUINTE DA NEGA,1.0
DAGUA,CANUDOS,AVENIDA  CIPRIANO SANTOS,1046,-1.448735,-48.456961,BOTECO,1.0
DAGUA,MONTESE (TERRA FIRME),PASSAGEM  PINHEIRO,13,-1.462776,-48.454453,BAR,1.0
DASAC,PEDREIRA,AVENIDA MARQUES DE HERVAL,1036,-1.431104,-48.470072,DOM VALENTIN CAFE,1.0
DASAC,PEDREIRA,TRAVESSA  VILETA,818,-1.431119,-48.475605,CASA DE EVENTOS E RECEPCAO,1.0
DASAC,PEDREIRA,TRAVESSA  VILETA,730,-1.430635,-48.476182,BAR,1.0
DAENT,AGUAS LINDAS,RUA  BOLCHEVIQUE,29,-1.405218,-48.394587,RESTAURANTE LA NA CRIS,1.0
DAGUA,GUAMA,AVENIDA  BERNARDO SAYAO,4619,-1.47483,-48.467238,BAR DO BIRO,1.0
DAICO,AGULHA,RODOVIA  AUGUSTO MONTENEGRO,0,-1.304979,-48.463995,ZIRALDOS RESTAURANTE,1.0
DAICO,AGULHA,RODOVIA  AUGUSTO MONTENEGRO,0,-1.305405,-48.465058,BAR,1.0
DASAC,BARREIRO,PASSAGEM  STELIO MAROJA,294,-1.415154,-48.491253,BOTECO ROSE,1.0
DASAC,BARREIRO,PASSAGEM  STELIO MAROJA,294,-1.415161,-48.491276,BOTECO ROSE,1.0
DASAC,TELEGRAFO,AVENIDA  PEDRO ALVARES CABRAL,2750,-1.423134,-48.48564,BAR,1.0
DAGUA,JURUNAS,TRAVESSA  QUINTINO BOCAIUVA,3607,-1.470114,-48.484268,BAR,1.0
DAGUA,CONDOR,TRAVESSA  QUINTINO BOCAIUVA,3575,-1.469691,-48.484007,BAR,1.0
DAGUA,CONDOR,AVENIDA  ROBERTO CAMELIER,1426,-1.470907,-48.484127,DEPOSITO BEBIDA,1.0
DAGUA,CONDOR,AVENIDA  ROBERTO CAMELIER,1466,-1.47128,-48.483997,BAR,1.0
DAICO,CRUZEIRO,RUA PADRE JULIO MARIA,713,-1.300115,-48.485505,RESTAURANTE MAJIM,1.0
DASAC,SACRAMENTA,PASSAGEM  MUCAJA,293,-1.411676,-48.469116,DEPOSITO DE BEBIDAS,1.0
DAMOS,MURUBIRA,RODOVIA  MUNICIPAL CESAR AUGUSTO,58,-1.122625,-48.437189,BAR PORTUGA E BRAZUCA,1.0
DAGUA,CONDOR,AVENIDA  ROBERTO CAMELIER,1825,-1.473012,-48.481607,BAR FERREIRA,1.0
DAICO,PARACURI,PASSAGEM  MONTE ALEGRE,58,-1.313172,-48.483828,BAR DO MANEL,1.0
DABEL,MARCO,AVENIDA  JOAO PAULO II,1268,-1.437951,-48.455703,EMGOMADINHO TAPIOCARIA,1.0
DAGUA,MONTESE (TERRA FIRME),PASSAGEM SAO FRANCISCO XAVIER,229,-1.447485,-48.450979,RESTAURANTE POPULAR,1.0
DAICO,CRUZEIRO,RUA PADRE JULIO MARIA,0,-1.298278,-48.485613,BAR,1.0
DABEL,REDUTO,RUA  TIRADENTES,857,-1.447609,-48.489734,JAMBU BAR E RESTAURANTE,1.0
DAICO,TENONE,TRAVESSA  WE 1,131,-1.323426,-48.430794,VENDA DE CHURRASCO,1.0
DAOUT,AGUA BOA,PRAIA  DO BARRO BRANCO,1,-1.24625,-48.456061,BAR LB TROPICAL,1.0
DAOUT,AGUA BOA,PRAIA  DO BARRO BRANCO,8,-1.245414,-48.455574,NATUREZAS BAR,1.0
DAOUT,AGUA BOA,PRAIA  DO BARRO BRANCO,6,-1.245897,-48.455804,BAR,1.0
DAOUT,AGUA BOA,PRAIA  DO BARRO BRANCO,7,-1.245436,-48.45567,BAR,1.0
DAGUA,JURUNAS,TRAVESSA  DOS TUPINAMBAS,0,-1.470241,-48.484534,DEPOSITO DE BEBIDAS,1.0
DAGUA,GUAMA,PASSAGEM  MUCAJAS,0,-1.467468,-48.468809,BAR DO PAULO,1.0
DAOUT,AGUA BOA,RUA  ADENILTON AMORIN,14,-1.246191,-48.450394,BAR,1.0
DABEN,TAPANA,RODOVIA  DO TAPANA,100,-1.342373,-48.467989,RESTAURANTE DO MAIA,1.0
DABEL,BATISTA CAMPOS,AVENIDA  SERZEDELO CORREA,833,-1.460302,-48.488639,RESTAURANTE PIXITO,1.0
DABEL,CAMPINA,RUA  ARISTIDES LOBO,388,-1.451774,-48.496674,DEPOSITO DE BEBIDAS PARA ALUGAR,1.0
DASAC,SACRAMENTA,PASSAGEM  BATISTA,0,-1.416624,-48.483472,BAR,1.0
DASAC,PEDREIRA,TRAVESSA  VILETA,418,-1.429187,-48.478545,BAR E MERCEARIA DO LOBO,1.0
DAENT,MANGUEIRAO,PASSAGEM  LAMEIRA BITTENCOURT,1161,-1.378172,-48.444725,BAR DA GALEGA,1.0
DAENT,UNIVERSITARIO,ACESSO  TUCUNDUBA,0,-1.467742,-48.452059,BAR DO CARLINHO,1.0
DAENT,MANGUEIRAO,PASSAGEM  LAMEIRA BITTENCOURT,7,-1.378256,-48.444617,BAR,1.0
DASAC,PEDREIRA,PASSAGEM  COELHINHO,197,-1.433462,-48.478839,BAR,1.0
DASAC,FATIMA,TRAVESSA  QUATORZE DE ABRIL,591,-1.445223,-48.472584,DEPOSITO DE BEBIDAS,1.0
DABEN,CABANAGEM,RUA  DAMASCO,0,-1.368644,-48.433581,BAR TOCA DA AMIZADE,1.0
DAICO,AGUAS NEGRAS,TRAVESSA  AGUAS NEGRAS,90,-1.304529,-48.455949,BAR CURTICAO,1.0
DAENT,AGUAS LINDAS,QUADRA  CENTRAL,43,-1.409136,-48.395104,DEPOSITO DE BEBIDAS PIMENTEL,1.0
DABEL,CIDADE VELHA,RUA  SIQUEIRA MENDES,24,-1.457898,-48.505769,BAR NOSSO RECANTO,1.0
DAMOS,BAIA DO SOL,RUA  DA MATA,0,-1.062535,-48.348002,BAR CANTO DO IGARAPE,1.0
DABEL,MARCO,TRAVESSA  TIMBO,3378,-1.442594,-48.455722,BAR,1.0
DABEL,MARCO,AVENIDA  JOAO PAULO II,1922,-1.432908,-48.452314,CHURRASCARIA,1.0
DABEN,COQUEIRO,ESTRADA  DO BENJAMIN,29,-1.364001,-48.431666,BAR,1.0
DAOUT,BRASILIA,ALAMEDA  MAGALHAES BARATA,0,-1.234072,-48.551684,BAR,1.0
DABEL,MARCO,AVENIDA  JOAO PAULO II,1960,-1.432682,-48.452131,BAR THE HOLY,1.0
DAENT,MARAMBAIA,CANAL  AGUA CRISTAL,23,-1.402694,-48.436666,BAR FA,1.0
DASAC,PEDREIRA,TRAVESSA  LOMAS VALENTINAS,427,-1.423469,-48.470697,BAR,1.0
DABEN,COQUEIRO,ALAMEDA  NS 14,82,-1.330663,-48.442264,RESTAURANTE DRLIVERY,1.0
DAENT,CURIO-UTINGA,AVENIDA  JOAO PAULO II,0,-1.43048,-48.449543,BAR E DEPOSITO DAMASCENO,1.0
DASAC,PEDREIRA,AVENIDA MARQUES DE HERVAL,980,-1.431656,-48.470434,DEPOSITO DE BEBIDAS,1.0
DAGUA,CONDOR,AVENIDA  ALCINDO CACELA,3376,-1.466986,-48.476491,ESCRITO IMOBILIARIO E CYBER CAFE,4.0
DAGUA,MONTESE (TERRA FIRME),AVENIDA  CELSO MALCHER,253,-1.453433,-48.454418,BAR DO PAPAO,1.0
DAGUA,CONDOR,AVENIDA  ALCINDO CACELA,3382,-1.467211,-48.47656,BAR SUAVE VENENO,4.0
DAENT,MARAMBAIA,CANAL  AGUA CRISTAL,60,-1.408,-48.451515,PONTO DO CHURRASCO,1.0
DAGUA,CONDOR,AVENIDA  ROBERTO CAMELIER,2002,-1.474369,-48.480118,RESTAURANTE,1.0
DAICO,CAMPINA DE ICOARACI,RUA  DOIS DE DEZEMBRO,305,-1.293047,-48.478161,BAR,1.0
DABEL,UMARIZAL,TRAVESSA DOM ROMUALDO DE SEIXAS,1663,-1.446593,-48.484019,BAR GARAGEM,1.0
DAENT,MARAMBAIA,AVENIDA  RODOLFO CHERMONT,318,-1.406644,-48.453092,RESTAURANTE COSTELA DE OURO,1.0
DAGUA,CONDOR,TRAVESSA  DOS APINAGES,2033,-1.469768,-48.481255,RESTAURANTE,1.0
DAGUA,CONDOR,TRAVESSA  DOS APINAGES,0,-1.469719,-48.481171,RESTAURANTE,1.0
DASAC,TELEGRAFO,TRAVESSA CORONEL LUIS BENTES,132,-1.428691,-48.487074,BOTECO DO BILAO,1.0
DAICO,CRUZEIRO,RUA  JARBAS PASSARINHO,450,-1.263846,-48.562685,BAR CELEBRIDADE,1.0
DASAC,TELEGRAFO,AVENIDA SENADOR LEMOS,392,-1.429233,-48.485005,IBIZA ACUSTICO BAR,1.0
DAENT,CASTANHEIRA,TRAVESSA  DOIS,282,-1.398729,-48.434303,BELLA CAFE,1.0
DAICO,TENONE,PASSAGEM  TRES,9,-1.31469,-48.437785,BAR,1.0
DAMOS,SAO FRANCISCO,RUA  BEIRA RIO,288,-1.108481,-48.41673,BAR,1.0
DAGUA,GUAMA,PASSAGEM  JI PARANA,116,-1.466794,-48.455917,ACAI DO CASSY CHURRASCO E CONVENIENCIA,1.0
DAENT,CASTANHEIRA,TRAVESSA  DOIS,292,-1.398688,-48.434272,RESTAURANTE E BAR,1.0
DAGUA,CREMACAO,RUA  QUATORZE DE MARCO,2994,-1.464484,-48.480415,CHURRASCO DO MAMA,1.0
DABEL,MARCO,AVENIDA DUQUE DE CAXIAS,1490,-1.424938,-48.458427,RESTAURANTE,1.0
DAICO,AGUAS NEGRAS,TRAVESSA  AGUAS NEGRAS,124,-1.304893,-48.458906,CHARLES BAR,1.0
DABEL,MARCO,AVENIDA  JOAO PAULO II,0,-1.432231,-48.451896,BAR ATHENAS,1.0
DABEN,CABANAGEM,AVENIDA  BRASIL,0,-1.359104,-48.439538,D LUKA PEIXARIA,1.0
DAICO,CRUZEIRO,TRAVESSA SANTA ISABEL,699,-1.296875,-48.479728,RESTAURANTE,1.0
DAICO,CRUZEIRO,TRAVESSA SANTA ISABEL,697,-1.296745,-48.479468,BAR,1.0
DASAC,PEDREIRA,TRAVESSA  PEREBEBUI,945,-1.420679,-48.466727,BAR,1.0
DABEL,MARCO,TRAVESSA  VILETA,3669,-1.445389,-48.453926,BAR,1.0
DAGUA,CONDOR,AVENIDA  ALCINDO CACELA,3425,-1.467474,-48.476477,DEPOSITO DE BEBIDAS,4.0
DAICO,PARQUE GUAJARA,RUA  AMAZONIA,0,-1.327272,-48.464568,BAR,1.0
DABEN,UNA,PASSAGEM  NORBERTO CABRAL,0,-1.372211,-48.423292,BAR DOS PARCEIROS,1.0
DABEN,UNA,PASSAGEM  NORBERTO CABRAL,0,-1.372265,-48.423166,BAR DOS PARCEIROS,1.0
DAENT,MARAMBAIA,PASSAGEM  ALIADOS,5,-1.407117,-48.447957,BAR E VENDA DE ACAI,1.0
DAENT,MARAMBAIA,AVENIDA  RODOLFO CHERMONT,668,-1.403044,-48.453363,NAZAS BAR,1.0
DAGUA,GUAMA,RUA DOUTOR VIRGILIO MENDONCA,118,-1.459044,-48.462427,BAR,1.0
DAGUA,CONDOR,AVENIDA  ALCINDO CACELA,3516,-1.468267,-48.476488,BAR LISBOA,1.0
DAENT,MARAMBAIA,PASSAGEM  ALIADOS,10,-1.407123,-48.447897,OLINDAS RESTAURANTE,1.0
DAOUT,AGUA BOA,AVENIDA  PAULO COSTA,2926,-1.254881,-48.452847,BAR E LANCHONETE,1.0
DAOUT,AGUA BOA,AVENIDA  PAULO COSTA,2667,-1.254809,-48.452888,BAR,1.0
DAGUA,JURUNAS,RUA  DOS TAMOIOS,494,-1.468691,-48.497618,BAR DO BETO,1.0
DAMOS,MARACAJA,RUA  DAVI TEIXEIRA,181,-1.164214,-48.461165,BAR DIAMANTE AZUL,1.0
DABEL,MARCO,TRAVESSA  MARIZ E BARROS,1926,-1.433332,-48.466916,BAR,1.0
DAMOS,CHAPEU VIRADO,RODOVIA ENGENHEIRO AUGUSTO MEIRA FILHO,10,-1.130566,-48.451085,PEIXARIA DO ANTONIO,1.0
DABEL,CAMPINA,TRAVESSA SAO FRANCISCO,60,-1.456139,-48.49984,CASA DE EVENTOS,1.0
DASAC,SACRAMENTA,AVENIDA  PEDRO ALVARES CABRAL,3463,-1.417552,-48.482191,DEPOSITO DE BEBIDAS ONEIDE,1.0
DASAC,SACRAMENTA,TRAVESSA BARAO DO TRIUNFO,153,-1.419042,-48.482737,JABA COM ACAI RESTAURANTE,1.0
DASAC,SACRAMENTA,TRAVESSA BARAO DO TRIUNFO,152,-1.418962,-48.482799,BAR CASA ANANCIO,1.0
DASAC,SACRAMENTA,TRAVESSA BARAO DO TRIUNFO,0,-1.419144,-48.482597,RESTAURANTE FRIGIDEIRA MARAMHENSE,1.0
DASAC,SACRAMENTA,AVENIDA  PEDRO ALVARES CABRAL,3468,-1.417921,-48.48223,DEPOSITO DE BEBIDAS,1.0
DAMOS,VILA,RUA  SIQUEIRA MENDES,0,-1.164889,-48.468603,BAR DE ESQUINA BABY LANCHES,1.0
DABEN,BENGUI,RUA  AJAX DE OLIVEIRA,653,-1.37796,-48.464969,OLIVEIRA BAR,1.0
DABEN,BENGUI,RUA  AJAX DE OLIVEIRA,744,-1.37794,-48.464958,OLIVEIRAS BAR,1.0
DABEN,BENGUI,RUA  AJAX DE OLIVEIRA,338,-1.377872,-48.465169,DEPOSITO DE BEBIDAS,1.0
DAENT,CASTANHEIRA,PASSAGEM  PAULO ELEUTERIO FILHO,0,-1.404748,-48.435114,DEPOSITO DE BEBIDA,1.0
DAENT,CASTANHEIRA,PASSAGEM  PAULO ELEUTERIO FILHO,345,-1.404696,-48.43515,DEPOSITO DE BEBIDA,1.0
DAICO,CRUZEIRO,RUA SANTA IZABEL,688,-1.296864,-48.479834,BAR CASA VADICO,1.0
DAGUA,JURUNAS,AVENIDA  BERNARDO SAYAO,1848,-1.476697,-48.490159,BAR DO PIOLA,1.0
DAGUA,JURUNAS,AVENIDA  BERNARDO SAYAO,1792,-1.476539,-48.490486,RESTAURANTE NENEM,1.0
DAENT,CURIO-UTINGA,AVENIDA  JOAO PAULO II,416,-1.430631,-48.45073,BAR,1.0
DABEL,CIDADE VELHA,TRAVESSA  JOAQUIM TAVORA,560,-1.457519,-48.501392,PANIFICADORA E RESTAURANTE LEAL,1.0
DAOUT,BRASILIA,RUA  DA PRAIA FUNDA,0,-1.243744,-48.562816,MEU SOSSEGO BAR,1.0
DAOUT,BRASILIA,RUA  DA PRAIA FUNDA,0,-1.239781,-48.560942,BAR VER O MAR,1.0
DABEL,UMARIZAL,TRAVESSA DOM ROMUALDO COELHO,75,-1.43814,-48.491789,RESTAURANTE,1.0
DABEL,UMARIZAL,TRAVESSA DOM ROMUALDO COELHO,207,-1.438825,-48.490694,CAFE MOAGE,1.0
DABEL,CIDADE VELHA,RUA  DE OBIDOS,654,-1.460131,-48.49861,BAR E RESTARANTE,1.0
DABEL,BATISTA CAMPOS,AVENIDA  DEZESSEIS DE NOVEMBRO,652,-1.461598,-48.497157,BAR,1.0
DABEL,CIDADE VELHA,AVENIDA  DEZESSEIS DE NOVEMBRO,5,-1.459823,-48.498801,RESTAURANTE,1.0
DAOUT,AGUA BOA,AVENIDA NOSSA SENHORA DA CONCEICAO,42,-1.252145,-48.458882,RESTAURANTE BOM PALADAR,1.0
DABEN,PRATINHA,RUA PROFETA SAMUEL,201,-1.369772,-48.471678,CHURRASCARIA,1.0
DABEN,PRATINHA,RUA PROFETA SAMUEL,211,-1.369755,-48.471333,BAR DO RAIMUNDO,1.0
DASAC,TELEGRAFO,TRAVESSA  MAGNO DE ARAUJO,65,-1.428962,-48.490313,BAR MENGAO,1.0
DABEN,SAO CLEMENTE,TRAVESSA  ONZE DE FEVEREIRO,5,-1.361817,-48.466568,BAR SAO FRANCISCO,1.0
DAGUA,GUAMA,RUA  TRES DE OUTUBRO,143,-1.468314,-48.461929,RESTAURANTE SANTA GULA,1.0
DAGUA,GUAMA,RUA  TRES DE OUTUBRO,143,-1.468319,-48.461933,SANTA GULA RESTAURANTE,1.0
DAGUA,GUAMA,ILHA  COMBU,4,-1.491413,-48.461982,RESTAURANTE NOSSA MALOCA,1.0
DAGUA,GUAMA,ILHA  COMBU,0,-1.489723,-48.463069,RESTAURANTE MIRANTE DO COMBU,1.0
DAGUA,CONDOR,ILHA  COMBU,0,-1.491043,-48.471344,BAR E RESTAURANTE PUREZA,1.0
DAGUA,CONDOR,ILHA  COMBU,0,-1.491192,-48.471704,BAR E RESTAURANTE ILHA BELA,1.0
DAGUA,GUAMA,ILHA  COMBU,0,-1.50556,-48.463283,BAR DO NAZARENO,1.0
DAGUA,GUAMA,ILHA  COMBU,0,-1.501236,-48.461671,BAR TERRACO DA ILHA,1.0
DAGUA,GUAMA,ILHA  COMBU,0,-1.501227,-48.461651,RESTAURANTE TERRACO DA ILHA,1.0
DAGUA,GUAMA,ILHA  COMBU,0,-1.500925,-48.461525,RESTAURANTE FAROL DA ILHA,1.0
DAGUA,GUAMA,ILHA  COMBU,76,-1.495907,-48.461294,RESTAURANTE DO TATU ELOHIM,1.0
DAGUA,GUAMA,ILHA  COMBU,0,-1.49552,-48.461263,RESTAURANTE COMBU GRILL,1.0
DAGUA,GUAMA,ILHA  COMBU,0,-1.495022,-48.461297,RESTAURANTE RUSTICO DA ILHA,1.0
DAGUA,GUAMA,ILHA  COMBU,0,-1.490998,-48.462006,RESTAURANTE CASA VERDE,1.0
DAGUA,GUAMA,ILHA  COMBU,0,-1.490767,-48.462048,RESTAURANTE PORTAS ABERTAS,1.0
DAGUA,GUAMA,ILHA  COMBU,0,-1.492557,-48.461919,BAR E RESTAURANTE SABOR DA ILHA,1.0
DAGUA,GUAMA,ILHA  COMBU,0,-1.503001,-48.462448,RESTAURANTE VITORIA,1.0
DAGUA,GUAMA,ILHA  COMBU,0,-1.493074,-48.461792,BAR SITIO QUADRA DO ADILSON,1.0
DABEL,MARCO,TRAVESSA DOUTOR ENEAS PINHEIRO,1721,-1.429289,-48.459408,BAR,1.0
DAMOS,CHAPEU VIRADO,RUA  BEIRA RIO,1734,-1.132973,-48.458708,BAR FUXICO DO FAROL,1.0
DAOUT,SAO JOAO DO OUTEIRO,AVENIDA NOSSA SENHORA DA CONCEICAO,83,-1.270584,-48.472988,RESTAURANTE MINEIA MOURAO,1.0
DAGUA,CANUDOS,RUA  ROSO DANIN,729,-1.450162,-48.458057,LOJA ARMARINHO E CYBER CAFE,1.0
DAICO,PARQUE GUAJARA,ALAMEDA  SETE,67,-1.310718,-48.463332,BAR,1.0
DAMOS,NATAL DO MURUBIRA,RUA  FLORESTA,16,-1.13399,-48.448078,BAR,1.0
DAOUT,AGUA BOA,AVENIDA  PAULO COSTA,1,-1.256596,-48.451168,DEPOSITODE BEBIDAS,1.0
DABEN,TAPANA,TRAVESSA  HAROLDO VELOSO,5,-1.342033,-48.469155,DEPOSITO DE BEBIDAS LAN,1.0
DAICO,CAMPINA DE ICOARACI,RUA  OITO DE MAIO,996,-1.299512,-48.469974,BITIS BAR,1.0
DABEL,CAMPINA,RUA  ARISTIDES LOBO,0,-1.453473,-48.498081,RESTAURANTE CAMPINA GRILL,1.0
DAGUA,CREMACAO,AVENIDA CONSELHEIRO FURTADO,1636,-1.456882,-48.483826,BAR E RESTAURANTE,1.0
DABEN,PARQUE VERDE,PASSAGEM  ASTRONAUTA DOIS,12,-1.358124,-48.452068,BAR,1.0
DAGUA,CONDOR,TRAVESSA PADRE EUTIQUIO,2939,-1.467754,-48.481113,BAR,1.0
DAICO,CRUZEIRO,AVENIDA DOUTOR LOPO DE CASTRO,1002,-1.298154,-48.480363,TAIKO SUSHI BAR,1.0
DAOUT,AGUA BOA,AVENIDA  PAULO COSTA,2562,-1.25621,-48.451438,RESTAURANTE,1.0
DAGUA,MONTESE (TERRA FIRME),PASSAGEM  COMISSARIO,293,-1.459634,-48.452356,DEPOSITO EGUA DA BEBIDA,1.0
DAGUA,MONTESE (TERRA FIRME),PASSAGEM  COMISSARIO,275,-1.459707,-48.452289,BAR DO ADEMIR,1.0
DAENT,MANGUEIRAO,AVENIDA  MAGALHAES BARATA,325,-1.378937,-48.456911,CAFE DO BOB,1.0
DAMOS,CHAPEU VIRADO,RUA  MENDROT,39,-1.139301,-48.450275,BAR E MERCEARIA DEUS E FIEL,1.0
DABEN,BENGUI,RUA SAO JOSE,237,-1.376209,-48.466328,JOAO BAR,1.0
DAGUA,JURUNAS,PASSAGEM  GURJAO,30,-1.474247,-48.492413,BAR,1.0
DAENT,UNIVERSITARIO,BEIRA  DO RIO GUAMA,0,-1.48917,-48.452266,RESTAURANTE TOCA DO DOCA,1.0
DABEN,TAPANA,RUA  ALBERTO VILAR,89,-1.352511,-48.46213,RESTAURANTE,1.0
DABEL,CAMPINA,RUA  ARISTIDES LOBO,0,-1.452526,-48.497256,RESTAURANTE POUPULAR DESEMBARGADOR PAULO FROTA,1.0
DABEN,PRATINHA,PASSAGEM  SAMAUMA,35,-1.355877,-48.467997,BAR,1.0
DAGUA,GUAMA,BEIRA  DO RIO GUAMA,0,-1.489665,-48.454962,BAR E RESTAURANTE,1.0
DABEL,BATISTA CAMPOS,RUA  DOS QUARENTA E OITO,99,-1.457168,-48.493606,BISTRO BELEM RESTAURANTE,1.0
DAOUT,BRASILIA,RUA SAO MIGUEL,120,-1.273855,-48.481861,BALSAS BAR,1.0
DAGUA,JURUNAS,RUA SAO MIGUEL,21,-1.471079,-48.489007,BAR DO MANELITO,1.0
DAOUT,AGUA BOA,AVENIDA  PAULO COSTA,2748,-1.254111,-48.453599,CAFE DA ILHA,1.0
DAICO,MARACACUERA,RUA  ELCIONE BARBALHO,16,-1.288865,-48.45837,BAR DO PEIXE,1.0
DAOUT,AGUA BOA,AVENIDA  PAULO COSTA,2753,-1.253877,-48.453832,BAR FK DEPOSITO,1.0
DABEN,PRATINHA,RUA PROFETA SAMUEL,240,-1.369706,-48.470729,SOBERANO MERCADO E PEIXARIA,1.0
DAGUA,GUAMA,FURO  DO BENEDITO,0,-1.519522,-48.457836,RESTAURANTE RESTO DA MARCIA,1.0
DAENT,UNIVERSITARIO,FURO  DO BENEDITO,0,-1.50679,-48.439013,RESTAURANTE SABOR DA ILHA,1.0
DAGUA,GUAMA,FURO  DO BENEDITO,0,-1.519499,-48.462007,RESTAURANTE FLUTUANTE SABOR PRAINHA,1.0
DAGUA,GUAMA,FURO  DO BENEDITO,0,-1.515278,-48.451307,FLUTUANTE NAUTICO RESTAURANTE,1.0
DABEL,CIDADE VELHA,AVENIDA ALMIRANTE TAMANDARE,119,-1.461749,-48.50422,BAR DOM LITRAO,1.0
DAICO,AGULHA,TRAVESSA  DOS ANDRADAS,51,-1.307659,-48.469129,PONTO DE CHURRASCO,1.0
DABEL,CIDADE VELHA,RUA  DE OBIDOS,621,-1.460359,-48.498834,BAR,1.0
DAOUT,SAO JOAO DO OUTEIRO,AVENIDA NOSSA SENHORA DA CONCEICAO,105,-1.269622,-48.472969,OFICINA DE BICICLETAC E RESTAURANTE,4.0
DAOUT,SAO JOAO DO OUTEIRO,AVENIDA NOSSA SENHORA DA CONCEICAO,101,-1.269754,-48.472939,BAR DO AGENOR,1.0
DABEN,COQUEIRO,AVENIDA  NS 26,0,-1.333443,-48.435019,CIBER CAFE,1.0
DASAC,PEDREIRA,AVENIDA  PEDRO MIRANDA,242,-1.435917,-48.477145,BOTECO SANT ANA,1.0
DABEL,CAMPINA,RUA  RIACHUELO,293,-1.452721,-48.496603,BAR E RESTAURANTE MILLI,1.0
DAICO,CRUZEIRO,TRAVESSA  PIMENTA BUENO,537,-1.296307,-48.485028,BAR,1.0
DABEL,SAO BRAS,AVENIDA  CIPRIANO SANTOS,112,-1.449707,-48.465252,BAR DO BIGODE,1.0
DABEL,SAO BRAS,AVENIDA  CIPRIANO SANTOS,128,-1.449615,-48.465078,RESTAURANTE COMIDA CASEIRA,1.0
DABEL,CIDADE VELHA,RUA  DO ARSENAL,0,-1.466138,-48.502343,SKINA PARA BAR E RESTAURANTE,1.0
DABEL,BATISTA CAMPOS,RUA  DOS QUARENTA E OITO,102,-1.457019,-48.493852,RESTAURANTE,1.0
DABEN,COQUEIRO,TRAVESSA  WE 6,414,-1.342413,-48.445395,DEPOSITO DE BEBIDAS,1.0
DABEL,CIDADE VELHA,RUA  DO ARSENAL,0,-1.465942,-48.502462,TAPIOCARIA E RESTAURANTE PORTAL DE SABORES,1.0
DABEN,TAPANA,RUA  ALBERTO VILAR,17,-1.352713,-48.460555,SKINA BAR,1.0
DAOUT,BRASILIA,PRAIA  DO VAI QUEM QUER,3,-1.221191,-48.553352,MAUROS BAR,1.0
DAOUT,BRASILIA,PRAIA  DO VAI QUEM QUER,4,-1.22118,-48.553219,BAR SABOR DO MAR,1.0
DAOUT,BRASILIA,PRAIA  DO VAI QUEM QUER,19,-1.221037,-48.550881,MR BAR,1.0
DAOUT,BRASILIA,PRAIA  DO VAI QUEM QUER,22,-1.220902,-48.550399,BAR NA TELHA,1.0
DAOUT,BRASILIA,PRAIA  DO VAI QUEM QUER,25,-1.220891,-48.550242,RESTAURANTE,1.0
DAMOS,CHAPEU VIRADO,RUA  BEIRA RIO,0,-1.132969,-48.458574,RESTAURANTE TAMBATAJA,1.0
DABEN,TAPANA,RUA  BOLONHA,3,-1.341723,-48.456983,DEPOSITO DE BEBIDAS,1.0
DAOUT,BRASILIA,PRAIA  DO VAI QUEM QUER,1528,-1.221104,-48.552632,RESTAURANTE SONHO MEU,1.0
DAOUT,BRASILIA,PRAIA  DO VAI QUEM QUER,1,-1.221212,-48.553955,RESTAURANTE POUSADA CEU,1.0
DAOUT,BRASILIA,PRAIA  DO VAI QUEM QUER,13,-1.22111,-48.551542,MARCOS BAR,1.0
DAOUT,BRASILIA,PRAIA  DO VAI QUEM QUER,29,-1.220898,-48.549691,BAR,1.0
DAOUT,BRASILIA,PRAIA  DO VAI QUEM QUER,27,-1.220888,-48.550025,RESTAURANTE NOSSO CANTINHO,1.0
DAOUT,BRASILIA,PRAIA  DO VAI QUEM QUER,2,-1.221253,-48.55352,BAR LUZ LAY,1.0
DABEN,COQUEIRO,PASSAGEM  SEM DENOMINACAO,0,-1.333046,-48.439613,BAR,1.0
DAOUT,BRASILIA,PRAIA  DO VAI QUEM QUER,18,-1.220874,-48.550978,BAR EL PATRON,1.0
DAOUT,BRASILIA,PRAIA  DO VAI QUEM QUER,980,-1.22096,-48.551082,SANDRAS BAR,1.0
DAICO,CAMPINA DE ICOARACI,RUA  OITO DE MAIO,1070,-1.300011,-48.469941,BAR,1.0
DAOUT,BRASILIA,PRAIA  DO VAI QUEM QUER,28,-1.220921,-48.549874,RESTAURANTE COMPLEXO DO NEGAO,1.0
DAENT,CASTANHEIRA,PASSAGEM  NEWTON MIRANDA,166,-1.401831,-48.430692,BAR E RESTAURANTE SABOREAR,1.0
DAOUT,AGUA BOA,AVENIDA  PAULO COSTA,2641,-1.25562,-48.452131,PEIXARIA,1.0
DAGUA,GUAMA,PASSAGEM SAO LAZARO,84,-1.472792,-48.465649,RESTAURANTE,1.0
DABEL,CIDADE VELHA,RUA  DO ARSENAL,181,-1.465183,-48.502802,BAR,1.0
DAENT,CASTANHEIRA,PASSAGEM  NEWTON MIRANDA,18,-1.401455,-48.430754,DEPOSITO DE BEBIDAS,1.0
DAENT,CASTANHEIRA,PASSAGEM  NEWTON MIRANDA,166,-1.401819,-48.430672,BARVE RESTAURANTE SABOR E CIA,1.0
DAENT,CASTANHEIRA,PASSAGEM  NEWTON MIRANDA,18,-1.401424,-48.430768,RESTAURANTE MELO,1.0
DAENT,CASTANHEIRA,PASSAGEM  NEWTON MIRANDA,929,-1.401462,-48.430795,RESTAURANTE,4.0
DABEL,BATISTA CAMPOS,RUA  DOS QUARENTA E OITO,27,-1.457535,-48.494152,RESTAURANTE VITORIA REGIA,1.0
DABEL,MARCO,PASSAGEM SAO PEDRO,148,-1.435321,-48.453128,PANIFICADORA E RESTAURANTE,1.0
DABEL,CIDADE VELHA,AVENIDA  DEZESSEIS DE NOVEMBRO,718,-1.462307,-48.496728,RESTAURANTE PAPITOS,1.0
DASAC,SACRAMENTA,PASSAGEM  MIRANDINHA,0,-1.415775,-48.482037,DEPOSITO DE BEBIDAS,1.0
DASAC,PEDREIRA,AVENIDA  PEDRO MIRANDA,2440,-1.420124,-48.466651,RESTAURANTE,1.0
DAENT,MANGUEIRAO,PASSAGEM  DEZ DE MAIO,213,-1.387813,-48.431776,BAR E MERCADINHO,1.0
DAGUA,JURUNAS,AVENIDA  BERNARDO SAYAO,249,-1.470035,-48.500317,TAPIOCARIA,1.0
DAGUA,GUAMA,AVENIDA CONSELHEIRO FURTADO,4064,-1.455833,-48.461966,RESTAURANTE PICANHA NA PEDRA,1.0
DAGUA,GUAMA,AVENIDA CONSELHEIRO FURTADO,4056,-1.45566,-48.461959,CHURRASCARIA L14 RESTAURANTE,1.0
DABEL,CIDADE VELHA,TRAVESSA  CARLOS DE CARVALHO,97,-1.4609,-48.500537,RESTAURANTE EVALDO,1.0
DAMOS,BONFIM,RUA SAO GERALDO,120,-1.112989,-48.410617,BAR E CONVENIENCIA PARADA OBRIGATORIA,1.0
DASAC,FATIMA,PASSAGEM  DIOGO MOIA,644,-1.441166,-48.470945,DEPOSITOS DE BEBIDAS 4D,1.0
DAGUA,GUAMA,TRAVESSA  FRANCISCO CALDEIRA CASTELO BRANCO,1894,-1.45971,-48.470631,RESTAURANTE CASTELO BRITO,1.0
DABEL,MARCO,TRAVESSA  LOMAS VALENTINAS,1988,-1.431563,-48.458775,BAR SUICO,1.0
DAGUA,JURUNAS,TRAVESSA  MONTE ALEGRE,623,-1.465878,-48.498875,RESTAURANTE,1.0
DAICO,CAMPINA DE ICOARACI,TRAVESSA  MOURA CARVALHO,183,-1.297408,-48.473504,BAR,1.0
DABEL,NAZARE,AVENIDA CONSELHEIRO FURTADO,2087,-1.45623,-48.479966,RESTAURANTE CHAPAO,1.0
DAENT,CASTANHEIRA,AVENIDA  PEDRO ALVARES CABRAL,21,-1.407224,-48.440436,RESTAURANTE,1.0
DABEN,PARQUE VERDE,ALAMEDA  UM,0,-1.371678,-48.442484,RESTAURANTE DA LENE,1.0
DAMOS,MURUBIRA,RUA  BEIRA RIO,0,-1.118184,-48.437495,TAPIOCA DO GORDO,1.0
DAMOS,MURUBIRA,RUA  BEIRA RIO,0,-1.118868,-48.438171,BAR O CARECAO,1.0
DAMOS,MURUBIRA,RUA  BEIRA RIO,0,-1.118307,-48.437582,TAPIOCA DA DORA,1.0
DAMOS,ARIRAMBA,RUA  VARIANTE,0,-1.122433,-48.432764,CHURRASCO DA DONA SANDRA,1.0
DAMOS,ARIRAMBA,RUA  VARIANTE,0,-1.122002,-48.431607,ANAS TAPIOCARIA,1.0
DABEL,MARCO,TRAVESSA  VILETA,0,-1.438387,-48.464667,BAR,1.0
DABEN,PRATINHA,PASSAGEM SAO VICENTE DE PAULA,49,-1.357576,-48.470084,BAR E RESTAURANTE DA NARA,1.0
DABEN,COQUEIRO,RUA  PRINCIPAL,0,-1.330987,-48.4406,DIVAS BAR E RESTAURANTE,1.0
DAICO,AGULHA,RUA  OITO DE MAIO,0,-1.307699,-48.468961,CHURRASCARIA BOM SUCESSO,1.0
DAICO,AGULHA,RUA  OITO DE MAIO,752,-1.307734,-48.46901,BOTECO DO RUI,1.0
DAICO,PARQUE GUAJARA,RUA  OITO DE MAIO,0,-1.308016,-48.468932,DEPOSITO DE BEBIDAD MENINAS,2.0
DAGUA,CONDOR,RUA  LAURO MALCHER,24,-1.474067,-48.479935,CHURRASCO DA HORA,1.0
DABEL,BATISTA CAMPOS,TRAVESSA  DOS APINAGES,373,-1.462876,-48.489717,RESTAURANTE,1.0
DABEL,MARCO,PASSAGEM SAO PEDRO,17,-1.440045,-48.455218,RESTAURANTE,1.0
DAENT,AURA,TRAVESSA SAO CRISTOVAO,2,-1.415288,-48.382587,BOTECO DO MOLEZA,1.0
DABEN,COQUEIRO,RUA  PRINCIPAL,24,-1.330764,-48.439509,ROUND 6 BAR E RESTAURANTE,1.0
DABEL,CAMPINA,RUA  VINTE E OITO DE SETEMBRO,143,-1.450341,-48.497911,RESTAURANTE COMA BEM,1.0
DABEL,CAMPINA,RUA  VINTE E OITO DE SETEMBRO,82,-1.450593,-48.498377,RESTAURANTE PROMESSA DE DEUS,1.0
DABEL,CAMPINA,RUA  O DE ALMEIDA,330,-1.451624,-48.49757,BAR E RESTAURANTE POPULA,1.0
DABEL,CAMPINA,RUA  O DE ALMEIDA,0,-1.451966,-48.497799,FUNDOS DE RESTAURANTE POPULAR,1.0
DABEN,COQUEIRO,TRAVESSA  NS 2,0,-1.331288,-48.449003,RESTAURANTE PALADAR CASEIRO,1.0
DABEN,PRATINHA,RUA  DEZ DE FEVEREIRO,66,-1.361738,-48.470994,RESTAURANTE E LANCHONETE,1.0
DAENT,MARAMBAIA,AVENIDA  TAVARES BASTOS,993,-1.405292,-48.448358,RESTAURANTE SEGUNDA CASA,1.0
DAICO,CRUZEIRO,ALAMEDA  PAES DE CARVALHO,125,-1.301362,-48.483745,FORNERIA RESTAURANTE E PIZZARIA,1.0
DAICO,CRUZEIRO,ALAMEDA  PAES DE CARVALHO,0,-1.301328,-48.483585,PRIME GRILL STEAK E BAR,1.0
DAGUA,CANUDOS,TRAVESSA  SEGUNDA DE QUELUZ,260,-1.450199,-48.459134,RESTAURANTE SEGREDO CASEIRO,1.0
DAGUA,GUAMA,TRAVESSA  FRANCISCO CALDEIRA CASTELO BRANCO,1659,-1.457817,-48.470608,RESTAURANTE E LANCHONETE,1.0
DASAC,SACRAMENTA,RUA  TEODORO PALMEIRA,18,-1.405757,-48.469805,BAR,1.0
DAMOS,NATAL DO MURUBIRA,RUA  ARTHUR PIRES TEIXEIRA,0,-1.129681,-48.447585,DEPOSITO DE BEBIDA,1.0
DABEL,CIDADE VELHA,TRAVESSA  CARLOS DE CARVALHO,186,-1.461504,-48.499815,BAR RESTAURANTE,1.0
DAGUA,CREMACAO,TRAVESSA  QUATORZE DE MARCO,2469,-1.457899,-48.480427,VENDA DE CHURRASCO,1.0
DABEL,MARCO,TRAVESSA  DA ESTRELLA,2484,-1.436186,-48.462696,RESTAURANTE O PEIXE FRITO,1.0
DABEL,CIDADE VELHA,TRAVESSA  CARLOS DE CARVALHO,186,-1.461571,-48.499896,SAGICA BAR E RESTAURANTE,1.0
DAENT,AGUAS LINDAS,RUA FREI TITO,38,-1.408011,-48.392969,BAR DA ALDENORA,1.0
DASAC,MARACANGALHA,RUA SANTO AMARO,10,-1.401261,-48.475665,RESTAURANTE,1.0
DASAC,MARACANGALHA,RUA SANTO AMARO,52,-1.401217,-48.474145,RESTAURANTE SERVE BEM,1.0
DAGUA,CREMACAO,RUA  DOS CARIPUNAS,2261,-1.460195,-48.472325,BAR,1.0
DAGUA,CONDOR,RUA  NOVA PRIMEIRA,341,-1.471235,-48.481682,BOTECO DO ANTONIO,1.0
DAGUA,CONDOR,RUA  NOVA PRIMEIRA,413,-1.470691,-48.481148,BAR,1.0
DABEN,TAPANA,RUA PRESIDENTE DUTRA,30,-1.340845,-48.477243,RESTAURANTE,1.0
DAICO,PONTA GROSSA,RUA PADRE JULIO MARIA,0,-1.303976,-48.485238,RESTAURANTE E LANCHONETE,1.0
DAICO,PONTA GROSSA,RUA PADRE JULIO MARIA,1229,-1.304502,-48.485172,RESTAURANTE SABOR E SORRISO,1.0
DABEL,CIDADE VELHA,RUA  VEIGA CABRAL,420,-1.464043,-48.499322,DU PARA BAR E RESTAURANTE,1.0
DABEN,COQUEIRO,RUA  PRINCIPAL,71,-1.331203,-48.44112,ERIKAS BAR,1.0
DAMOS,PARAISO,RUA NOSSA SENHORA DE SANTANA,100,-1.069602,-48.377197,BOTECO OLHO DE TANDERA,1.0
DAMOS,FAROL,PASSAGEM  LUIS CLEMENTINO DE OLIVEIRA,173,-1.135154,-48.458132,DEPOSITO DE BEBIDAS,1.0
DAGUA,MONTESE (TERRA FIRME),PASSAGEM  BELO HORIZONTE,42,-1.462411,-48.448411,ESPACO DO CAFE,1.0
DAGUA,CANUDOS,TRAVESSA  GUERRA PASSOS,196,-1.449563,-48.462686,BAR E RESTAURANTE KANTUS GRIL,1.0
DABEL,CIDADE VELHA,RUA  VEIGA CABRAL,439,-1.463874,-48.499192,RESTAURANTE,1.0
DAGUA,CANUDOS,TRAVESSA  GUERRA PASSOS,268,-1.450491,-48.4626,BAR,1.0
DASAC,PEDREIRA,AVENIDA MARQUES DE HERVAL,1930,-1.424404,-48.465725,RESTAURANTE AVENIDA,1.0
DAGUA,CONDOR,PASSAGEM SAO JUDAS TADEU,2,-1.474671,-48.476195,BAR DO SR ANTONIO,1.0
DASAC,SACRAMENTA,TRAVESSA  ANGUSTURA,887,-1.421339,-48.476627,BAR,1.0
DASAC,SACRAMENTA,TRAVESSA  ANGUSTURA,913,-1.421495,-48.476402,AMARELINHO BAR,1.0
DAGUA,MONTESE (TERRA FIRME),AVENIDA  CELSO MALCHER,898,-1.457318,-48.45044,DEPOSITO DE BEBIDAS,1.0
DAENT,MARAMBAIA,PASSAGEM  VINTE E OITO DE MARCO,108,-1.402407,-48.4402,BAR DO REG,1.0
DAENT,MARAMBAIA,PASSAGEM  VINTE E OITO DE MARCO,78,-1.403126,-48.440877,BAR SAO JORGE,1.0
DABEL,CAMPINA,RUA  O DE ALMEIDA,64,-1.453523,-48.499064,RESTAURANTE SEM DENOMINACAO,1.0
DABEL,CAMPINA,RUA  O DE ALMEIDA,64,-1.453523,-48.499064,DEPOSITO E ARMAZEM DO RESTAURANTE,1.0
DAGUA,CREMACAO,TRAVESSA  QUATORZE DE MARCO,2376,-1.456918,-48.480583,BAR E RESTAURANTE,1.0
DABEN,TAPANA,RUA  BENEDITO BANDEIRA,9,-1.349561,-48.467467,RESTAURANTE DA LUCIA,1.0
DAMOS,MURUBIRA,ALAMEDA  LEAO AGUIAR,92,-1.126932,-48.444513,BOTECO DO DICO,1.0
DASAC,SACRAMENTA,PASSAGEM  BANDEIRANTE,22,-1.410654,-48.47591,SEM DENOMINACAO BAR,1.0
DAICO,PARACURI,RUA CORONEL JUVENCIO SARMENTO,625,-1.310551,-48.480818,DEPOSITO DE ALIMENTOS E BEBIDAS,1.0
DABEN,PARQUE VERDE,RUA  RONALDO BARATA,70,-1.372368,-48.441101,BAR,1.0
DABEN,PARQUE VERDE,RUA  RONALDO BARATA,0,-1.372278,-48.44105,BAR PAYSANDU,1.0
DABEN,CABANAGEM,AVENIDA  INDEPENDENCIA,60,-1.367507,-48.436617,BAR E LANCHONETE,1.0
DAICO,PARACURI,RUA CORONEL JUVENCIO SARMENTO,28,-1.311365,-48.480762,BAR,1.0
DAMOS,MURUBIRA,RUA SANTA CRUZ,5,-1.144597,-48.427362,BAR,1.0
DAENT,CASTANHEIRA,AVENIDA  PEDRO ALVARES CABRAL,21,-1.407323,-48.441083,RESTAURANTE,1.0
DAMOS,PARAISO,RUA NOSSA SENHORA DE SANTANA,14,-1.067227,-48.378011,BAR,1.0
DABEL,UMARIZAL,TRAVESSA  QUATORZE DE MARCO,867,-1.443272,-48.480512,RESTAURANTE O VELHO MOINHO,1.0
DABEL,UMARIZAL,TRAVESSA  QUATORZE DE MARCO,861,-1.443161,-48.480566,DEPOSITO DO RESTAURANTE O VELHO MOINHO,1.0
DABEN,TAPANA,RODOVIA  DO TAPANA,105,-1.329567,-48.476696,RESTAURANTE BOM PALADAR,1.0
DAMOS,MURUBIRA,RUA  BEIRA RIO,6726,-1.120969,-48.441884,RESTAURANTE LIDERANCA,1.0
DAMOS,MURUBIRA,RUA  BEIRA RIO,794,-1.120495,-48.440555,RESTAURANTE ALDEONE,1.0
DAMOS,MURUBIRA,RUA  BEIRA RIO,840,-1.120699,-48.441125,RESTAURANTE,1.0
DAMOS,MURUBIRA,RUA  BEIRA RIO,20,-1.121473,-48.443745,RESTAURANTE GUANABARA,1.0
DAMOS,MURUBIRA,RUA  BEIRA RIO,984,-1.11998,-48.439567,RESTAURANTE,1.0
DABEL,MARCO,AVENIDA  ROMULO MAIORANA,964,-1.438924,-48.463939,BAR POINT DA GELADA FC,1.0
DAMOS,MURUBIRA,RUA  BEIRA RIO,872,-1.120469,-48.440474,BAR,1.0
DAMOS,MURUBIRA,RUA  BEIRA RIO,686,-1.12104,-48.442085,BEACH BAR,1.0
DABEL,MARCO,AVENIDA  ROMULO MAIORANA,1098,-1.437809,-48.462964,BAR,1.0
DABEL,CAMPINA,TRAVESSA  PRIMEIRO DE MARCO,0,-1.453646,-48.494873,RESTAURANTE ALVORADA,1.0
DAMOS,MARACAJA,RUA  SIQUEIRA MENDES,1672,-1.164741,-48.4595,RESTAURANTE ANJO GABRIEL,1.0
DAENT,MANGUEIRAO,RUA  RUI BARBOSA,99,-1.382507,-48.451444,BAR,1.0
DAOUT,SAO JOAO DO OUTEIRO,AVENIDA  FRANKLIN DE MENEZES,80,-1.25686,-48.467545,BAR MALOCA,1.0
DAOUT,SAO JOAO DO OUTEIRO,AVENIDA  FRANKLIN DE MENEZES,136,-1.257875,-48.466569,LANCHONETE E RESTAURANTE JEOVA JIRE,1.0
DAOUT,SAO JOAO DO OUTEIRO,AVENIDA  FRANKLIN DE MENEZES,1247,-1.257302,-48.467152,GRACAS BAR,1.0
DAICO,AGUAS NEGRAS,PASSAGEM SAO FRANCISCO,224,-1.305448,-48.457409,BAR,1.0
DAENT,MANGUEIRAO,RUA  DA MARINHA,0,-1.395342,-48.440217,BAR E LAVA JATO,1.0
DASAC,SACRAMENTA,PASSAGEM  CAMARA,286,-1.414957,-48.481913,BAR DO PAULO,1.0
DAOUT,SAO JOAO DO OUTEIRO,AVENIDA  FRANKLIN DE MENEZES,58,-1.259045,-48.465434,DEPOSITO DE BEBIDAS,1.0
DABEN,BENGUI,TRAVESSA SAO PAULO,18,-1.374287,-48.454232,RESTAURANTE,1.0
DAENT,CASTANHEIRA,RUA  EUCLIDES DA CUNHA,108,-1.407521,-48.428487,BAR DO DRAGAO,1.0
DABEL,MARCO,AVENIDA DOUTOR FREITAS,3430,-1.434222,-48.450462,RIBEIRO S DEPOSITO DE BEBIDAS E CONVENIO,1.0
DAENT,CURIO-UTINGA,PASSAGEM  ELVIRA,0,-1.432976,-48.447009,BAR,1.0
DABEL,CAMPINA,RUA  O DE ALMEIDA,33,-1.453818,-48.499184,RESTAURANTE GRAM SABOR,1.0
DAGUA,MONTESE (TERRA FIRME),PASSAGEM SAO PEDRO,0,-1.453755,-48.450347,MERCEARIA E BAR,1.0
DAGUA,MONTESE (TERRA FIRME),PASSAGEM SAO PEDRO,488,-1.453836,-48.450397,RONALDO BAR,1.0
DAMOS,MANGUEIRAS,AVENIDA  DEZESSEIS DE NOVEMBRO,1203,-1.142455,-48.461131,VENDA DE CAFE DA MANHA E ACAI,1.0
DAMOS,MANGUEIRAS,AVENIDA  DEZESSEIS DE NOVEMBRO,1265,-1.142909,-48.461291,RESTAURANTE AERO LANCHES,
DAICO,CRUZEIRO,TRAVESSA  DO CRUZEIRO,0,-1.292073,-48.480912,BAR DO SOUZA,1.0
DABEN,PARQUE VERDE,RUA  PRINCIPAL BLOCO 10 A,0,-1.352609,-48.450869,BAR,1.0
DABEL,BATISTA CAMPOS,RUA  VEIGA CABRAL,1243,-1.4585,-48.494143,RESTAURANTE,1.0
DAICO,MARACACUERA,RUA PRINCIPE DA PAZ,64,-1.2857,-48.458408,BAR RAFAELINHAS,2.0
DAENT,MARAMBAIA,RUA  WE 2,715,-1.400392,-48.439086,DEPOSITO DE BEBIDAS SWN,1.0
DABEL,UMARIZAL,TRAVESSA DOM PEDRO I,474,-1.436759,-48.489338,CHURRASCO CRUZEIRO DO SUL,1.0
DABEN,TAPANA,RODOVIA  DO TAPANA,1,-1.340858,-48.46797,BAR E RESTAURANTE AQUARIOS,1.0
DABEN,TAPANA,RODOVIA  DO TAPANA,37,-1.342075,-48.46779,SR DEPOSITO DE BEBIDAS,1.0
DASAC,PEDREIRA,AVENIDA DOUTOR FREITAS,1123,-1.416162,-48.463799,DUDAS BAR,1.0
DASAC,MARACANGALHA,RUA  TUCANOS,4,-1.403192,-48.479917,CHURRASCO DA HORA,1.0
DABEN,COQUEIRO,TRAVESSA  WE 11,446,-1.339933,-48.445495,BAR,1.0
DASAC,PEDREIRA,TRAVESSA  HUMAITA,897,-1.433665,-48.474262,BAR,1.0
DABEL,MARCO,AVENIDA  JOAO PAULO II,1023,-1.439767,-48.457075,RESTAURANTE DELICIAS DO PARA,1.0
DAMOS,FAROL,ESTRADA  BATERIA,0,-1.136413,-48.459891,TAPIOCARIA,1.0
DABEN,CABANAGEM,PASSAGEM  GIRASSOIS,29,-1.368267,-48.436137,BAR,1.0
DAENT,SOUZA,AVENIDA  TAVARES BASTOS,459,-1.408893,-48.445259,RESTAURANTE BAR E LANCHONETE,1.0
DAGUA,MONTESE (TERRA FIRME),AVENIDA  CELSO MALCHER,937,-1.456848,-48.449952,BAR ARENA GOL,1.0
DABEL,MARCO,TRAVESSA  MAURITI,2446,-1.43419,-48.463103,BAR,1.0
DAGUA,CONDOR,RUA  GAIAPOS,349,-1.473329,-48.477562,BAR IRMAOS BARRADAS,1.0
DABEL,NAZARE,ALAMEDA  PEDRO CARNEIRO,10,-1.455698,-48.479395,MUNDICA TAPIOCARIA E IGUARIAS,1.0
DABEL,NAZARE,ALAMEDA  PEDRO CARNEIRO,9,-1.45553,-48.479392,RESTAURANTE,1.0
DAOUT,BRASILIA,RUA  DAS ORQUIDEAS,0,-1.278045,-48.472224,LOIRAS BAR,1.0
DABEN,TAPANA,RODOVIA  DO TAPANA,10,-1.347668,-48.466719,BAR DO ZE,1.0
DABEN,TAPANA,RODOVIA  DO TAPANA,2,-1.347953,-48.466603,BAR DA PRACA,1.0
DABEN,TAPANA,RODOVIA  DO TAPANA,0,-1.348119,-48.46601,BAR H2,1.0
DAICO,PARQUE GUAJARA,RUA  MURICI,30,-1.336813,-48.458278,MERCEARIA E BAR,1.0
DABEL,CAMPINA,RUA SENADOR MANOEL BARATA,527,-1.453494,-48.499623,RESTAURANTE DA MARA,1.0
DABEL,CAMPINA,RUA SENADOR MANOEL BARATA,591,-1.451478,-48.498604,HARAS BAR E RESTAURANTE,1.0
DABEL,CAMPINA,RUA SENADOR MANOEL BARATA,577,-1.451718,-48.498738,CAFE SANTANA DESATIVADO,1.0
DABEL,CAMPINA,RUA SENADOR MANOEL BARATA,571,-1.451573,-48.49858,SAL DA TERRA RESTAURANTE,1.0
DAMOS,MURUBIRA,RODOVIA ENGENHEIRO AUGUSTO MEIRA FILHO,0,-1.132731,-48.440198,RESTAURANTE FE EM DEUS,1.0
DAMOS,MURUBIRA,RODOVIA ENGENHEIRO AUGUSTO MEIRA FILHO,0,-1.13325,-48.439409,MORENA BAR E RESTAURANTE,1.0
DAMOS,MURUBIRA,RODOVIA ENGENHEIRO AUGUSTO MEIRA FILHO,0,-1.133167,-48.439486,BAR E RESTAURANTE NA BRASA,1.0
DAMOS,PARAISO,ESTRADA  DO CARUARA,0,-1.066431,-48.380141,RESTAURANTE PARAISO,1.0
DAMOS,PARAISO,ESTRADA  DO CARUARA,0,-1.066583,-48.380648,BAR E RESTAURANTE BELA VISTA,1.0
DAMOS,PARAISO,ESTRADA  DO CARUARA,0,-1.066789,-48.381535,RESTAURANTE POR DO SOL,1.0
DAMOS,PARAISO,ESTRADA  DO CARUARA,0,-1.067317,-48.38553,RESTAURANTE TROPICAL,1.0
DAMOS,PARAISO,ESTRADA  DO CARUARA,0,-1.067346,-48.386489,RESTAURANTE COZINHA DA PRAIA,1.0
DAMOS,PARAISO,ESTRADA  DO CARUARA,0,-1.06719,-48.384374,RESTAURANTE ADAO E EVA,1.0
DAMOS,PARAISO,ESTRADA  DO CARUARA,0,-1.067256,-48.385088,BAR E RESTAURANTE PARAISO,1.0
DAMOS,PARAISO,ESTRADA  DO CARUARA,0,-1.067085,-48.3833,RESTAURANTE CAMBOEIRO,1.0
DABEN,TAPANA,RUA  BEBEDOURO,37,-1.341721,-48.462577,BRITOS BAR,1.0
DASAC,PEDREIRA,TRAVESSA  LOMAS VALENTINAS,115,-1.421983,-48.473071,BAR,1.0
DASAC,PEDREIRA,TRAVESSA  LOMAS VALENTINAS,209,-1.420782,-48.4743,CHURRASCARIA,1.0
DAENT,MARAMBAIA,RUA  DA MATA,0,-1.401783,-48.448058,BAR E ACOUGUE,1.0
DAENT,CASTANHEIRA,PASSAGEM  CORACAO DE JESUS,227,-1.410417,-48.436113,RESTAURANTE E PADARIA NOVA ALIANCA,1.0
DASAC,PEDREIRA,TRAVESSA  LOMAS VALENTINAS,59,-1.421647,-48.473572,DEPOSITO DE BEBIDAS,1.0
DAMOS,MANGUEIRAS,AVENIDA  DEZESSEIS DE NOVEMBRO,0,-1.142869,-48.461226,BAR E IMPORTADOS,1.0
DAGUA,JURUNAS,TRAVESSA  CARLOS DE CARVALHO,1456,-1.469301,-48.491613,BAR CASTANHEIRA,1.0
DABEN,PARQUE VERDE,ESTRADA  DO BENGUI,7,-1.371144,-48.457054,BAR,1.0
DABEN,PARQUE VERDE,ESTRADA  DO BENGUI,15,-1.371094,-48.457382,RESTAURANTE DE CASA SABOR,1.0
DABEL,UMARIZAL,RUA  MUNICIPALIDADE,1328,-1.437155,-48.48946,RESTAURANTE COMIDA PARAENSE,1.0
DAENT,CURIO-UTINGA,PASSAGEM  BARTOLOMEU DE GUSMAO,170,-1.427518,-48.45096,CASA DE EVENTOS J K,1.0
DABEN,BENGUI,ESTRADA  DO BENGUI,2,-1.371176,-48.456732,BOTECO,1.0
DABEN,COQUEIRO,AVENIDA  INDEPENDENCIA,0,-1.359516,-48.428625,CHURRASCARIA NOSSO CHEF,1.0
DAGUA,JURUNAS,TRAVESSA  MONTE ALEGRE,50,-1.475007,-48.489252,MERCEARIA E RESTAURANTE,1.0
DASAC,PEDREIRA,AVENIDA MARQUES DE HERVAL,1812,-1.425244,-48.466439,BAR DA LOURA,1.0
DABEL,NAZARE,TRAVESSA  RUI BARBOSA,1437,-1.453971,-48.487104,ENTRETERIMENTO CAFE COM ARTE,1.0
DASAC,TELEGRAFO,PASSAGEM  BOCA DO ACRE,177,-1.424793,-48.488339,BAR,1.0
DASAC,TELEGRAFO,PASSAGEM  BOCA DO ACRE,169,-1.424973,-48.488305,CYBER CAFE,1.0
DAMOS,PARAISO,ESTRADA  DO CARUARA,0,-1.068278,-48.3898,RESTAURANTE MANINHOS,1.0
DABEL,SAO BRAS,TRAVESSA  FRANCISCO CALDEIRA CASTELO BRANCO,1424,-1.455346,-48.470723,RESTAURANTE DOM CHEF,1.0
DABEN,PARQUE VERDE,TRAVESSA  WE 6,0,-1.368989,-48.439917,MERCEARIA E DEPOSITO DE BEBIDAS,1.0
DABEL,MARCO,AVENIDA  ROMULO MAIORANA,533,-1.441749,-48.4662,RESTAURANTE,1.0
DABEN,CABANAGEM,RUA  HENRIQUE DIAS,161,-1.367942,-48.435792,DEPOSITO DE BEBIDAS,1.0
DAENT,CURIO-UTINGA,PASSAGEM  XAVIER,9,-1.428301,-48.452111,BAR,1.0
DAENT,MARAMBAIA,RUA  ESPERANTO,701,-1.403609,-48.448706,BAR,1.0
DABEL,SAO BRAS,CONJUNTO  IAPI,0,-1.448533,-48.468942,DEPOSITO DE BEBIDAS,1.0
DAGUA,JURUNAS,PORTO  NAUTICA,1154,-1.473694,-48.495988,DEPOSITO DE BEBIDAS RODRIGUES,1.0
DABEN,CABANAGEM,TRAVESSA  TREZE DE MAIO,5,-1.359335,-48.44046,PIT BAR E CONVENIENCIA,1.0
DABEN,CABANAGEM,RUA  HENRIQUE DIAS,3,-1.366923,-48.436521,RESTAURANTE,1.0
DAGUA,CREMACAO,TRAVESSA  NOVE DE JANEIRO,2728,-1.464459,-48.474877,DEPOSITO DE BEBIDAS,1.0
DAMOS,FAROL,ESTRADA  BATERIA,575,-1.136192,-48.461058,RESTAURANTE MAMMA MIA,1.0
DABEL,SAO BRAS,RUA  SILVA ROSADO,43,-1.452821,-48.465575,BAR TOUCHE,1.0
DABEL,UMARIZAL,RUA  OLIVEIRA BELO,434,-1.440907,-48.480418,RESTAURANTE,1.0
DABEL,NAZARE,AVENIDA CONSELHEIRO FURTADO,0,-1.456552,-48.481871,RESTAURANTE JAPONES,1.0
DAGUA,GUAMA,TRAVESSA  EZERIEL MONICO DE MATOS,286,-1.463318,-48.461101,BAR,1.0
DAMOS,MANGUEIRAS,ALAMEDA  HAVAI,72,-1.153621,-48.461385,RESTAURANTE,1.0
DABEN,PRATINHA,PASSAGEM  SAMAUMA,27,-1.362725,-48.467843,BAR,1.0
DAENT,CURIO-UTINGA,PASSAGEM  BARTOLOMEU DE GUSMAO,123,-1.430097,-48.449819,ESQUINA BAR,1.0
DABEL,MARCO,PASSAGEM  EMILIO MARTINS,134,-1.445428,-48.459323,DEPOSITO DE BEBIDAS,1.0
DABEN,CABANAGEM,RUA  VITORIA REGIA,2,-1.366196,-48.430925,BAR DE CANTO,1.0
DABEL,CAMPINA,RUA SENADOR MANOEL BARATA,767,-1.451141,-48.497539,CAFE MIXTO,1.0
DABEL,UMARIZAL,TRAVESSA  QUATORZE DE MARCO,345,-1.438394,-48.480574,RESTAURANTE E DELIVERY,1.0
DAICO,PARQUE GUAJARA,RUA  DOIS DE DEZEMBRO,58,-1.322839,-48.464664,MERCADINHO E BAR DA WAL,1.0
DABEN,PRATINHA,TRAVESSA  PIEDADE,29,-1.353812,-48.472627,BAR,1.0
DABEL,CAMPINA,RUA SENADOR MANOEL BARATA,719,-1.45114,-48.497988,RESTAURANTE LARGO DA PALMEIRA,1.0
DASAC,PEDREIRA,TRAVESSA  LOMAS VALENTINAS,1192,-1.427429,-48.465037,RESTAURANTE,2.0
DABEL,CAMPINA,RUA SENADOR MANOEL BARATA,0,-1.451285,-48.498173,ESTACIONAMENTO CLIENTES RESTAURANTE LARGO DA PALNEIRA,1.0
DAICO,AGUAS NEGRAS,PASSAGEM SAO FRANCISCO,228,-1.305247,-48.453993,CHURRASCO,1.0
DABEN,PARQUE VERDE,RUA  PRINCIPAL,0,-1.352531,-48.451406,CACTUS BAR E GRIL,2.0
DABEN,PARQUE VERDE,RUA  PRINCIPAL,0,-1.352494,-48.451699,CHURRASCO DO KLARK,2.0
DABEN,PARQUE VERDE,RUA  PRINCIPAL,12,-1.352463,-48.451795,CAFE DA PAULA,2.0
DABEN,PARQUE VERDE,RUA  CAURE,10,-1.361158,-48.446349,FLORESTA BAR,1.0
DABEN,COQUEIRO,RUA  SEM DENOMINACAO 3,0,-1.341967,-48.444964,BAR DO GUARDA ROUPA,1.0
DABEN,PARQUE VERDE,RUA  PRINCIPAL,0,-1.352461,-48.451962,BOTECO DO BARAO,2.0
DABEN,COQUEIRO,AVENIDA  SECUNDARIA,38,-1.333872,-48.43527,BAR,1.0
DASAC,BARREIRO,PASSAGEM  BOM JESUS,60,-1.409018,-48.477967,RESTAURANTE DA CRIS,1.0
DABEL,NAZARE,AVENIDA COMANDANTE BRAS DE AGUIAR,0,-1.455489,-48.491338,RESTAURANTE,1.0
DAICO,PONTA GROSSA,TRAVESSA  DA SOLEDADE,254,-1.310813,-48.486496,BAR,1.0
DAENT,CASTANHEIRA,RODOVIA  BR 316,0,-1.403404,-48.428391,RESTAURANTE DUBAI,1.0
DABEL,UMARIZAL,TRAVESSA ALMIRANTE WANDENKOLK,0,-1.443209,-48.48719,BRASA MERCADO E BAR,1.0
DASAC,MARACANGALHA,AVENIDA  NORTE,0,-1.397507,-48.47755,RESTAURANTE,1.0
DAICO,PONTA GROSSA,RUA  DOIS DE DEZEMBRO,229,-1.3086,-48.477228,CHURRASCO DO SAMURAI,1.0
DAICO,PONTA GROSSA,TRAVESSA  DA SOLEDADE,254,-1.310858,-48.4864,BAR,1.0
DAGUA,JURUNAS,RUA SAO MIGUEL,224,-1.469774,-48.487765,CAFE CHIQUE,1.0
DASAC,TELEGRAFO,PASSAGEM  LAVA PES,29,-1.428968,-48.480856,RESTAURANTE,1.0
DAENT,MANGUEIRAO,QUADRA  TREZE,0,-1.378211,-48.438364,BAR ENCONTRO DOS AMIGOS,1.0
DAMOS,NATAL DO MURUBIRA,AVENIDA  BEIRA RIO DE DEUS,943,-1.135051,-48.445888,BAR,1.0
DABEL,SAO BRAS,TRAVESSA  FEB,83,-1.446705,-48.468066,RESTAURANTE,1.0
DASAC,PEDREIRA,AVENIDA DOUTOR FREITAS,1301,-1.417378,-48.462485,RESTAURANTE LA GRELLA,1.0
DAOUT,SAO JOAO DO OUTEIRO,TRAVESSA  PEDRA BRANCA,0,-1.215781,-48.538589,BAR DO PAULO,1.0
DAENT,CASTANHEIRA,AVENIDA  PRIMEIRO DE DEZEMBRO,0,-1.407593,-48.425859,RESTAURANTE DA KATIA,1.0
DAENT,CASTANHEIRA,AVENIDA  PRIMEIRO DE DEZEMBRO,0,-1.40756,-48.425743,RESTAURANTE FOGAO DE BARRO,1.0
DAENT,CASTANHEIRA,AVENIDA  PRIMEIRO DE DEZEMBRO,0,-1.407542,-48.425653,ANNY BAR,1.0
DASAC,PEDREIRA,AVENIDA  PEDRO MIRANDA,2228,-1.421701,-48.467714,RESTAURANTE,1.0
DASAC,FATIMA,TRAVESSA  NOVE DE JANEIRO,481,-1.443728,-48.475979,CESTAS DE CAFE DA MANHA,1.0
DABEN,TAPANA,PASSAGEM  BOA ESPERANCA,54,-1.357889,-48.461229,BAR,1.0
DASAC,PEDREIRA,RUA  ANTONIO EVERDOSA,1252,-1.425645,-48.474491,CHURRASCARIA MIL SABORES,1.0
DASAC,PEDREIRA,RUA  ANTONIO EVERDOSA,1290,-1.425649,-48.474009,BAR STUDIO SPUB,1.0
DASAC,PEDREIRA,TRAVESSA  HUMAITA,1290,-1.435834,-48.471223,RESTAURANTE,1.0
DAMOS,MARACAJA,RUA  SIQUEIRA MENDES,979,-1.165004,-48.464436,BAR DO MIRO,1.0
DAENT,MANGUEIRAO,RUA  DEZ DE MAIO,12,-1.38559,-48.434749,BAR,1.0
DAGUA,MONTESE (TERRA FIRME),AVENIDA  CELSO MALCHER,179,-1.45302,-48.455308,DEPOSITO DE BEBIDAS E MERCADINHO INSTANTANIO REI DAS BEBIDAS,1.0
DAICO,TENONE,PASSAGEM SAO SEBASTIAO,143,-1.319755,-48.438146,BAR E DEPOSITI CURUCA,1.0
DABEN,BENGUI,RUA SAO CLEMENTE,17,-1.375051,-48.463205,RESTAURANTE,1.0
DAICO,PARACURI,TRAVESSA  DA SOLEDADE,1075,-1.310404,-48.478579,BAR DO FOFO,1.0
DAGUA,CONDOR,RUA  DOS TAMBES,344,-1.473316,-48.481108,RESTAURANTE,1.0
DAGUA,MONTESE (TERRA FIRME),PASSAGEM NOSSA SENHORA DAS GRACAS,164,-1.457186,-48.452325,RESTAURANTE NOSSO KANTO,1.0
DAENT,CURIO-UTINGA,RUA  DO UTINGA,68,-1.426741,-48.450851,BAR E RESTAURANTE,1.0
DAICO,CRUZEIRO,ALAMEDA  SEM DENOMINACAO 6,621,-1.299188,-48.483546,CAFE DA QUINZE,1.0
DAICO,TENONE,PASSAGEM  ALACID NUNES,99,-1.326155,-48.443384,RESTAURANTE DA ZE,1.0
DAICO,PARACURI,RUA  DOIS DE DEZEMBRO,13,-1.314555,-48.476942,BAR,1.0
DABEN,PARQUE VERDE,RUA  BELEM,29,-1.370063,-48.443267,RESTAURANTE,1.0
DASAC,SACRAMENTA,TRAVESSA BARAO DO TRIUNFO,34,-1.417602,-48.484334,BAR E COMERCIO DE ALIENTOS,1.0
DASAC,SACRAMENTA,RUA  RAIMUNDO FONTENELLE,59,-1.406111,-48.469367,BAR,1.0
DAENT,AGUAS LINDAS,AVENIDA  CARLOS PRESTES,0,-1.406018,-48.391888,CHURRASCO,1.0
DAENT,AGUAS LINDAS,AVENIDA  CARLOS PRESTES,14,-1.405212,-48.391935,CAFE,1.0
DAENT,MARAMBAIA,PASSAGEM  CAJUI,74,-1.402498,-48.43601,CHURRASCARIA FRANGO E CIA,1.0
DABEN,CABANAGEM,RUA  VAL DE CANS,0,-1.368971,-48.434132,CHURRASCARIA,1.0
DABEN,CABANAGEM,RUA  VAL DE CANS,8,-1.368727,-48.434276,BAR E RESTAURANTE,1.0
DASAC,FATIMA,TRAVESSA  TRES DE MAIO,194,-1.441078,-48.475421,RESTAURANTE PIMENTA DE CHEIRO,1.0
DASAC,FATIMA,TRAVESSA  TRES DE MAIO,122,-1.440477,-48.475606,DEPOSITO DE BEBIDAS,1.0
DABEL,NAZARE,AVENIDA  ALCINDO CACELA,1873,-1.453422,-48.477554,SUSHI BAR,1.0
DAGUA,GUAMA,RUA  AUGUSTO CORREA,2240,-1.46351,-48.458761,VENDA DE CHURRASCO,1.0
DABEL,BATISTA CAMPOS,RUA  DOS QUARENTA E OITO,0,-1.456664,-48.493354,RESTAURANTE E LANCHONETE BRASAS OLIVEIRA,1.0
DABEL,BATISTA CAMPOS,RUA  DOS QUARENTA E OITO,130,-1.456689,-48.493462,RESTAURANTE LEIA,1.0
DAMOS,BAIA DO SOL,RUA  DA PRAIA GRANDE,36,-1.062292,-48.344658,BAR LIDERANCA,1.0
DAMOS,BAIA DO SOL,RUA  DA PRAIA GRANDE,0,-1.062221,-48.344167,MARIANO BAR,1.0
DAMOS,BAIA DO SOL,RUA  DA PRAIA GRANDE,0,-1.062207,-48.344023,BAR RUTINHO,1.0
DAMOS,BAIA DO SOL,RUA  DA PRAIA GRANDE,0,-1.062179,-48.343849,RESTAURANTE DO VADECO,1.0
DAMOS,BAIA DO SOL,RUA  DA PRAIA GRANDE,0,-1.062473,-48.345035,BAR DO PAULINHO,1.0
DAENT,CASTANHEIRA,RUA  EUCLIDES DA CUNHA,200,-1.408319,-48.428451,CASA DE EVENTOS,1.0
DAGUA,GUAMA,TRAVESSA  TRES DE MAIO,3047,-1.465711,-48.473334,BAR,1.0
DAGUA,CONDOR,RUA  NOVA SEGUNDA,76,-1.472376,-48.484051,BAR DO MANOEL,1.0
DABEL,CAMPINA,AVENIDA PRESIDENTE GETULIO VARGAS,144,-1.448949,-48.498195,SERVICOS DE CARIMBO E CYBER CAFE,2.0
DASAC,MARACANGALHA,AVENIDA  SUL,0,-1.399935,-48.480756,RESTAURANTE VEM QUEM QUER,1.0
DAENT,CASTANHEIRA,RUA  MARIANO,261,-1.411875,-48.431672,JOSE GILSON BAR,1.0
DASAC,PEDREIRA,AVENIDA  PEDRO MIRANDA,2688,-1.418126,-48.465575,BAR JUNIOR BAR,1.0
DASAC,MARACANGALHA,AVENIDA  SUL,0,-1.399968,-48.48223,BOTECO,1.0
DASAC,PEDREIRA,AVENIDA  PEDRO MIRANDA,2571,-1.418833,-48.466084,BAR E RESTAURANTE,1.0
DABEL,CIDADE VELHA,TRAVESSA  BOM JARDIM,0,-1.46197,-48.500967,RESTAURANTE,1.0
DAICO,PONTA GROSSA,TRAVESSA  DOS ANDRADAS,704,-1.308439,-48.478114,BAR DO MIRO,1.0
DABEL,NAZARE,TRAVESSA  QUINTINO BOCAIUVA,1358,-1.451385,-48.487094,BAR,1.0
DAGUA,GUAMA,PASSAGEM  JOAO DE DEUS,0,-1.473041,-48.461949,BAR DA LOURA,1.0
DASAC,PEDREIRA,AVENIDA  PEDRO MIRANDA,2806,-1.417182,-48.465159,RESTAURANTE DA LOIRA,1.0
DABEN,PARQUE VERDE,RODOVIA  AUGUSTO MONTENEGRO,40,-1.351957,-48.452877,BAR,1.0
DASAC,TELEGRAFO,PASSAGEM  REPUBLICANA,9,-1.426549,-48.489669,BAR,1.0
DAENT,CASTANHEIRA,AVENIDA  PEDRO ALVARES CABRAL,1875,-1.407087,-48.440175,MEGS RESTAURANTE,1.0
DAICO,PONTA GROSSA,PASSAGEM  MAURA,350,-1.311251,-48.483125,CAFE DA VOVO,1.0
DABEL,MARCO,AVENIDA VISCONDE DE INHAUMA,1016,-1.43119,-48.466305,MERCADINHO E DEPOSITO DE BEBIDAS,1.0
DAENT,SOUZA,ALAMEDA  OITO,3805,-1.416192,-48.449175,BAR DA PRACA,1.0
DABEN,CABANAGEM,RUA  DAMASCO,0,-1.369072,-48.43422,BAR BELEZA PURA,1.0
DAOUT,BRASILIA,RUA  MAGALHAES BARATA,0,-1.221044,-48.54963,BAR JACAREZINHO,1.0
DABEN,CABANAGEM,RUA  DAMASCO,100,-1.368994,-48.43413,BAR FORTALEZA,1.0
DASAC,PEDREIRA,RUA  ANTONIO EVERDOSA,0,-1.426121,-48.474409,RESTAURANTE MIL SABORES,1.0
DAENT,SOUZA,PRACA SAO CRISTOVAO,74,-1.423714,-48.449422,RESTAURANTE CHINNA,1.0
DAGUA,MONTESE (TERRA FIRME),PASSAGEM NOSSA SENHORA DAS GRACAS,552,-1.45675,-48.453511,DEPOSITO DE BEBIDAS,1.0
DAENT,SOUZA,PRACA SAO CRISTOVAO,76,-1.423622,-48.44929,ESCRITORIO E DEPOSITO RESTAURANTE CHINNA,1.0
DAICO,CRUZEIRO,RUA  QUINZE DE AGOSTO,475,-1.297711,-48.483723,RESTAURANTE DA LU,1.0
DAGUA,JURUNAS,AVENIDA ENGENHEIRO FERNANDO GUILHON,503,-1.472055,-48.491535,DEPOSITO DE BEBIDAS AC,1.0
DAGUA,JURUNAS,AVENIDA ENGENHEIRO FERNANDO GUILHON,497,-1.472156,-48.491574,BAR,1.0
DAMOS,MURUBIRA,RUA  VARIANTE,4,-1.127462,-48.44424,CAFE E BISTRO,1.0
DABEN,SAO CLEMENTE,PASSAGEM  LEAO,17,-1.36003,-48.467094,BAR,1.0
DAICO,AGULHA,PASSAGEM  FREDERICO HOSANA,43,-1.301856,-48.472746,BAR DA TIA DODO,1.0
DAMOS,FAROL,RUA  RODRIGUES PINAGE,415,-1.139344,-48.464341,BAR DIAMANTINA,1.0
DAICO,TENONE,PASSAGEM  ALACID NUNES,2,-1.326517,-48.448863,DEPOSITO DE BEBIDAS,1.0
DAMOS,BAIA DO SOL,RUA  DA PRAIA GRANDE,0,-1.062423,-48.34512,RESTAURANTE DO ANTONIO,1.0
DAENT,CASTANHEIRA,RUA  EUCLIDES DA CUNHA,110,-1.404582,-48.428588,BAR E LANCHONETE GROG,1.0
DAICO,CAMPINA DE ICOARACI,PASSAGEM  FURO DO MAGUARI,348,-1.294874,-48.47588,DEPOSITO BEBIDAS RF,1.0
DAICO,CRUZEIRO,RUA  QUINZE DE AGOSTO,0,-1.302483,-48.483447,CHURRASCO DO NEGAO,1.0
DAENT,CASTANHEIRA,PASSAGEM  JARDIM DAS OLIVEIRAS,2,-1.40863,-48.424914,BAR DA NELMA,1.0
DAGUA,CONDOR,RUA  NOVA SEGUNDA,1,-1.471847,-48.483612,MODELOS BAR E RESTAURANTE,1.0
DABEN,COQUEIRO,RODOVIA  MARIO COVAS,0,-1.363716,-48.425475,RESTAURANTE SABOR DE CASA,1.0
DAICO,TENONE,PASSAGEM SAO JOSE DE RIBAMAR,50,-1.324117,-48.440885,BAR DA SANDRA,1.0
DABEN,COQUEIRO,AVENIDA SAO PEDRO,19,-1.352199,-48.436793,RESTAURANTE MAE DE DEUS,1.0
DAMOS,MARACAJA,RUA  SIQUEIRA MENDES,932,-1.164959,-48.462983,BAR,1.0
DAGUA,GUAMA,RUA  VINTE E CINCO DE JUNHO,1012,-1.474664,-48.459912,BAR DO JORGE,1.0
DAGUA,GUAMA,RUA  PAES DE SOUSA,0,-1.462286,-48.471511,RESTAURANTE,1.0
DASAC,SACRAMENTA,PASSAGEM SAO SEBASTIAO,998,-1.413696,-48.473569,CESAR DEPOSITO DE BEBIDAS,1.0
DAGUA,CONDOR,RUA  DOS TAMBES,357,-1.472193,-48.480533,BAR DO JORGE,1.0
DAGUA,CONDOR,RUA  DOS TAMBES,403,-1.473166,-48.480987,BAR DO RUBENS,1.0
DAENT,AGUAS LINDAS,AVENIDA  CARLOS PRESTES,12,-1.404778,-48.391906,DEPOSITO DE BEBIDAS,1.0
DABEN,BENGUI,RUA  LAMEIRA BITTENCOURT,0,-1.376787,-48.450815,CYBER CAFE NET COMPANY,1.0
DAMOS,MARACAJA,RUA  SIQUEIRA MENDES,306,-1.165042,-48.463314,RESTAURANTE,1.0
DAMOS,MARACAJA,RUA  SIQUEIRA MENDES,1603,-1.164913,-48.462104,BAR,1.0
DABEN,TAPANA,ALAMEDA  SUCUPIRA,24,-1.357644,-48.465063,RESTAURANTE DA CARMEN,1.0
DABEL,MARCO,AVENIDA VISCONDE DE INHAUMA,1046,-1.430994,-48.466133,BAR RESTAURANTE E APOSTA ONLINE,1.0
DAGUA,JURUNAS,PASSAGEM DOUTOR GONCALVES,2,-1.473302,-48.487159,DEPOSITO DE BEBIDAS,1.0
DAENT,MARAMBAIA,RUA  DA MATA,1,-1.401457,-48.463884,RESTAURANTE 4 IRMAOS,1.0
DAICO,AGULHA,PASSAGEM  FREDERICO HOSANA,38,-1.30324,-48.475547,BAR DO MORREU,1.0
DAICO,MARACACUERA,PASSAGEM  DO L,7,-1.289009,-48.462943,BAR,1.0
DABEN,CABANAGEM,PASSAGEM  DA PAZ,20,-1.367924,-48.429713,BAR DO NEGAO,1.0
DABEN,BENGUI,PASSAGEM  FERREIRA FILHO,5,-1.374368,-48.459053,DEPOSITO DE BEBIDAD,1.0
DABEN,BENGUI,PASSAGEM  FERREIRA FILHO,6,-1.374377,-48.459106,DEPOSITO DE BEBIDAS,1.0
DAENT,MARAMBAIA,RUA  DA MATA,244,-1.40192,-48.451209,BAR,4.0
DABEN,PARQUE VERDE,PASSAGEM SAO FRANCISCO,58,-1.361375,-48.454927,BAR,1.0
DAENT,MARAMBAIA,PASSAGEM  CAJUI,166,-1.40168,-48.436197,RESTAURANTE,1.0
DAENT,MARAMBAIA,PASSAGEM  CAJUI,144,-1.401943,-48.436102,BAR DO LORO,1.0
DABEL,MARCO,TRAVESSA  VILETA,2461,-1.439069,-48.463594,BAR DO BRAGANCA,1.0
DAGUA,GUAMA,TRAVESSA  SEGUNDA DE QUELUZ,2583,-1.457634,-48.458393,BAR DA PRETA,1.0
DABEL,MARCO,TRAVESSA  VILETA,2483,-1.439235,-48.463508,RESTAURANTE TAKITA,1.0
DABEN,PARQUE VERDE,PASSAGEM SAO FRANCISCO,58,-1.360573,-48.456023,MERCEARIA E BAR SAO FRANCISCO,1.0
DAENT,MARAMBAIA,PASSAGEM  CAJUI,162,-1.401567,-48.436223,RESTAURANTE,1.0
DAENT,CURIO-UTINGA,AVENIDA  JOAO PAULO II,205,-1.430165,-48.449546,RESTAURANTE DA SOCORRO,1.0
DAGUA,CONDOR,TRAVESSA PADRE EUTIQUIO,0,-1.472931,-48.474308,CASA DE SHOW BOLERO,1.0
DABEL,MARCO,AVENIDA VISCONDE DE INHAUMA,1092,-1.430781,-48.46611,BAR,1.0
DAGUA,MONTESE (TERRA FIRME),RUA SAO DOMINGOS,700,-1.453751,-48.44879,CASA DE SHOW DO DINHO,4.0
DAGUA,MONTESE (TERRA FIRME),RUA SAO DOMINGOS,0,-1.453951,-48.449143,BAR,1.0
DAMOS,BONFIM,RUA  BEIRA RIO,0,-1.148905,-48.32428,RESTAURANTE RESORT D LIRA,1.0
DABEN,TAPANA,RUA  ALBERTO VILAR,76,-1.352757,-48.460081,BAR,1.0
DAGUA,MONTESE (TERRA FIRME),PASSAGEM  SEM DENOMINACAO,110,-1.456455,-48.449363,BAR E MERCADINHO,1.0
DAGUA,CREMACAO,TRAVESSA  NOVE DE JANEIRO,1947,-1.457113,-48.47549,RESTAURANTE TIA MARIA,1.0
DAGUA,CREMACAO,TRAVESSA  NOVE DE JANEIRO,2,-1.457513,-48.475413,RESTAURANTE ARTESANAL,1.0
DABEN,CABANAGEM,RUA  VAL DE CANS,99,-1.368875,-48.434237,BAR,1.0
DABEL,MARCO,AVENIDA  JOAO PAULO II,1899,-1.432768,-48.45266,BAR,1.0
DABEL,SAO BRAS,AVENIDA  CIPRIANO SANTOS,147,-1.449597,-48.464819,RESTAURANTE MIXTURA PARAENSE,1.0
DABEL,SAO BRAS,AVENIDA  CIPRIANO SANTOS,133,-1.449772,-48.464754,RESTAURANTE M YOSHINO,1.0
DAICO,PARQUE GUAJARA,TRAVESSA  UNIAO,0,-1.337134,-48.458634,CAFE E CIA,1.0
DABEL,UMARIZAL,TRAVESSA DOM PEDRO I,1053,-1.439441,-48.484527,SEU PAI BAR,1.0
DASAC,TELEGRAFO,PASSAGEM  BRASILIA,33,-1.425755,-48.483038,BAR,1.0
DABEL,SAO BRAS,AVENIDA  CIPRIANO SANTOS,163,-1.449573,-48.464596,RESTAURANTE,1.0
DAMOS,BAIA DO SOL,RUA  DA PRAIA GRANDE,9,-1.067271,-48.346533,BAR PRIMAS,1.0
DAGUA,CANUDOS,TRAVESSA  GUERRA PASSOS,441,-1.451907,-48.462368,RESTAURANTE,1.0
DAICO,PONTA GROSSA,TRAVESSA  DOS BERREDOS,50,-1.307052,-48.488578,BOTECO DO SAMBA,1.0
DAMOS,VILA,AVENIDA  DEZESSEIS DE NOVEMBRO,0,-1.156424,-48.467739,RESTAURANTE,1.0
DAGUA,JURUNAS,VILA  NOVA,11,-1.469493,-48.497188,BAR,1.0
DABEN,TAPANA,AVENIDA PADRE BRUNO SECHI,0,-1.356342,-48.458873,BOTECO AND CONVENIENCIA,1.0
DABEL,UMARIZAL,RUA  DIOGO MOIA,266,-1.44466,-48.486737,RESTAURANTE,1.0
DAICO,TENONE,RUA  NOVO TENONE,17,-1.315025,-48.43809,BAR GLACIAL,1.0
DAENT,CASTANHEIRA,RUA  JOSE ASSEGAWA,1212,-1.408247,-48.426468,VENDA DE CHURRASCO,1.0
DAOUT,SAO JOAO DO OUTEIRO,RUA  DAS MANGUEIRAS,8,-1.26089,-48.455903,BAR NOTA 10,1.0
DAOUT,SAO JOAO DO OUTEIRO,RUA  DAS MANGUEIRAS,115,-1.260349,-48.456479,RESTAURANTE,1.0
DAGUA,JURUNAS,RUA ENGENHEIRO FERNANDO GUILHON,703,-1.470676,-48.490397,LANCHONETE E BAR,1.0
DASAC,SACRAMENTA,PASSAGEM  VILA NOVA,532,-1.40955,-48.4687,DEPOSITO DE BEBIDAS,1.0
DAENT,CASTANHEIRA,FEIRA  SEM DENOMINACAO,0,-1.40858,-48.427563,BAR,1.0
DAENT,CASTANHEIRA,FEIRA  SEM DENOMINACAO,0,-1.408573,-48.427629,RESTAURANTE,1.0
DAENT,CASTANHEIRA,FEIRA  SEM DENOMINACAO,0,-1.408476,-48.427648,BOX RESTAURANTE,1.0
DAENT,CURIO-UTINGA,ESTRADA  DA CEASA,914,-1.433586,-48.44678,RESTAURANTE RAFAEL GRILL,1.0
DABEL,CAMPINA,PRACA  DA BANDEIRA,72,-1.454496,-48.499724,BAR SOLAR DA PRACA,1.0
DABEN,BENGUI,RUA  BENFICA,247,-1.375187,-48.449529,BAR DO EDILSON,1.0
DASAC,SACRAMENTA,PASSAGEM SAO PEDRO,459,-1.410108,-48.470501,PEIXARIA,1.0
DASAC,SACRAMENTA,PASSAGEM SAO PEDRO,429,-1.410345,-48.47053,BAR DA NOEMIA,1.0
DAGUA,JURUNAS,PASSAGEM  BEIRA MAR,53,-1.473494,-48.497983,RESTAURANTE,1.0
DABEL,MARCO,TRAVESSA  LOMAS VALENTINAS,1699,-1.430024,-48.460982,BAR E RESTAURANTE DIVAN BAR,1.0
DAGUA,MONTESE (TERRA FIRME),PASSAGEM SANTA HELENA,59,-1.454935,-48.453559,DEPOSITO DE BEBIDAS BORA BEBER,1.0
DASAC,MARACANGALHA,RUA  DEZESSETE,0,-1.400385,-48.48073,DEPOSITO DE BEBIDAS,1.0
DAICO,MARACACUERA,ESTRADA  VELHA DO OUTEIRO,3,-1.288241,-48.458057,BAR NELSON,2.0
DABEL,UMARIZAL,RUA  BERNAL DO COUTO,137,-1.443987,-48.488103,RESTAURANTE SEM DENOMINACAO,1.0
DABEL,UMARIZAL,RUA  BERNAL DO COUTO,77,-1.444507,-48.488252,CICI RESTAURANTE,1.0
DAICO,MARACACUERA,QUADRA  A,14,-1.288643,-48.458036,PONTO DE VEND DE CHURRASCO,1.0
DAOUT,SAO JOAO DO OUTEIRO,TRAVESSA  TITO FRANCO,53,-1.258577,-48.461121,BAR MELODI,1.0
DASAC,SACRAMENTA,RUA  NOVA,1318,-1.420361,-48.474295,RESTAURANTE DA SU,1.0
DASAC,MARACANGALHA,RUA  SEIS,263,-1.399304,-48.476862,BAR,1.0
DAMOS,BONFIM,RUA  NOVA JERUSALEM,0,-1.173691,-48.335468,BAR DEUS PROVERA,1.0
DASAC,TELEGRAFO,RUA PROFESSOR NELSON RIBEIRO,465,-1.428701,-48.490657,BAR,1.0
DABEN,PRATINHA,RUA  PAULO FONTELES,31,-1.362995,-48.468279,BAR,1.0
DAGUA,CANUDOS,TRAVESSA  SEGUNDA DE QUELUZ,134,-1.448607,-48.458986,RESTAURANTE DELIVERY,1.0
DABEN,TAPANA,RUA DOUTORA LEIA,113,-1.352844,-48.475417,BAR,1.0
DABEL,BATISTA CAMPOS,TRAVESSA  DOS TUPINAMBAS,1252,-1.467968,-48.485387,BAR DO CABORE,1.0
DABEL,MARCO,AVENIDA  JOAO PAULO II,1150,-1.4389,-48.45636,BAR E RESTAURANTE,1.0
DABEL,MARCO,AVENIDA  JOAO PAULO II,1126,-1.439088,-48.456423,BAR HOT CLUB,1.0
DABEN,PRATINHA,RUA  BACURI,82,-1.358996,-48.471608,BAR SEM DENOMINACAO,1.0
DAENT,VAL-DE-CANS,AVENIDA  TRANSAMAZONICA,100,-1.39897,-48.472022,VENDA DE CHURRASCO,1.0
DAICO,CRUZEIRO,RUA  SIQUEIRA MENDES,308,-1.30164,-48.489565,VENDA DE ACAI E RESTAURANTE,1.0
DASAC,PEDREIRA,PASSAGEM  DO ARAME,361,-1.421524,-48.462609,RESTAURANTE,1.0
DAENT,MANGUEIRAO,RUA  DEZ DE MAIO,90,-1.383931,-48.435705,CASA DE EVENTOS,1.0
DASAC,TELEGRAFO,RODOVIA  ARTHUR BERNARDES,618,-1.422487,-48.489503,RESTAURANTE,1.0
DASAC,SACRAMENTA,PASSAGEM  VILA NOVA,447,-1.409931,-48.468387,RESTAURANTE DA DEUSA,1.0
DABEL,BATISTA CAMPOS,RUA ARCIPRESTE MANOEL TEODORO,633,-1.458123,-48.493311,MERCEARIA E BAR,1.0
DAICO,CRUZEIRO,PRAIA  DA SAUDADE,0,-1.25712,-48.565165,BAR NOVO HORIZON,1.0
DAICO,CRUZEIRO,PRAIA  DA SAUDADE,0,-1.25649,-48.564607,BAR E RESTAURANTE DE OURO,1.0
DABEN,PARQUE VERDE,RODOVIA  AUGUSTO MONTENEGRO,300,-1.357875,-48.453167,BAR E DEPOSITO,2.0
DAGUA,GUAMA,RUA  DA OLARIA,714,-1.471957,-48.454971,BAR RESENHA PUB,1.0
DAGUA,GUAMA,RUA  DA OLARIA,717,-1.471588,-48.455112,DEPOSITO DE BEBIDAS CATATAU,1.0
DAENT,AGUAS LINDAS,RUA SAO PEDRO,10,-1.408636,-48.387653,BAR,1.0
DAICO,CRUZEIRO,PRAIA  DA SAUDADE,0,-1.254538,-48.563432,CHICOS BAR POINT DA SAUDADE,1.0
DAICO,CRUZEIRO,PRAIA  DA SAUDADE,0,-1.254753,-48.563477,BAR DOS AMIGOS,1.0
DASAC,BARREIRO,PASSAGEM SANTA MARIA,14,-1.411602,-48.482604,BAR,1.0
DAICO,CRUZEIRO,PRAIA  DA SAUDADE,0,-1.25513,-48.563652,BAR DO MAURO,1.0
DAICO,PARQUE GUAJARA,RODOVIA  AUGUSTO MONTENEGRO,4,-1.340335,-48.451187,RESTAURANTE LANANDA,1.0
DABEN,COQUEIRO,RODOVIA  AUGUSTO MONTENEGRO,2,-1.34028,-48.451115,BAR E RESTAURANTE DO VASCO,1.0
DAOUT,AGUA BOA,RUA  BEIRA RIO,0,-1.251895,-48.461102,BAR E RESTAURANTE SHOW BAR,1.0
DAOUT,AGUA BOA,RUA  BEIRA RIO,0,-1.251778,-48.461076,BRISAS BAR,1.0
DAOUT,SAO JOAO DO OUTEIRO,RUA  BEIRA RIO,0,-1.252034,-48.461338,BAR MAROLA BAR,1.0
DASAC,PEDREIRA,TRAVESSA  CURUZU,241,-1.435135,-48.477333,ARENA SOCIETY E BAR,1.0
DASAC,PEDREIRA,TRAVESSA  CURUZU,237,-1.435174,-48.47742,RESTAURANTE,1.0
DAOUT,SAO JOAO DO OUTEIRO,TRAVESSA  LAS PALMAS TRES,115,-1.262815,-48.459531,GG BAR,1.0
DABEL,MARCO,AVENIDA  ROMULO MAIORANA,452,-1.442721,-48.466412,BAR DO MINEIRO,1.0
DAENT,AGUAS LINDAS,RUA  SETE DE NOVEMBRO,6,-1.406984,-48.396875,BAR 5 IRMAOS,1.0
DAICO,AGULHA,TRAVESSA SANTA MARIA,54,-1.305099,-48.470225,DEPOSITO BEBIDAS,1.0
DAICO,AGULHA,TRAVESSA SANTA MARIA,54,-1.304962,-48.470256,DEPOSITO DE BEBIDAS,1.0
DASAC,BARREIRO,RODOVIA  ARTHUR BERNARDES,0,-1.417031,-48.492837,RESTAURANTE E LANCHONETE DA SONIA,1.0
DAICO,PARACURI,RUA  L QUATRO,40,-1.313695,-48.471336,BAR CONVENIENCIA JR,1.0
DAGUA,CONDOR,AVENIDA  ROBERTO CAMELIER,2213,-1.475249,-48.478814,RESTAURANTE,1.0
DAMOS,SAO FRANCISCO,ALAMEDA  SEM DENOMINACAO,28,-1.09884,-48.418895,BAR MOLHADO,1.0
DAOUT,AGUA BOA,ESTRADA  DO TUCUMAEIRA,2539,-1.256491,-48.44999,BAR,1.0
DAMOS,SAO FRANCISCO,ALAMEDA  SEM DENOMINACAO,113,-1.09867,-48.41905,BAR,1.0
DASAC,MARACANGALHA,PASSAGEM SANTA TERESINHA,84,-1.402484,-48.474897,RESTAURANTE E LANCHONETE NOSSO PONTO,1.0
DASAC,SACRAMENTA,PASSAGEM  VILA NOVA,441,-1.410106,-48.468427,RESTAURANTE,1.0
DASAC,SACRAMENTA,TRAVESSA  PEREBEBUI,261,-1.416961,-48.472553,DEPOSITO E BAR DE VENDA DE BEBIDAS,1.0
DASAC,TELEGRAFO,RODOVIA  ARTHUR BERNARDES,728,-1.421658,-48.489713,BAR DO CESAR,1.0
DAGUA,CANUDOS,TRAVESSA  GUERRA PASSOS,185,-1.449532,-48.462617,RESTAURANTE CASEIRO,1.0
DABEN,BENGUI,RUA  LAMEIRA BITTENCOURT,110,-1.376824,-48.455722,DEPOSITO DE BEBIDAS RF SOUSA,1.0
DABEN,TAPANA,RODOVIA  DO TAPANA,0,-1.330122,-48.47448,DEPOSITO BEBIDAS,1.0
DABEN,CABANAGEM,RUA  VAL DE CANS,89,-1.370795,-48.432964,BAR DA GALERA DE PRETO,1.0
DAGUA,MONTESE (TERRA FIRME),PASSAGEM NOSSA SENHORA DAS GRACAS,565,-1.456776,-48.452945,DEPOSITO DE BEBIDAS,1.0
DASAC,MARACANGALHA,RUA  ONZE,1,-1.397985,-48.478537,BAR,1.0
DAENT,CURIO-UTINGA,ESTRADA  DA CEASA,483,-1.432939,-48.444642,BAR,1.0
DAENT,CURIO-UTINGA,ESTRADA  DA CEASA,231,-1.433536,-48.446596,BAR,1.0
DABEL,MARCO,TRAVESSA  MAURITI,3657,-1.44012,-48.453976,BAR,1.0
DAENT,CURIO-UTINGA,ESTRADA  DA CEASA,410,-1.43313,-48.445055,BAR,1.0
DAICO,CRUZEIRO,AVENIDA DOUTOR LOPO DE CASTRO,830,-1.298153,-48.481939,DEPOSITO BEBIDAS,1.0
DABEN,TAPANA,TRAVESSA  HAROLDO VELOSO,5,-1.340562,-48.477163,CHURRASCO 1000 GRAU,1.0
DAICO,CRUZEIRO,AVENIDA DOUTOR LOPO DE CASTRO,846,-1.298149,-48.481861,BAR DO CANTO,1.0
DASAC,TELEGRAFO,PASSAGEM  UNIAO,79,-1.420408,-48.489292,VENDA DE CHURRASCO,1.0
DAGUA,JURUNAS,PASSAGEM  BEIRA MAR,1,-1.472904,-48.498595,RESTAURANTE JEOVA SAMA,1.0
DAICO,PARACURI,RUA  L QUATRO,44,-1.313654,-48.471113,BOTECO DO ALEMAO,1.0
DAGUA,JURUNAS,PASSAGEM  CONCEICAO BEIRA MAR,1360,-1.475951,-48.49435,DEPOSITO DE CERVEJA,1.0
DABEL,NAZARE,AVENIDA COMANDANTE BRAS DE AGUIAR,948,-1.454265,-48.483067,BITITA BRISTO E CAFE,1.0
DABEN,COQUEIRO,TRAVESSA  WE 5,424,-1.342888,-48.445145,ANDRADE DEPOSITO DE BEBIDAS,1.0
DAENT,CASTANHEIRA,FEIRA  SEM DENOMINACAO,1032,-1.408406,-48.427918,RESTAURANTE,1.0
DASAC,SACRAMENTA,PASSAGEM  VILA NOVA,416,-1.410191,-48.468238,BAR,1.0
DABEL,MARCO,AVENIDA  ROMULO MAIORANA,888,-1.43938,-48.464185,RESTAURANTE,1.0
DAGUA,JURUNAS,RUA  OSVALDO DE CALDAS BRITO,101,-1.471052,-48.500994,DEPOSITO DE BEBIDAS,1.0
DAGUA,JURUNAS,RUA  OSVALDO DE CALDAS BRITO,113,-1.470942,-48.50104,DEPOSITO DE BEBIDAS,1.0
DAICO,MARACACUERA,AVENIDA  A,25,-1.297487,-48.460182,BAR RECANTO VERDE,1.0
DAICO,PONTA GROSSA,RUA  DOIS DE DEZEMBRO,0,-1.30515,-48.477739,BAR DAS COLEGUINHAS,1.0
DAICO,PONTA GROSSA,RUA  DOIS DE DEZEMBRO,1888,-1.305788,-48.477426,BAR,1.0
DABEL,MARCO,TRAVESSA  MAURITI,3564,-1.439876,-48.454804,RESTAURANTE,1.0
DAICO,TENONE,PASSAGEM  ALACID NUNES,89,-1.326208,-48.445253,BAR,1.0
DAICO,TENONE,PASSAGEM  ALACID NUNES,0,-1.326057,-48.442333,BIG BUFFALO RESTAURANTE,1.0
DABEL,CAMPINA,AVENIDA  ASSIS DE VASCONCELOS,409,-1.449977,-48.4948,BAR E RESTAURANTE FRANGO DE OURO,1.0
DAOUT,SAO JOAO DO OUTEIRO,TRAVESSA  TITO FRANCO,0,-1.260044,-48.462558,BAR SKINA DA SAUDADE,1.0
DASAC,TELEGRAFO,PASSAGEM  LAVA PES,36,-1.42364,-48.482087,IMPERIO CHURRASCARIA,1.0
DAGUA,GUAMA,PASSAGEM  MONTE SINAI,0,-1.466123,-48.457862,DEPOSITO DE BEBIDA,1.0
DAGUA,GUAMA,PASSAGEM  MONTE SINAI,92,-1.465866,-48.457326,PEIXARIA,1.0
DAGUA,GUAMA,TRAVESSA  FRANCISCO MONTEIRO,222,-1.458713,-48.459481,BAR,1.0
DAGUA,GUAMA,TRAVESSA  FRANCISCO MONTEIRO,43,-1.459169,-48.459576,BAR E MERCEARIA,1.0
DABEN,PARQUE VERDE,RODOVIA  AUGUSTO MONTENEGRO,4,-1.359008,-48.452818,RESTAURANTE PALHETAS,1.0
DABEN,PARQUE VERDE,RODOVIA  AUGUSTO MONTENEGRO,0,-1.358857,-48.452689,BAR,4.0
DAGUA,GUAMA,PASSAGEM  MUCAJAS,100,-1.467501,-48.47304,DEPOSITO DE BEBIDAS,1.0
DABEL,CIDADE VELHA,TRAVESSA  GURUPA,61,-1.459874,-48.504928,RESTAURANTE,1.0
DABEL,CAMPINA,TRAVESSA PADRE EUTIQUIO,813,-1.456075,-48.496711,RESTAURANTE,1.0
DAGUA,CREMACAO,AVENIDA CONSELHEIRO FURTADO,1968,-1.456488,-48.480864,NAQUELE PRECO DEPOSITO DE BEBIDAS,1.0
DAGUA,CREMACAO,AVENIDA CONSELHEIRO FURTADO,1906,-1.456508,-48.481406,RESTAURANTE O REI DO ESPETO,1.0
DAGUA,CREMACAO,AVENIDA CONSELHEIRO FURTADO,1884,-1.456556,-48.481681,PEIXARIA ANZOL,1.0
DAGUA,JURUNAS,AVENIDA  BERNARDO SAYAO,1444,-1.475917,-48.493809,BAR,1.0
DAGUA,JURUNAS,AVENIDA  BERNARDO SAYAO,1444,-1.476557,-48.494324,BAR,1.0
DAGUA,JURUNAS,AVENIDA  BERNARDO SAYAO,1416,-1.475952,-48.494086,DEPOSITO DE CERVEJA,1.0
DAENT,CASTANHEIRA,FEIRA  SEM DENOMINACAO,0,-1.408508,-48.427634,BOX RESTAURANTE,1.0
DAGUA,JURUNAS,AVENIDA  BERNARDO SAYAO,1416,-1.475912,-48.49403,BAR,1.0
DAOUT,AGUA BOA,AVENIDA  DAS MANGUEIRAS,0,-1.26389,-48.452668,BAR SEM FUNCIONAMENTO,1.0
DASAC,SACRAMENTA,PASSAGEM SAO PEDRO,655,-1.408175,-48.470754,CHURRASCARIA,1.0
