id,nome,categoria,endereco_rua,numero,bairro,endereco_formatado,latitude,longitude,cuisine,site
185641290,Cabral,Casa de Show/Boate,,,,Endereço não disponível no OSM (Apenas Coordenadas),-23.5460761,-46.580143,Não especificada,
370206141,Tasca Mercado,Café,,,,Endereço não disponível no OSM (Apenas Coordenadas),-1.4541628,-48.4860811,Não especificada,
449386949,Vitória Pizzaria,Restaurante,,,,Endereço não disponível no OSM (Apenas Coordenadas),-1.2973402,-48.4838235,italian,
477853299,Starbucks,Café,Rua de Belém,110,,"Rua de Belém, 110",38.6975196,-9.2036756,coffee_shop,https://www.starbucks.pt/
491465042,Alemão Lanches,Restaurante,,,,Endereço não disponível no OSM (Apenas Coordenadas),-1.4512557,-48.4872807,Não especificada,
491631971,Associação dos Quarentões,Centro Comunitário,,,,Endereço não disponível no OSM (Apenas Coordenadas),-1.4611007,-48.449671,Não especificada,
505204835,Reduto,Restaurante,,,,Endereço não disponível no OSM (Apenas Coordenadas),-1.4435459,-48.4907331,Não especificada,
505204838,Bom do Trigo,Loja de Conveniência,,,,Endereço não disponível no OSM (Apenas Coordenadas),-1.4438681,-48.4879215,Não especificada,
505204839,Circus Hamburgueria,Restaurante,,,,Endereço não disponível no OSM (Apenas Coordenadas),-1.4501918,-48.4879558,burger,
505204841,Subway,Fast Food/Lanchonete,,,,Endereço não disponível no OSM (Apenas Coordenadas),-1.4428093,-48.4904758,sandwich,
505204842,Cia. Paulista de Pizza,Restaurante,,,,Endereço não disponível no OSM (Apenas Coordenadas),-1.4432503,-48.4900501,pizza,
505204843,Boêmio,Bar,,,,Endereço não disponível no OSM (Apenas Coordenadas),-1.4431645,-48.4901359,Não especificada,
505204844,Doca Espeto,Bar,,,,Endereço não disponível no OSM (Apenas Coordenadas),-1.4437371,-48.4905212,Não especificada,
505204863,Batistão Sucos,Fast Food/Lanchonete,,,,Endereço não disponível no OSM (Apenas Coordenadas),-1.4414826,-48.493557,Não especificada,
505204988,Milleo,Restaurante,,,,Endereço não disponível no OSM (Apenas Coordenadas),-1.4456013,-48.4879129,Não especificada,
507113543,Fuji Grill,Restaurante,,,,Endereço não disponível no OSM (Apenas Coordenadas),-1.4422239,-48.4878898,Não especificada,
507113547,Peixaria Amazonas,Restaurante,,,,Endereço não disponível no OSM (Apenas Coordenadas),-1.4405164,-48.4914175,seafood,
507113549,Athena,Loja de Conveniência,,,,Endereço não disponível no OSM (Apenas Coordenadas),-1.4464455,-48.4939409,Não especificada,
595010409,Spots,Café,,,,Endereço não disponível no OSM (Apenas Coordenadas),38.7067277,-9.2095152,Não especificada,
603948618,Lojas Americanas Nazaré,Loja de Conveniência,,,,Endereço não disponível no OSM (Apenas Coordenadas),-1.4520621,-48.4821945,Não especificada,
621053912,Panificadora Sagres,Café,Rua dos Caripunas,1717,Batista Campos,"Rua dos Caripunas, 1717 - Batista Campos",-1.462334,-48.4873482,Não especificada,
627001218,JC Refeições,Restaurante,,,,Endereço não disponível no OSM (Apenas Coordenadas),-1.4562119,-48.4896726,Não especificada,
627001226,Kahori Sushi,Restaurante,Avenida Serzedelo Corrêa,880,Batista Campos,"Avenida Serzedelo Corrêa, 880 - Batista Campos",-1.4604073,-48.4885365,Não especificada,
767884247,Bar do Parque,Pub/Bar,,,,Endereço não disponível no OSM (Apenas Coordenadas),-1.4531356,-48.4941019,Não especificada,
767884272,Sem Nome Registrado,Restaurante,,,,Endereço não disponível no OSM (Apenas Coordenadas),-1.4538735,-48.4948592,Não especificada,
770418971,Capone,Restaurante,,,,Endereço não disponível no OSM (Apenas Coordenadas),-1.4487206,-48.5003324,italian,
950508832,Sem Nome Registrado,Café,,,,Endereço não disponível no OSM (Apenas Coordenadas),38.7024372,-9.2062211,Não especificada,
950508984,Sem Nome Registrado,Café,,,,Endereço não disponível no OSM (Apenas Coordenadas),38.7077035,-9.2072189,Não especificada,
950509262,Sem Nome Registrado,Café,,,,Endereço não disponível no OSM (Apenas Coordenadas),38.7084151,-9.2122185,Não especificada,
950509615,Sem Nome Registrado,Café,,,,Endereço não disponível no OSM (Apenas Coordenadas),38.7116764,-9.2134153,Não especificada,
950509889,Gandhi Palace,Café,,,,Endereço não disponível no OSM (Apenas Coordenadas),38.7115758,-9.21327,indian,
954068009,Este-Oeste,Restaurante,Praça do Império,,,Praça do Império,38.6951273,-9.2074335,Não especificada,
1302863147,Café Império,Café,,,,Endereço não disponível no OSM (Apenas Coordenadas),38.6952351,-9.2152776,Não especificada,
1302870977,2good,Restaurante,Rua Duarte Pacheco Pereira,7A,,"Rua Duarte Pacheco Pereira, 7A",38.6979527,-9.219215,portuguese,
1302870987,Madalen AS,Café,Rua Duarte Pacheco Pereira,9B,,"Rua Duarte Pacheco Pereira, 9B",38.6983756,-9.218618,takeaway;portuguese,
1302870989,Café gelados Chile,Café,Rua Duarte Pacheco Pereira,7F,,"Rua Duarte Pacheco Pereira, 7F",38.6981305,-9.2189838,coffee_shop;ice_cream,
1302870990,Pastelaria Restelo (Careca),Café,Rua Duarte Pacheco Pereira,11B,,"Rua Duarte Pacheco Pereira, 11B",38.6985484,-9.2184023,cake;coffee_shop;portuguese,https://pastelariaocareca.pt/
1302870999,Vintequatro,Restaurante,Rua Duarte Pacheco Pereira,24A,,"Rua Duarte Pacheco Pereira, 24A",38.6976188,-9.2190655,italian,
1302881356,Vella Café,Café,,,,Endereço não disponível no OSM (Apenas Coordenadas),38.6931618,-9.2135462,Não especificada,
1302881364,Sem Nome Registrado,Café,,,,Endereço não disponível no OSM (Apenas Coordenadas),38.7113614,-9.2145077,Não especificada,
1302881375,Pingo Doce & Go,Loja de Conveniência,,,,Endereço não disponível no OSM (Apenas Coordenadas),38.7113488,-9.2143709,Não especificada,https://www.pingodoce.pt/lojas/pdgo-restelo/
1302888591,Sem Nome Registrado,Bar,,,,Endereço não disponível no OSM (Apenas Coordenadas),38.694212,-9.2174309,Não especificada,
1302888592,Sem Nome Registrado,Café,,,,Endereço não disponível no OSM (Apenas Coordenadas),38.6939185,-9.2179776,Não especificada,
1393201626,Território Lounge Bar,Bar,Travessa Benjamin Constant,1321,,"Travessa Benjamin Constant, 1321",-1.4534035,-48.4885232,Não especificada,
1393201896,Municipal Bar e Restaurante,Bar,Travessa Municipalidade,1643,,"Travessa Municipalidade, 1643",-1.4352706,-48.4886909,Não especificada,www.barmunicipal.com
1467720218,Sem Nome Registrado,Loja de Conveniência,,,,Endereço não disponível no OSM (Apenas Coordenadas),38.7147864,-9.2144559,Não especificada,
1468348685,Restaurante O Furão,Restaurante,,,,Endereço não disponível no OSM (Apenas Coordenadas),38.7153094,-9.2146637,Não especificada,
1468348686,Restaurante Casa da Amendoeira,Restaurante,,,,Endereço não disponível no OSM (Apenas Coordenadas),38.7160788,-9.2151076,Não especificada,
1468348688,Sem Nome Registrado,Café,,,,Endereço não disponível no OSM (Apenas Coordenadas),38.7152566,-9.2149737,Não especificada,
1468348692,Café Coffee Day,Café,,,,Endereço não disponível no OSM (Apenas Coordenadas),38.7152874,-9.2139516,Não especificada,
1513403812,O Frade,Restaurante,,,,Endereço não disponível no OSM (Apenas Coordenadas),38.6978772,-9.199268,Não especificada,
1513471696,O Prado,Restaurante,Rua da Junqueira,472,,"Rua da Junqueira, 472",38.6975221,-9.1983219,portuguese,oprado.pt
1513471725,Solar do Embaixador,Restaurante,,,,Endereço não disponível no OSM (Apenas Coordenadas),38.6978821,-9.1991346,Não especificada,
1513483126,Floresta de Belém,Restaurante,,,,Endereço não disponível no OSM (Apenas Coordenadas),38.6969463,-9.2018334,regional,
1513483139,"Manteigaria ""Fábrica de Pastéis de Nata""",Café,Rua de Belém,7,,"Rua de Belém, 7",38.6971728,-9.2021881,Não especificada,
1513483152,Queijadas de Belem,Café,Rua de Belém,1,,"Rua de Belém, 1",38.6970982,-9.201824,Não especificada,
1513486157,BemBelem,Restaurante,,,,Endereço não disponível no OSM (Apenas Coordenadas),38.6969812,-9.2030577,Não especificada,
1513486161,McDonald's,Fast Food/Lanchonete,Travessa da Praça,2-14,,"Travessa da Praça, 2-14",38.6969937,-9.2032831,burger,https://www.mcdonalds.pt/restaurantes/belem/
1513486164,Cais de Belém,Restaurante,,,,Endereço não disponível no OSM (Apenas Coordenadas),38.6969791,-9.2029505,Não especificada,
1513486166,Dina,Restaurante,,,,Endereço não disponível no OSM (Apenas Coordenadas),38.6969768,-9.2030974,Não especificada,
1513491510,Jardins de Belém,Restaurante,,,,Endereço não disponível no OSM (Apenas Coordenadas),38.6969476,-9.2024892,Não especificada,
1513491516,Adega de Belém,Restaurante,Rua de Belém,42,,"Rua de Belém, 42",38.6974047,-9.2025475,portuguese,
1514445079,Pão Pão Queijo Queijo,Restaurante,Rua de Belém,126,,"Rua de Belém, 126",38.6975445,-9.2038683,Não especificada,
1514746862,Chique de Belem II,Café,,,,Endereço não disponível no OSM (Apenas Coordenadas),38.6975878,-9.1947481,Não especificada,
1600399977,Mensagem,Café,,,,Endereço não disponível no OSM (Apenas Coordenadas),38.6931832,-9.2107106,Não especificada,
1600400072,Feitoria Restaurante & Wine Bar,Bar,,,,Endereço não disponível no OSM (Apenas Coordenadas),38.6930572,-9.2107097,Não especificada,
1719291892,Casual Lounge Caffe,Café,Rua Bartolomeu Dias,148 B,,"Rua Bartolomeu Dias, 148 B",38.6951616,-9.2137276,coffee;cocktail;wine,https://www.casuallounge.com/
1846915409,Sem Nome Registrado,Café,,,,Endereço não disponível no OSM (Apenas Coordenadas),38.695694,-9.2126281,Não especificada,
1914105342,Cachaca BAR,Pub/Bar,,,,Endereço não disponível no OSM (Apenas Coordenadas),-1.4577073,-48.4871647,Não especificada,
1914108567,BAR COM MARCO,Bar,,,,Endereço não disponível no OSM (Apenas Coordenadas),-1.447765,-48.480356,Não especificada,
1962025505,Descobre,Restaurante,Rua Bartolomeu Dias,65,,"Rua Bartolomeu Dias, 65",38.6950509,-9.2127147,international,https://www.descobre.com.pt/
2473018001,Hamburgueria do Bairro,Restaurante,Rua Duarte Pacheco Pereira,7B,,"Rua Duarte Pacheco Pereira, 7B",38.6979789,-9.2191761,burger,https://www.hamburgueriadobairro.pt/
2473034291,Jorge,Loja de Conveniência,,,,Endereço não disponível no OSM (Apenas Coordenadas),38.6998139,-9.2248204,Não especificada,
2473034384,Sem Nome Registrado,Loja de Conveniência,,,,Endereço não disponível no OSM (Apenas Coordenadas),38.6997876,-9.2250773,Não especificada,
2473034392,Tasco do Tio Candinha,Pub/Bar,,,,Endereço não disponível no OSM (Apenas Coordenadas),38.6998761,-9.2248681,portuguese,
2473034398,Vasco da Gama,Café,,,,Endereço não disponível no OSM (Apenas Coordenadas),38.69976,-9.2245797,Não especificada,
2483762168,Nosolo Italia Belém,Restaurante,,,,Endereço não disponível no OSM (Apenas Coordenadas),38.6943523,-9.206488,Não especificada,
2503332172,Darwin's Café,Restaurante,,,,Endereço não disponível no OSM (Apenas Coordenadas),38.6929899,-9.2209085,international,https://www.darwincafe.com/
2613633000,Sem Nome Registrado,Restaurante,Rua Jequitinhonha,193,,"Rua Jequitinhonha, 193",-23.5305373,-46.6002778,Não especificada,
2625142600,Eskritorio,Restaurante,Rua Fernandes Vieira,135,,"Rua Fernandes Vieira, 135",-23.540221,-46.5903787,Não especificada,
2632563620,McDonald's,Fast Food/Lanchonete,,,,Endereço não disponível no OSM (Apenas Coordenadas),-1.4524643,-48.4802895,burger,
2653211399,Açaí Biruta,Bar,,,,Endereço não disponível no OSM (Apenas Coordenadas),-1.4576311,-48.5058809,Não especificada,
2688630868,Park in Restelo,Restaurante,Parque dos Moinhos de Santana,,,Parque dos Moinhos de Santana,38.7087863,-9.2068349,Não especificada,
2795594682,Meu Garoto,Pub/Bar,,,,Endereço não disponível no OSM (Apenas Coordenadas),-1.4441102,-48.4892382,Não especificada,
2795594683,Los Piratas Algodoal Bar,Bar,,,,Endereço não disponível no OSM (Apenas Coordenadas),-1.4601537,-48.505669,Não especificada,
2795594684,Element Club,Bar,,,,Endereço não disponível no OSM (Apenas Coordenadas),-1.4454602,-48.495997,Não especificada,
2882310533,Fogão Gaucho,Restaurante,Rua Ferreira de Oliveira,159,,"Rua Ferreira de Oliveira, 159",-23.5242943,-46.6036357,regional,
2933364510,Sem Nome Registrado,Bar,Rua Catumbi,634,,"Rua Catumbi, 634",-23.532792,-46.6011952,Não especificada,
2933411428,Sem Nome Registrado,Bar,Rua Catumbi,500,,"Rua Catumbi, 500",-23.533837,-46.6007251,Não especificada,
2933411433,Sem Nome Registrado,Bar,Rua Catumbi,446,,"Rua Catumbi, 446",-23.5343042,-46.6004999,Não especificada,
2933411452,Sem Nome Registrado,Restaurante,Rua Catumbi,212,,"Rua Catumbi, 212",-23.5362689,-46.5996458,regional,
2933411457,Sem Nome Registrado,Bar,Rua Catumbi,188,,"Rua Catumbi, 188",-23.5364622,-46.5995613,Não especificada,
2933446894,Sem Nome Registrado,Bar,Rua Catumbi,176,,"Rua Catumbi, 176",-23.5366441,-46.5994698,Não especificada,
2933449202,Sem Nome Registrado,Bar,Rua Catumbi,142,,"Rua Catumbi, 142",-23.5368765,-46.5993645,Não especificada,
2933449215,Sem Nome Registrado,Bar,Rua Catumbi,72,,"Rua Catumbi, 72",-23.5374427,-46.5991093,Não especificada,
2933449225,Sem Nome Registrado,Bar,Rua Catumbi,22,,"Rua Catumbi, 22",-23.5378908,-46.5989082,Não especificada,
3157300013,Enoteca De Belém,Restaurante,Travessa Marta Pinto,10,,"Travessa Marta Pinto, 10",38.6976284,-9.2024813,portuguese;wine bar,
3256355414,Amazon Beer,Pub/Bar,,"Galpão 1, Estação das Docas",,Endereço não disponível no OSM (Apenas Coordenadas),-1.4494188,-48.500812,Não especificada,
3427991590,Sem Nome Registrado,Restaurante,,,,Endereço não disponível no OSM (Apenas Coordenadas),-1.4766997,-48.454405,Não especificada,
3437545874,Loja Petrosul,Loja de Conveniência,Rua Paulo Andrighetti,1484,,"Rua Paulo Andrighetti, 1484",-23.5240961,-46.6065882,Não especificada,
3447324586,Sem Nome Registrado,Fast Food/Lanchonete,Rua 21 de Abril,935,,"Rua 21 de Abril, 935",-23.5421747,-46.6062125,Não especificada,
3447498690,Sem Nome Registrado,Pub/Bar,Rua Paulo Andrighetti,452,,"Rua Paulo Andrighetti, 452",-23.5265066,-46.6061071,Não especificada,
3451020830,Lanchonete Classe Imperial,Fast Food/Lanchonete,Rua Marcos Arruda,240,,"Rua Marcos Arruda, 240",-23.5361573,-46.6023226,Não especificada,
3475336531,Sprionter Lanchonete,Fast Food/Lanchonete,Rua Bresser,553,,"Rua Bresser, 553",-23.53552,-46.6102894,Não especificada,
3475336534,Sem Nome Registrado,Pub/Bar,Rua Bresser,363,,"Rua Bresser, 363",-23.534348,-46.6116486,Não especificada,
3479723332,Sem Nome Registrado,Pub/Bar,Rua Cachoeira,402,,"Rua Cachoeira, 402",-23.5345371,-46.6026904,Não especificada,
3500114673,Pizzaria Nova São Paulo,Restaurante,Rua Engenheiro Andrade Junior,254,,"Rua Engenheiro Andrade Junior, 254",-23.5378451,-46.5840364,pizza,
3505736418,Sem Nome Registrado,Pub/Bar,Avenida Celso Garcia,1130,,"Avenida Celso Garcia, 1130",-23.5383497,-46.6014356,Não especificada,
3505736419,Sem Nome Registrado,Pub/Bar,Avenida Celso Garcia,866,,"Avenida Celso Garcia, 866",-23.5387233,-46.6040144,Não especificada,
3505736423,Lanchonete e Padaria do Ben,Fast Food/Lanchonete,Avenida Celso Garcia,840,,"Avenida Celso Garcia, 840",-23.5387886,-46.6042269,Não especificada,
3512795190,Sem Nome Registrado,Pub/Bar,Rua Joaquim Carlos,211,,"Rua Joaquim Carlos, 211",-23.5344389,-46.6047572,Não especificada,
3514967898,Sem Nome Registrado,Pub/Bar,Rua José Monteiro,341,,"Rua José Monteiro, 341",-23.5420302,-46.606079,Não especificada,
3514967900,Uni Restaurante,Restaurante,Rua José Monteiro,89,,"Rua José Monteiro, 89",-23.5398832,-46.6063967,regional,
3531384147,Sem Nome Registrado,Pub/Bar,Rua Behring,272,,"Rua Behring, 272",-23.536428,-46.6049809,Não especificada,
3531384151,Sem Nome Registrado,Pub/Bar,Rua Julio César da Silva,172,,"Rua Julio César da Silva, 172",-23.5373067,-46.6052545,Não especificada,
3582226497,Manjar das Garças,Restaurante,Passagem Carneiro da Rocha,,Cidade Velha,Passagem Carneiro da Rocha - Cidade Velha,-1.4647215,-48.505937,Não especificada,
3592514414,Nune’s Real Marisqueira,Restaurante,Rua Bartolomeu Dias,172 E - F,,"Rua Bartolomeu Dias, 172 E - F",38.69511,-9.2145416,regional;seafood,
3601734671,Churrascaria Tucuruvi,Restaurante,Travessa Benjamin Constant,,Batista Campos,Travessa Benjamin Constant - Batista Campos,-1.4581073,-48.4875068,gaucho;barbecue,
3601734673,Domino's,Fast Food/Lanchonete,,,,Endereço não disponível no OSM (Apenas Coordenadas),-1.4542961,-48.4860355,pizza,
3601734674,The Burger Spot,Restaurante,,,,Endereço não disponível no OSM (Apenas Coordenadas),-1.4540242,-48.4860962,burger,
3601734676,La Pizzeria n'Amazônia,Restaurante,,,,Endereço não disponível no OSM (Apenas Coordenadas),-1.4557817,-48.5044744,pizza;italian,
3601734677,Panificadora Suprema,Café,,,,Endereço não disponível no OSM (Apenas Coordenadas),-1.452553,-48.4728704,Não especificada,
3601734678,PizzaH!,Restaurante,,,,Endereço não disponível no OSM (Apenas Coordenadas),-1.4554213,-48.4855143,pizza,
3601734679,Páprika,Restaurante,Rua Padre Champagnat,302,,"Rua Padre Champagnat, 302",-1.4559692,-48.5055536,italian,
3601734681,Spoleto,Fast Food/Lanchonete,,,,Endereço não disponível no OSM (Apenas Coordenadas),-1.4542405,-48.4860526,italian,
3601734684,Sem Nome Registrado,Depósito de Bebidas,Avenida Comandante Brás de Aguiar,,Nazaré,Avenida Comandante Brás de Aguiar - Nazaré,-1.454507,-48.4867364,Não especificada,
3603480173,Lanchonete Alento,Restaurante,Rua Gonçalves Dias,241,,"Rua Gonçalves Dias, 241",-23.5362596,-46.6032775,regional;burger;sandwich,
3603529530,Sem Nome Registrado,Pub/Bar,Rua Cachoeira,363,,"Rua Cachoeira, 363",-23.534675,-46.6024244,Não especificada,
3608200634,Bar do Gio,Pub/Bar,,,,Endereço não disponível no OSM (Apenas Coordenadas),-1.4541719,-48.4841068,Não especificada,
3608200635,Café com Arte,Bar,,,,Endereço não disponível no OSM (Apenas Coordenadas),-1.4542416,-48.4870891,Não especificada,
3608200637,Divino Sabor,Restaurante,,,,Endereço não disponível no OSM (Apenas Coordenadas),-1.4539743,-48.4861076,brazilian,
3608200638,Habib's,Fast Food/Lanchonete,,,,Endereço não disponível no OSM (Apenas Coordenadas),-1.4531858,-48.4826042,middle_eastern,
3608200640,Panificadora Camões,Café,Avenida Comandante Brás de Aguiar,,Nazaré,Avenida Comandante Brás de Aguiar - Nazaré,-1.4545347,-48.4870083,Não especificada,
3608200641,Spazio Verdi,Restaurante,,,,Endereço não disponível no OSM (Apenas Coordenadas),-1.4544907,-48.484165,brazilian,
3608431324,Beto Grill,Restaurante,Travessa Doutor Moraes,581,,"Travessa Doutor Moraes, 581",-1.4579762,-48.4880105,Não especificada,
3608431326,Café da Fox,Café,,,,Endereço não disponível no OSM (Apenas Coordenadas),-1.4576119,-48.4889091,Não especificada,
3608431334,Giraffas,Fast Food/Lanchonete,,,,Endereço não disponível no OSM (Apenas Coordenadas),-1.4527401,-48.4953912,burger,
3608431336,La Traviata,Restaurante,,,,Endereço não disponível no OSM (Apenas Coordenadas),-1.4502719,-48.486149,italian,
3608431337,Midori Sushi,Restaurante,,,,Endereço não disponível no OSM (Apenas Coordenadas),-1.4498656,-48.491242,sushi,
3608431338,Miyagi Sushi Bar,Restaurante,,,,Endereço não disponível no OSM (Apenas Coordenadas),-1.45586,-48.4857532,sushi,
3608431343,Privilège Restô,Restaurante,,,,Endereço não disponível no OSM (Apenas Coordenadas),-1.4589448,-48.4891147,Não especificada,
3608431346,Sansei Temakeria,Restaurante,,,Batista Campos,Endereço não disponível no OSM (Apenas Coordenadas),-1.4613677,-48.488317,sushi,
3608431368,Bar Buchacho,Pub/Bar,,,,Endereço não disponível no OSM (Apenas Coordenadas),-1.457245,-48.4885009,Não especificada,
3608431370,Tapioquinha de Mosqueiro,Café,,,Batista Campos,Endereço não disponível no OSM (Apenas Coordenadas),-1.4615134,-48.4884439,brazilian;paraense,
3645422448,Espetaria,Restaurante,,,,Endereço não disponível no OSM (Apenas Coordenadas),-1.4482647,-48.4853112,barbecue,
3645422449,La Lucha,Restaurante,,,,Endereço não disponível no OSM (Apenas Coordenadas),-1.4558686,-48.4918061,burger,
3645422450,Roxy Bar,Restaurante,,,,Endereço não disponível no OSM (Apenas Coordenadas),-1.4411559,-48.4896968,brazilian,
3670227774,Subway,Fast Food/Lanchonete,Travessa Barão do Triunfo,,,Travessa Barão do Triunfo,-1.4321484,-48.4630965,burger,
3670227778,Frangão da Duque,Restaurante,Avenida João Paulo II,,Marco,Avenida João Paulo II - Marco,-1.444865,-48.4606502,chicken,
3670258754,Rota 66,Pub/Bar,Travessa Angustura,,Marco,Travessa Angustura - Marco,-1.4348624,-48.4570242,Não especificada,
3670258765,Centra,Loja de Conveniência,Travessa Chaco,,Marco,Travessa Chaco - Marco,-1.4454857,-48.4592916,Não especificada,
3670828708,Sem Nome Registrado,Pub/Bar,Rua Bresser,667,,"Rua Bresser, 667",-23.5362353,-46.6094786,Não especificada,
3673957209,Sem Nome Registrado,Pub/Bar,Rua Siqueira Bueno,839,,"Rua Siqueira Bueno, 839",-23.546026,-46.5920024,Não especificada,
3725491913,Pizza Vitoria,Fast Food/Lanchonete,Rua Siqueira Bueno,1127,,"Rua Siqueira Bueno, 1127",-23.5480167,-46.5901652,pizza,
3823594179,Sem Nome Registrado,Loja de Conveniência,Rua Cachoeira,,,Rua Cachoeira,-23.5346441,-46.6036879,Não especificada,
3885182698,Associação Perimetral,Centro Comunitário,,,,Endereço não disponível no OSM (Apenas Coordenadas),-1.4680442,-48.4489933,Não especificada,
3886521202,"Centro Social e Comunitário ""Fortaleza Belo Horizonte""",Centro Comunitário,,,,Endereço não disponível no OSM (Apenas Coordenadas),-1.4632098,-48.4495883,Não especificada,
3886521204,Associação Unidos na Luta,Centro Comunitário,Rua Universal,,Terra Firme,Rua Universal - Terra Firme,-1.4616939,-48.4505261,Não especificada,
3897929818,Nacional,Café,,,,Endereço não disponível no OSM (Apenas Coordenadas),38.6919435,-9.2139781,Não especificada,
3910652437,Sem Nome Registrado,Pub/Bar,Rua José Monteiro,229,,"Rua José Monteiro, 229",-23.5411371,-46.6062416,Não especificada,
3940801064,Sem Nome Registrado,Pub/Bar,Avenida Celso Garcia,2500,,"Avenida Celso Garcia, 2500",-23.5365137,-46.5881312,Não especificada,
3940801072,Sem Nome Registrado,Pub/Bar,Avenida Celso Garcia,1063,,"Avenida Celso Garcia, 1063",-23.5382056,-46.6021215,Não especificada,
3940801073,Sem Nome Registrado,Pub/Bar,Avenida Celso Garcia,1150,,"Avenida Celso Garcia, 1150",-23.538347,-46.6012521,Não especificada,
3940801074,Sem Nome Registrado,Pub/Bar,Avenida Celso Garcia,2064,,"Avenida Celso Garcia, 2064",-23.5371311,-46.5923677,Não especificada,
3944598678,Centro Comunitário Bom Jesus,Centro Comunitário,,,,Endereço não disponível no OSM (Apenas Coordenadas),-1.4503542,-48.4485462,Não especificada,
3944598692,Centro Comunitário Cipriano Santos,Centro Comunitário,,,,Endereço não disponível no OSM (Apenas Coordenadas),-1.4483058,-48.4529209,Não especificada,
3944598695,Centro Social e Comunitário 2 de Junho,Centro Comunitário,,,,Endereço não disponível no OSM (Apenas Coordenadas),-1.4533093,-48.453209,Não especificada,
3944912685,Sem Nome Registrado,Pub/Bar,Avenida Celso Garcia,1395,,"Avenida Celso Garcia, 1395",-23.5379982,-46.5988471,Não especificada,
3944912689,Sem Nome Registrado,Pub/Bar,Avenida Celso Garcia,2724,,"Avenida Celso Garcia, 2724",-23.5360362,-46.5859045,Não especificada,
3944952091,Conselho Comunitário de Segurança Pública,Centro Comunitário,,,,Endereço não disponível no OSM (Apenas Coordenadas),-1.4535398,-48.4529752,Não especificada,
3944952098,Associação dos Amigos da Terra Firme,Centro Comunitário,,,,Endereço não disponível no OSM (Apenas Coordenadas),-1.4598818,-48.4502732,Não especificada,
3944952103,Associação de Moradores Gabriel Pimenta,Centro Comunitário,,,,Endereço não disponível no OSM (Apenas Coordenadas),-1.460986,-48.452007,Não especificada,
3946633244,"Centro Comunitário ""Nova Terra Firme""",Centro Comunitário,,,,Endereço não disponível no OSM (Apenas Coordenadas),-1.464758,-48.4532667,Não especificada,
3948869517,Centro comunitário Parque Amazônia,Centro Comunitário,,,,Endereço não disponível no OSM (Apenas Coordenadas),-1.4642255,-48.4505378,Não especificada,
3969278846,Sem Nome Registrado,Fast Food/Lanchonete,Rua Passos,134,,"Rua Passos, 134",-23.5384093,-46.5936788,Não especificada,
4026645270,"Filhos e Amigos de Cururupu ""Tambor de Criola""",Centro Comunitário,,,,Endereço não disponível no OSM (Apenas Coordenadas),-1.4573853,-48.4571658,Não especificada,
4026645273,Centro Comunitário Universal,Centro Comunitário,,,,Endereço não disponível no OSM (Apenas Coordenadas),-1.4629107,-48.4483259,Não especificada,
4026645276,"Associação dos Moradores ""Santo Agostinho""",Centro Comunitário,,,,Endereço não disponível no OSM (Apenas Coordenadas),-1.4510589,-48.4559128,Não especificada,
4063571525,Sem Nome Registrado,Pub/Bar,Rua Catumbi,871,,"Rua Catumbi, 871",-23.5308133,-46.6022557,Não especificada,
4063571526,Sem Nome Registrado,Pub/Bar,Rua Catumbi,495,,"Rua Catumbi, 495",-23.5339416,-46.600858,Não especificada,
4063571529,Sem Nome Registrado,Pub/Bar,Rua Catumbi,339,,"Rua Catumbi, 339",-23.5352539,-46.600288,Não especificada,
4078604110,Balneário Belezinha,Restaurante,,,,Endereço não disponível no OSM (Apenas Coordenadas),-1.1475427,-48.356993,Não especificada,
4081421595,Uatá?!,Fast Food/Lanchonete,Travessa Padre Eutíquio,1773,Batista Campos,"Travessa Padre Eutíquio, 1773 - Batista Campos",-1.4611759,-48.4896737,burger,
4088557910,Sem Nome Registrado,Fast Food/Lanchonete,,,,Endereço não disponível no OSM (Apenas Coordenadas),-1.4736327,-48.4515342,Não especificada,
4091048495,Gilson's Lanches,Fast Food/Lanchonete,Avenida Engenheiro Fernando Guilhon,1425,Batista Campos,"Avenida Engenheiro Fernando Guilhon, 1425 - Batista Campos",-1.4654181,-48.4862823,Não especificada,
4161794849,Sem Nome Registrado,Café,,,,Endereço não disponível no OSM (Apenas Coordenadas),38.6986235,-9.2258887,Não especificada,
4161794850,Honorato Sushi,Restaurante,,,,Endereço não disponível no OSM (Apenas Coordenadas),38.6980549,-9.2246577,Não especificada,
4207617289,Domino's,Fast Food/Lanchonete,,,,Endereço não disponível no OSM (Apenas Coordenadas),38.6999608,-9.2266445,pizza,
4226590369,Céu na Boca,Restaurante,,,,Endereço não disponível no OSM (Apenas Coordenadas),38.6949778,-9.2134616,Não especificada,
4226590370,O Recanto,Restaurante,Rua da Praia do Bom-Sucesso,24,,"Rua da Praia do Bom-Sucesso, 24",38.6947665,-9.2130346,Não especificada,
4226590371,Restaurante O Navegador,Restaurante,,,,Endereço não disponível no OSM (Apenas Coordenadas),38.6947688,-9.2140787,portuguese,
4235051744,Lá no Ernani,Restaurante,,,,Endereço não disponível no OSM (Apenas Coordenadas),-1.4618194,-48.5008726,Não especificada,
4235051753,Cantinho Paraense,Fast Food/Lanchonete,Rua de Óbidos,,,Rua de Óbidos,-1.462465,-48.5018157,regional,
4235051754,Menezes Grill,Restaurante,Rua de Óbidos,,,Rua de Óbidos,-1.4622781,-48.5017999,Não especificada,
4235051756,Esther Lanches,Fast Food/Lanchonete,Travessa Monte Alegre,,,Travessa Monte Alegre,-1.4621588,-48.501633,Não especificada,
4249914675,Restaurante Mimi,Restaurante,,,,Endereço não disponível no OSM (Apenas Coordenadas),-1.4145268,-48.4769318,Não especificada,
4285930677,Bocainas Restaurante,Restaurante,Rua Serra da Bocaina,482,,"Rua Serra da Bocaina, 482",-23.5462109,-46.5865498,Não especificada,
4306903245,Oficina do Lanche,Fast Food/Lanchonete,,,,Endereço não disponível no OSM (Apenas Coordenadas),-1.4636835,-48.4967994,Não especificada,
4314712590,Sem Nome Registrado,Loja de Conveniência,,,,Endereço não disponível no OSM (Apenas Coordenadas),38.6975479,-9.1946366,Não especificada,
4316630085,Casa do Caldo,Restaurante,,,,Endereço não disponível no OSM (Apenas Coordenadas),-1.4391941,-48.4845431,soup,
4317295391,Cafetaria Snack Bar Ice,Restaurante,,,,Endereço não disponível no OSM (Apenas Coordenadas),38.6980136,-9.1954001,Não especificada,
4358685090,Sem Nome Registrado,Bar,,,,Endereço não disponível no OSM (Apenas Coordenadas),-1.4349433,-48.476385,Não especificada,
4378265802,Espaço Chic,Espaço de Eventos,Travessa Padre Eutíquio,2112,Batista Campos,"Travessa Padre Eutíquio, 2112 - Batista Campos",-1.4635163,-48.4869772,Não especificada,
4384364993,Honorato,Fast Food/Lanchonete,Rua de Belém,116 118,,"Rua de Belém, 116 118",38.6975247,-9.2037638,burger,
4392510390,Wineguest,Depósito de Bebidas,,,,Endereço não disponível no OSM (Apenas Coordenadas),38.697685,-9.2039386,Não especificada,
4392536362,Esquina do Pastel,Fast Food/Lanchonete,,,,Endereço não disponível no OSM (Apenas Coordenadas),-1.4567411,-48.4954805,pastel,
4392536365,Sauva Cultural,Pub/Bar,Avenida Nazaré,457,Nazaré,"Avenida Nazaré, 457 - Nazaré",-1.4526653,-48.4885231,Não especificada,
4392536370,Meu Estilo Centro de Danças,Salão de Dança/Forró,Avenida Nazaré,435,Nazaré,"Avenida Nazaré, 435 - Nazaré",-1.4526975,-48.4887001,Não especificada,
4392536372,Porto Seguro,Restaurante,,,,Endereço não disponível no OSM (Apenas Coordenadas),-1.4553825,-48.4937101,Não especificada,
4392536373,Restaurante da Tia Ray,Restaurante,,,,Endereço não disponível no OSM (Apenas Coordenadas),-1.4570822,-48.4976989,Não especificada,
4409556428,Tangerina,Loja de Conveniência,,,,Endereço não disponível no OSM (Apenas Coordenadas),38.6948289,-9.2040467,Não especificada,
4455189945,Restaurante da Néia,Restaurante,,,,Endereço não disponível no OSM (Apenas Coordenadas),-1.4745413,-48.4563356,Não especificada,
4470320314,O Bolo da Marta,Café,Rua Bartolomeu Dias,94,,"Rua Bartolomeu Dias, 94",38.6955153,-9.2118377,cake;deli,
4524214944,Roxy Bar,Restaurante,,,,Endereço não disponível no OSM (Apenas Coordenadas),-1.3892248,-48.4643314,Não especificada,
4569775658,Casa do Bacalhau,Restaurante,,,,Endereço não disponível no OSM (Apenas Coordenadas),-1.4435702,-48.4849362,Não especificada,
4569775659,Sushi Belem,Restaurante,,,,Endereço não disponível no OSM (Apenas Coordenadas),-1.4439184,-48.4857232,Não especificada,
4569825675,Kings Pub,Restaurante,,,,Endereço não disponível no OSM (Apenas Coordenadas),-1.44415,-48.4858318,Não especificada,
4591424351,Churrascaria do Luis,Restaurante,,,,Endereço não disponível no OSM (Apenas Coordenadas),-1.3771248,-48.4372858,regional,
4600114512,Giraffas,Fast Food/Lanchonete,Avenida Celso Garcia,661A,Brás,"Avenida Celso Garcia, 661A - Brás",-23.538746,-46.6057937,Não especificada,
4620592131,Sem Nome Registrado,Pub/Bar,Rua João Boemer,305,,"Rua João Boemer, 305",-23.5363518,-46.6075493,Não especificada,
4620592144,Sem Nome Registrado,Fast Food/Lanchonete,Rua João Boemer,279A,,"Rua João Boemer, 279A",-23.5365489,-46.6074889,Não especificada,
4620816673,Sem Nome Registrado,Pub/Bar,Rua Behring,104,,"Rua Behring, 104",-23.5360884,-46.606468,Não especificada,
4634528911,Sem Nome Registrado,Fast Food/Lanchonete,Rua João Boemer,766,,"Rua João Boemer, 766",-23.5333491,-46.6106305,Não especificada,
4634528928,Sem Nome Registrado,Pub/Bar,Rua João Boemer,674,,"Rua João Boemer, 674",-23.5339322,-46.6099516,Não especificada,
4644276557,Sem Nome Registrado,Pub/Bar,Rua Sousa Caldas,291,,"Rua Sousa Caldas, 291",-23.5323624,-46.6098696,Não especificada,
4672600993,Buteco Bora Bora,Pub/Bar,Rua Firmiano Pinto,37,,"Rua Firmiano Pinto, 37",-23.5390447,-46.6049995,Não especificada,
4706036494,Sem Nome Registrado,Fast Food/Lanchonete,,,,Endereço não disponível no OSM (Apenas Coordenadas),-1.3308846,-48.4492561,Não especificada,
4706036496,Churrascaria maguary,Restaurante,,,,Endereço não disponível no OSM (Apenas Coordenadas),-1.3307046,-48.449294,Não especificada,
4725908490,Restaurante e Cafeteria Skina do Templo,Restaurante,Rua João Boemer,119,,"Rua João Boemer, 119",-23.5379573,-46.6070518,regional,
4727907855,POEMA,Restaurante,,,,Endereço não disponível no OSM (Apenas Coordenadas),-1.4727954,-48.4473943,Não especificada,
4737380022,Kanazawa,Restaurante,Rua Damião de Góis,3 A,,"Rua Damião de Góis, 3 A",38.6980231,-9.2257399,japanese;fine_dining;sushi,https://kanazawa.pt/
4737380023,Sushi at Home,Restaurante,Rua Damião de Góis,3,,"Rua Damião de Góis, 3",38.6981265,-9.22565,japanese;sushi,https://sushiathome.pt/
4755305622,"Belém 2a8  ""Bistrô""",Restaurante,Rua de Belém,2-8,,"Rua de Belém, 2-8",38.6974199,-9.2018903,portuguese,
4785201223,Fabricios Lanches,Restaurante,,,,Endereço não disponível no OSM (Apenas Coordenadas),-1.3978005,-48.4747527,Não especificada,
4785236522,Restaurante Albatroz,Restaurante,,,,Endereço não disponível no OSM (Apenas Coordenadas),-1.4536274,-48.4910448,Não especificada,
4785240621,Churrascaria Albatroz,Restaurante,,,,Endereço não disponível no OSM (Apenas Coordenadas),-1.4536583,-48.49102,Não especificada,
4786908122,Remanso do Bosque,Restaurante,,,,Endereço não disponível no OSM (Apenas Coordenadas),-1.4276147,-48.4567329,Não especificada,
4816527922,Piccolo Bar,Pub/Bar,Avenida Visconde Souza Franco,1313,,"Avenida Visconde Souza Franco, 1313",-1.448913,-48.4865966,Não especificada,
4833425223,Purão Vegano,Restaurante,Travessa Padre Prudêncio,166,,"Travessa Padre Prudêncio, 166",-1.4518955,-48.4984116,Não especificada,http://www.restaurantegovinda.com.br
4840883789,Sem Nome Registrado,Fast Food/Lanchonete,,,,Endereço não disponível no OSM (Apenas Coordenadas),-1.4567297,-48.4344036,Não especificada,
4840883798,Sem Nome Registrado,Fast Food/Lanchonete,,,,Endereço não disponível no OSM (Apenas Coordenadas),-1.4580018,-48.4325541,Não especificada,
4840883800,Sem Nome Registrado,Fast Food/Lanchonete,,,,Endereço não disponível no OSM (Apenas Coordenadas),-1.4594702,-48.4360507,Não especificada,
4840883801,Sem Nome Registrado,Fast Food/Lanchonete,,,,Endereço não disponível no OSM (Apenas Coordenadas),-1.4539702,-48.438136,Não especificada,
4840883802,Sem Nome Registrado,Fast Food/Lanchonete,,,,Endereço não disponível no OSM (Apenas Coordenadas),-1.4547627,-48.4391382,Não especificada,
4883729525,Sem Nome Registrado,Pub/Bar,Rua Doutor Silva Leme,243,,"Rua Doutor Silva Leme, 243",-23.5404094,-46.6017078,Não especificada,
4883777840,Pizzaria D Candido,Fast Food/Lanchonete,Rua 21 de Abril,1449,,"Rua 21 de Abril, 1449",-23.5405279,-46.6016374,Não especificada,
4905044031,Restaurante Avenida,Restaurante,,,,Endereço não disponível no OSM (Apenas Coordenadas),-1.4523424,-48.48313,Não especificada,
4957074123,Mr Tapas,Bar,,,,Endereço não disponível no OSM (Apenas Coordenadas),38.6929375,-9.209391,tapas,
4960372833,Cairu,Fast Food/Lanchonete,,,,Endereço não disponível no OSM (Apenas Coordenadas),-1.4492357,-48.4806979,ice_cream,
4960509825,Tomaz,Restaurante,,,,Endereço não disponível no OSM (Apenas Coordenadas),-1.4470922,-48.4879174,regional,
4964212328,Iacitatá,Restaurante,,,,Endereço não disponível no OSM (Apenas Coordenadas),-1.4558667,-48.5055847,regional,
4968742521,Bistrô Belém,Restaurante,,,,Endereço não disponível no OSM (Apenas Coordenadas),-1.4569767,-48.4933495,Não especificada,
4969120027,Duquesa Doces & Salgados,Café,,,,Endereço não disponível no OSM (Apenas Coordenadas),-1.4298188,-48.4615917,Não especificada,
5102117921,Cozinha de Bistrô,Restaurante,Rua Ferreira Cantão,278,,"Rua Ferreira Cantão, 278",-1.4551503,-48.494423,brazilian,
5247948118,Cantina de Ambiental,Restaurante,,,,Endereço não disponível no OSM (Apenas Coordenadas),-1.4580821,-48.4366368,Não especificada,
5256387575,Sem Nome Registrado,Pub/Bar,,,,Endereço não disponível no OSM (Apenas Coordenadas),-1.4587481,-48.4704813,Não especificada,
5264775750,Sem Nome Registrado,Restaurante,,,,Endereço não disponível no OSM (Apenas Coordenadas),-1.477785,-48.4580984,Não especificada,
5265023222,bar da esquina,Bar,,,,Endereço não disponível no OSM (Apenas Coordenadas),-1.4480866,-48.4657136,Não especificada,
5300254306,Bentô,Restaurante,Avenida Duque de Caxias,1208,Marco,"Avenida Duque de Caxias, 1208 - Marco",-1.4292374,-48.4611878,sushi,
5300258339,Big Mengão Lanches,Fast Food/Lanchonete,Avenida Duque de Caxias,1250,Marco,"Avenida Duque de Caxias, 1250 - Marco",-1.4286234,-48.4607477,burger,
5308598924,Sem Nome Registrado,Loja de Conveniência,Avenida Independência,,,Avenida Independência,-1.3594162,-48.4281971,Não especificada,
5327330722,Bar do Bigode,Depósito de Bebidas,,,,Endereço não disponível no OSM (Apenas Coordenadas),-1.4397395,-48.4520792,Não especificada,
5358740258,Tega,Café,,,,Endereço não disponível no OSM (Apenas Coordenadas),38.710373,-9.2103283,Não especificada,
5371177857,Topo Belém,Restaurante,,,,Endereço não disponível no OSM (Apenas Coordenadas),38.6952353,-9.2077213,regional,
5425145648,Restaurante Universitário,Restaurante,,,,Endereço não disponível no OSM (Apenas Coordenadas),-1.4320693,-48.4878995,traditional,
5459364301,Picanha na pedra,Restaurante,avenida conselheiro Furtado,,,avenida conselheiro Furtado,-1.4556657,-48.4619469,Não especificada,
5491084790,Sem Nome Registrado,Loja de Conveniência,,,,Endereço não disponível no OSM (Apenas Coordenadas),-23.5238786,-46.6047617,Não especificada,
5548051711,Churrascaria Novo Horizonte,Restaurante,Rua Santa Rita,438,,"Rua Santa Rita, 438",-23.530787,-46.6096129,Não especificada,
5548051715,Pizzaria Famiglia Panezi,Fast Food/Lanchonete,Rua Santa Rita,426,,"Rua Santa Rita, 426",-23.5308707,-46.6096973,Não especificada,
5548051936,Café Fox,Café,Rua Rio Bonito,662,,"Rua Rio Bonito, 662",-23.531687,-46.6103848,coffee_shop,
5548051942,Restajurante Fox,Restaurante,Rua Rio Bonito,634,,"Rua Rio Bonito, 634",-23.5318473,-46.6102011,regional,
5550987325,Lanchonete e Restaurante Serenata,Restaurante,Rua Paulo Andrighetti,387,,"Rua Paulo Andrighetti, 387",-23.5270471,-46.6057614,burger;regional,
5638713021,conj. Tapajós,Pub/Bar,,,,Endereço não disponível no OSM (Apenas Coordenadas),-1.3430575,-48.4519635,Não especificada,
5646055732,Comidas Tipicas Dos Anjos,Restaurante,Rua Tiradentes,,,Rua Tiradentes,-1.4508489,-48.494226,brazilian,
5646464721,Tio Armênio,Restaurante,,,,Endereço não disponível no OSM (Apenas Coordenadas),-1.448446,-48.5001057,Não especificada,
5646464722,Bêra,Restaurante,,,,Endereço não disponível no OSM (Apenas Coordenadas),-1.4485843,-48.5002436,Não especificada,
5650276839,Nortebeer,Depósito de Bebidas,Avenida Comandante Brás de Aguiar,492 lj09,Nazaré,"Avenida Comandante Brás de Aguiar, 492 lj09 - Nazaré",-1.4547513,-48.4872786,Não especificada,
5662355515,Peraltas,Espaço de Eventos,Travessa Dom Romualdo Coelho,520,Umarizal,"Travessa Dom Romualdo Coelho, 520 - Umarizal",-1.4401718,-48.4881961,Não especificada,
5662356459,Mia Cucina,Restaurante,Travessa Dom Romualdo Coelho,609,Umarizal,"Travessa Dom Romualdo Coelho, 609 - Umarizal",-1.4401758,-48.4876737,Não especificada,
5662356466,Dom Romualdo Restô e Grill,Restaurante,Travessa Dom Romualdo de Seixas,767,Umarizal,"Travessa Dom Romualdo de Seixas, 767 - Umarizal",-1.4397736,-48.4862266,Não especificada,
5662356470,Bella Città,Espaço de Eventos,Rua Cônego Jerônimo Pimentel,501,Umarizal,"Rua Cônego Jerônimo Pimentel, 501 - Umarizal",-1.4403642,-48.4870876,Não especificada,
5662356471,Chocolate com Pimenta,Fast Food/Lanchonete,,,,Endereço não disponível no OSM (Apenas Coordenadas),-1.4404473,-48.487146,Não especificada,
5662356486,Via Paulista,Restaurante,Travessa Dom Romualdo de Seixas,720,Umarizal,"Travessa Dom Romualdo de Seixas, 720 - Umarizal",-1.4397555,-48.4868067,Não especificada,
5691537784,Esquina Orion,Fast Food/Lanchonete,Rua Joaquim Carlos,10,,"Rua Joaquim Carlos, 10",-23.536226,-46.6048278,Não especificada,
5743626284,BANANACAFE,Café,,,,Endereço não disponível no OSM (Apenas Coordenadas),38.6978821,-9.2043908,Não especificada,
5815190676,Mercado Sublime,Loja de Conveniência,Rua Paulo Andrighetti,169,,"Rua Paulo Andrighetti, 169",-23.5284697,-46.6042464,Não especificada,
5816593254,churrascaria boi d’ouro,Restaurante,,,,Endereço não disponível no OSM (Apenas Coordenadas),-1.4577635,-48.4973468,Não especificada,
5904950285,Tacacá do Renato,Restaurante,,,,Endereço não disponível no OSM (Apenas Coordenadas),-1.4600274,-48.488616,Não especificada,
5951443385,Le comptoir Parisien,Restaurante,,,,Endereço não disponível no OSM (Apenas Coordenadas),38.696931,-9.2025832,Não especificada,
5980471074,Bella Mooca,Restaurante,Rua Doutor João Batista Lacerda,96,,"Rua Doutor João Batista Lacerda, 96",-23.5480525,-46.5836227,pizza,
5990269247,Garotinha da Bresser,Fast Food/Lanchonete,Rua Coimbra,263,,"Rua Coimbra, 263",-23.5406504,-46.6075322,regional,
6151793086,Chalé da Ilha,Restaurante,,,,Endereço não disponível no OSM (Apenas Coordenadas),-1.5092381,-48.465357,Não especificada,
6214544881,Cafetaria Navy Museum,Café,Praça do Império,,,Praça do Império,38.6969988,-9.2088836,Não especificada,https://www.facebook.com/cafetariamuseumarinha
6219676788,Bar La Galera,Bar,,,,Endereço não disponível no OSM (Apenas Coordenadas),-1.4621382,-48.5048164,Não especificada,
6219695885,Rei do Bacalhau,Restaurante,,,,Endereço não disponível no OSM (Apenas Coordenadas),-1.4500424,-48.4976441,Não especificada,
6221994986,Street Food,Fast Food/Lanchonete,,,,Endereço não disponível no OSM (Apenas Coordenadas),-1.4173426,-48.4692264,Não especificada,
6260706444,Sem Nome Registrado,Restaurante,Rua Manuel Ramos Paiva,466,,"Rua Manuel Ramos Paiva, 466",-23.5296372,-46.6001293,Não especificada,
6266649178,Frangaria Sal e Vinho,Restaurante,Avenida Roberto Camelier,899,,"Avenida Roberto Camelier, 899",-1.4677481,-48.4881458,Não especificada,
6267814285,Rei do Bacalhau,Fast Food/Lanchonete,,,,Endereço não disponível no OSM (Apenas Coordenadas),-1.4500087,-48.4977892,fish;cake;friture,
6345377685,Rei do Bacalhau,Restaurante,,,,Endereço não disponível no OSM (Apenas Coordenadas),-1.4501084,-48.4977626,Não especificada,
6439692755,Sem Nome Registrado,Café,,,,Endereço não disponível no OSM (Apenas Coordenadas),38.6984603,-9.1921702,Não especificada,
6530122826,Vinho & Ponto Belém,Loja de Vinhos,Travessa Almirante Wandenkolk,423,,"Travessa Almirante Wandenkolk, 423",-1.4434792,-48.4869441,Não especificada,https://www.vinhoeponto.com.br/
6530408776,PLENITUDE,Café,,,,Endereço não disponível no OSM (Apenas Coordenadas),-1.4421761,-48.4842297,Não especificada,
6575469489,Cintra arte café,Café,,,,Endereço não disponível no OSM (Apenas Coordenadas),-1.459019,-48.5023512,Não especificada,
6606552076,Roberto's,Restaurante,Rua Cajurú,939,,"Rua Cajurú, 939",-23.5406911,-46.5954046,pizza,
6610263522,Pastelaria Japonesa,Fast Food/Lanchonete,Rua Belém,310,,"Rua Belém, 310",-23.5398064,-46.5960242,pastelaria;sandwich;coffee,
6620483055,Sem Nome Registrado,Pub/Bar,,,,Endereço não disponível no OSM (Apenas Coordenadas),-1.4457956,-48.4500393,Não especificada,
6723428673,Cantinho Villa Restelo,Café,Rua Sam Levy,1,,"Rua Sam Levy, 1",38.7140546,-9.2153732,Não especificada,
6724005175,Sem Nome Registrado,Café,Rua Sam Levy,1,,"Rua Sam Levy, 1",38.7131502,-9.2153014,Não especificada,
6724866582,Sem Nome Registrado,Café,,,,Endereço não disponível no OSM (Apenas Coordenadas),38.7152574,-9.2150707,Não especificada,
6781733461,Sem Nome Registrado,Fast Food/Lanchonete,,,,Endereço não disponível no OSM (Apenas Coordenadas),-1.4301502,-48.4566211,Não especificada,
6838753856,Tabernacúlo Casa do Oleiro,place_of_worship,Passagem Ligação,,Terra Firme,Passagem Ligação - Terra Firme,-1.4621395,-48.4510603,Não especificada,
6848539521,Este Oeste,Restaurante,Praça do Império,,,Praça do Império,38.6950562,-9.2085595,sushi;pizza;italian;japanese,http://www.esteoeste.pt/
6868017620,Associação de Bairro,Centro Comunitário,Rua Rosso Danin,,TERRA FIRME,Rua Rosso Danin - TERRA FIRME,-1.4497274,-48.4500812,Não especificada,
6868017621,Alcoólicos Anonimos,Centro Comunitário,Rua Rosso Danin,,TERRA FIRME,Rua Rosso Danin - TERRA FIRME,-1.4497274,-48.4501414,Não especificada,
6868017623,Associação Amigos da 24,Centro Comunitário,Rua 24 de Dezembro,,TERRA FIRME,Rua 24 de Dezembro - TERRA FIRME,-1.4536795,-48.4515559,Não especificada,
6868017624,Associação Comunitária,Centro Comunitário,Passagem Santa Helena,,TERRA FIRME,Passagem Santa Helena - TERRA FIRME,-1.4519439,-48.450918,Não especificada,
6868017625,Associação Comunitária,Centro Comunitário,Passagem Vila Maria,,TERRA FIRME,Passagem Vila Maria - TERRA FIRME,-1.4528944,-48.4544701,Não especificada,
6868017626,Associação social Dominadores Darck,Centro Comunitário,Rua Ipiranga,,TERRA FIRME,Rua Ipiranga - TERRA FIRME,-1.4526558,-48.4530619,Não especificada,
6868017627,Sem Nome Registrado,Centro Comunitário,Passagem 2 de Junho,,TERRA FIRME,Passagem 2 de Junho - TERRA FIRME,-1.4561224,-48.4502441,Não especificada,
6868060550,Associação Atlética Beneficente,Centro Comunitário,Passagem Vitoria,,Terra Firme,Passagem Vitoria - Terra Firme,-1.4561999,-48.4474773,Não especificada,
6868060551,Projeto físico Terra Firme,Centro Comunitário,,,,Endereço não disponível no OSM (Apenas Coordenadas),-1.4555689,-48.4473598,Não especificada,
6868060552,Alcoolicos Anonimos,Centro Comunitário,Rua Nova,,Terra Firme,Rua Nova - Terra Firme,-1.4548545,-48.4470975,Não especificada,
6910698465,Sem Salada Burguer,Fast Food/Lanchonete,,,,Endereço não disponível no OSM (Apenas Coordenadas),-1.4347889,-48.4857559,burger,
6935171422,Bar da Teka,Bar,,,,Endereço não disponível no OSM (Apenas Coordenadas),-1.4660738,-48.4481725,Não especificada,
6935171434,Sem Nome Registrado,Pub/Bar,,,,Endereço não disponível no OSM (Apenas Coordenadas),-1.4648621,-48.452347,Não especificada,
6935171438,Sem Nome Registrado,Fast Food/Lanchonete,,,,Endereço não disponível no OSM (Apenas Coordenadas),-1.4642461,-48.4527361,Não especificada,
6935171439,Doces e Salgados,Fast Food/Lanchonete,,,,Endereço não disponível no OSM (Apenas Coordenadas),-1.4644162,-48.4513062,Não especificada,
6935171440,Sem Nome Registrado,Fast Food/Lanchonete,,,,Endereço não disponível no OSM (Apenas Coordenadas),-1.4642002,-48.4512972,Não especificada,
6935171441,Sem Nome Registrado,Pub/Bar,,,,Endereço não disponível no OSM (Apenas Coordenadas),-1.4643892,-48.4522066,Não especificada,
6949194075,Peixaria do Enoc,Restaurante,Rua do Olaria,,Guamá,Rua do Olaria - Guamá,-1.4713531,-48.4549286,Não especificada,
6955769956,Sem Nome Registrado,Pub/Bar,,,,Endereço não disponível no OSM (Apenas Coordenadas),-1.4651145,-48.4499972,Não especificada,
6955769970,Sem Nome Registrado,Fast Food/Lanchonete,,,,Endereço não disponível no OSM (Apenas Coordenadas),-1.4646317,-48.4495464,Não especificada,
6955769980,Sem Nome Registrado,Fast Food/Lanchonete,,,,Endereço não disponível no OSM (Apenas Coordenadas),-1.4641425,-48.4491037,Não especificada,
6970024825,Sem Nome Registrado,Pub/Bar,,,,Endereço não disponível no OSM (Apenas Coordenadas),-1.4636419,-48.4526561,Não especificada,
6970024827,Sem Nome Registrado,Pub/Bar,,,,Endereço não disponível no OSM (Apenas Coordenadas),-1.4638324,-48.4529229,Não especificada,
6970024828,Sem Nome Registrado,Pub/Bar,,,,Endereço não disponível no OSM (Apenas Coordenadas),-1.4632017,-48.4546546,Não especificada,
6990658450,Açai e Variedades,Loja de Conveniência,,,,Endereço não disponível no OSM (Apenas Coordenadas),-1.4625495,-48.4482544,Não especificada,
6990658452,Venda de Açai,Loja de Conveniência,,,,Endereço não disponível no OSM (Apenas Coordenadas),-1.4620957,-48.4490854,Não especificada,
6990658453,Sem Nome Registrado,Loja de Conveniência,,,,Endereço não disponível no OSM (Apenas Coordenadas),-1.4619969,-48.4492085,Não especificada,
6990658454,Venda de açaí,Loja de Conveniência,,,,Endereço não disponível no OSM (Apenas Coordenadas),-1.4618891,-48.4494637,Não especificada,
6990658455,Sem Nome Registrado,Loja de Conveniência,,,,Endereço não disponível no OSM (Apenas Coordenadas),-1.4610967,-48.4506604,Não especificada,
6990658456,Açaí e Variedades,Loja de Conveniência,,,,Endereço não disponível no OSM (Apenas Coordenadas),-1.4612276,-48.4506188,Não especificada,
6990658457,Mercearia da Dulce,Loja de Conveniência,,,,Endereço não disponível no OSM (Apenas Coordenadas),-1.4637566,-48.4467713,Não especificada,
6990658458,Sem Nome Registrado,Restaurante,,,,Endereço não disponível no OSM (Apenas Coordenadas),-1.4637035,-48.4467447,pizza,
6990658459,Venda de Açaí,Loja de Conveniência,,,,Endereço não disponível no OSM (Apenas Coordenadas),-1.4634576,-48.4473075,Não especificada,
6990658461,Sem Nome Registrado,Fast Food/Lanchonete,,,,Endereço não disponível no OSM (Apenas Coordenadas),-1.4636469,-48.4467129,Não especificada,
6990658462,Sem Nome Registrado,Loja de Conveniência,,,,Endereço não disponível no OSM (Apenas Coordenadas),-1.463663,-48.447002,Não especificada,
6990658466,Sem Nome Registrado,Pub/Bar,,,,Endereço não disponível no OSM (Apenas Coordenadas),-1.4631432,-48.4479113,Não especificada,
6990658467,Sem Nome Registrado,Loja de Conveniência,,,,Endereço não disponível no OSM (Apenas Coordenadas),-1.4630929,-48.4480118,Não especificada,
6990658469,Sem Nome Registrado,Loja de Conveniência,,,,Endereço não disponível no OSM (Apenas Coordenadas),-1.4626345,-48.4490501,Não especificada,
6990658472,Sem Nome Registrado,Loja de Conveniência,,,,Endereço não disponível no OSM (Apenas Coordenadas),-1.462613,-48.4488704,Não especificada,
6990658475,Sem Nome Registrado,Pub/Bar,,,,Endereço não disponível no OSM (Apenas Coordenadas),-1.4625648,-48.4491507,Não especificada,
6990658476,Mercearia,Loja de Conveniência,,,,Endereço não disponível no OSM (Apenas Coordenadas),-1.4624699,-48.4489153,Não especificada,
6990658482,Depósito de bebidas,Depósito de Bebidas,Rua Universal,,Terra Firme,Rua Universal - Terra Firme,-1.4619735,-48.4501941,Não especificada,
7052583161,Sem Nome Registrado,Loja de Conveniência,Avenida Alcântara Machado,3500,,"Avenida Alcântara Machado, 3500",-23.5446174,-46.5923342,Não especificada,
7052593954,Sem Nome Registrado,Restaurante,Avenida Alcântara Machado,3532,,"Avenida Alcântara Machado, 3532",-23.5443986,-46.5918736,Não especificada,
7052832001,Sem Nome Registrado,Loja de Conveniência,Rua Toledo Barbosa,176,,"Rua Toledo Barbosa, 176",-23.5421148,-46.5893268,Não especificada,
7063405159,Nau Catrineta,Bar,,,,Endereço não disponível no OSM (Apenas Coordenadas),38.6961523,-9.1921451,Não especificada,
7115253425,Bar do Catatau,Bar,Rua do Olaria,,Guamá,Rua do Olaria - Guamá,-1.4716231,-48.4552967,Não especificada,
7115259753,Bar do Max,Bar,Rua do Olaria,,Guamá,Rua do Olaria - Guamá,-1.4713194,-48.455003,Não especificada,
7115274078,Bar do papão.,Bar,Rua do Olaria com a Qd 13,,Guamá,Rua do Olaria com a Qd 13 - Guamá,-1.4715963,-48.4550533,Não especificada,
7115383450,Quentinha da Mundica.,Restaurante,Rua do Olaria,,Guamá,Rua do Olaria - Guamá,-1.4709666,-48.4548261,Não especificada,
7115387187,Churrasquinho da Francisca,Restaurante,Rua do Olaria,,Guamá,Rua do Olaria - Guamá,-1.4712227,-48.4549615,Não especificada,
7115419726,Churrasquinho do seu Raimundo,Restaurante,Rua Apocalipse,,Guamá,Rua Apocalipse - Guamá,-1.4698934,-48.454637,Não especificada,
7115425100,padaria e lanchonete.,Fast Food/Lanchonete,Rua do Olaria,,Guamá,Rua do Olaria - Guamá,-1.4701374,-48.4546175,sandwich,
7115432111,Venda de Açai do seu Florencio,Restaurante,Rua do Olaria,,Guamá,Rua do Olaria - Guamá,-1.4702031,-48.4546779,Não especificada,
7115448526,Venda de Açaí do Pedro,Restaurante,,,,Endereço não disponível no OSM (Apenas Coordenadas),-1.4700864,-48.4546162,Não especificada,
7115450743,venda de Açaí.,Restaurante,Rua do Olaria,,Guamá,Rua do Olaria - Guamá,-1.4691305,-48.4547932,Não especificada,
7115456210,Padaria do Evar,Fast Food/Lanchonete,Rua do Olaria,,Guamá,Rua do Olaria - Guamá,-1.4690259,-48.4548549,Não especificada,
7115470735,Bar do Adir,Bar,Rua do Olaria,,Guamá,Rua do Olaria - Guamá,-1.4721155,-48.4554128,Não especificada,
7115493755,Venda açai do tio Pedro.,Restaurante,Rua do Olaria,,Guamá,Rua do Olaria - Guamá,-1.4713353,-48.4550212,Não especificada,
7115501175,peixaria Enoc,Restaurante,,,,Endereço não disponível no OSM (Apenas Coordenadas),-1.471523,-48.4549997,Não especificada,
7149958785,Meu Garoto,Bar,Avenida Senador Lemos,641,Umarizal,"Avenida Senador Lemos, 641 - Umarizal",-1.4377077,-48.4878671,Não especificada,
7154932385,Boteco do Arsenal,Bar,,,,Endereço não disponível no OSM (Apenas Coordenadas),-1.4629062,-48.503517,Não especificada,
7194072548,Salão de Recpções,Salão de Dança/Forró,,,,Endereço não disponível no OSM (Apenas Coordenadas),-1.4637342,-48.4488091,Não especificada,
7194072550,Sem Nome Registrado,Fast Food/Lanchonete,,,,Endereço não disponível no OSM (Apenas Coordenadas),-1.4632831,-48.4493539,Não especificada,
7194072555,Sem Nome Registrado,Pub/Bar,,,,Endereço não disponível no OSM (Apenas Coordenadas),-1.4630677,-48.4523461,Não especificada,
7221486985,Casa Edna,Loja de Conveniência,Rua Vila dos Inocentes II,,,Rua Vila dos Inocentes II,-1.2917765,-48.4670365,Não especificada,
7279344982,Portas Verdes,Restaurante,Rua Praia de Pedrouços,59,,"Rua Praia de Pedrouços, 59",38.694533,-9.2183465,regional;portuguese;pork,https://www.instagram.com/rportasverdes/
7285984486,Restaurante Cocina Indiana Italana,Restaurante,,,,Endereço não disponível no OSM (Apenas Coordenadas),38.6975582,-9.1943004,indian,
7289896812,Sem Nome Registrado,Fast Food/Lanchonete,Rua Herval,532,,"Rua Herval, 532",-23.5412406,-46.5901215,Não especificada,
7814358777,34,Salão de Dança/Forró,,,,Endereço não disponível no OSM (Apenas Coordenadas),-1.4698412,-48.4499918,Não especificada,
7814358784,Sem Nome Registrado,Restaurante,,,,Endereço não disponível no OSM (Apenas Coordenadas),-1.4696216,-48.4496179,pizza,
7814364385,Sem Nome Registrado,Pub/Bar,,,,Endereço não disponível no OSM (Apenas Coordenadas),-1.4702628,-48.4502047,Não especificada,
7814364387,Sem Nome Registrado,Restaurante,,,,Endereço não disponível no OSM (Apenas Coordenadas),-1.4693851,-48.4497283,pizza,
7814364403,mercadinho do cabeludo,Loja de Conveniência,,,,Endereço não disponível no OSM (Apenas Coordenadas),-1.4637072,-48.4464607,Não especificada,
7814364404,Sem Nome Registrado,Pub/Bar,,,,Endereço não disponível no OSM (Apenas Coordenadas),-1.4637442,-48.4465038,Não especificada,
7814364408,churrasco e peixe frito,Restaurante,,,,Endereço não disponível no OSM (Apenas Coordenadas),-1.4632514,-48.4462142,steak_house,
7814364417,Sem Nome Registrado,Pub/Bar,,,,Endereço não disponível no OSM (Apenas Coordenadas),-1.4559332,-48.4460109,Não especificada,
7814364418,Sem Nome Registrado,Pub/Bar,,,,Endereço não disponível no OSM (Apenas Coordenadas),-1.4560625,-48.4459369,Não especificada,
7814364422,recarga de celulares,Loja de Conveniência,,,,Endereço não disponível no OSM (Apenas Coordenadas),-1.4623812,-48.4550399,Não especificada,
7814364429,Sem Nome Registrado,Pub/Bar,,,,Endereço não disponível no OSM (Apenas Coordenadas),-1.4620273,-48.4544659,Não especificada,
7814364439,recarga de celular,Loja de Conveniência,,,,Endereço não disponível no OSM (Apenas Coordenadas),-1.461668,-48.454305,Não especificada,
7817869843,Loja de recarga de celulares,Loja de Conveniência,,,,Endereço não disponível no OSM (Apenas Coordenadas),-1.4591723,-48.4533513,Não especificada,
7817869857,Sem Nome Registrado,Restaurante,,,,Endereço não disponível no OSM (Apenas Coordenadas),-1.4583016,-48.4530258,Não especificada,
7817869883,Sem Nome Registrado,Pub/Bar,,,,Endereço não disponível no OSM (Apenas Coordenadas),-1.4578386,-48.4540205,Não especificada,
7817871893,Sem Nome Registrado,Pub/Bar,,,,Endereço não disponível no OSM (Apenas Coordenadas),-1.4644429,-48.4544547,Não especificada,
7817871902,Sem Nome Registrado,Pub/Bar,,,,Endereço não disponível no OSM (Apenas Coordenadas),-1.4624739,-48.4540891,Não especificada,
7817871904,Deposito de bebidas,Depósito de Bebidas,,,,Endereço não disponível no OSM (Apenas Coordenadas),-1.459842,-48.4544456,Não especificada,
7817871913,Sem Nome Registrado,Pub/Bar,,,,Endereço não disponível no OSM (Apenas Coordenadas),-1.4617126,-48.4542011,Não especificada,
7817871916,Venda de Recarga,Loja de Conveniência,,,,Endereço não disponível no OSM (Apenas Coordenadas),-1.4626877,-48.4533236,Não especificada,
7817871920,Sem Nome Registrado,Loja de Conveniência,,,,Endereço não disponível no OSM (Apenas Coordenadas),-1.4549529,-48.4558962,Não especificada,
7817871932,Sem Nome Registrado,Pub/Bar,,,,Endereço não disponível no OSM (Apenas Coordenadas),-1.4520863,-48.4564929,Não especificada,
7817871947,deposito de bebidas,Depósito de Bebidas,,,,Endereço não disponível no OSM (Apenas Coordenadas),-1.452758,-48.4552451,Não especificada,
7817871971,deposito,Depósito de Bebidas,,,,Endereço não disponível no OSM (Apenas Coordenadas),-1.4533621,-48.4539782,Não especificada,
7817871978,deposito,Depósito de Bebidas,,,,Endereço não disponível no OSM (Apenas Coordenadas),-1.4547879,-48.4534261,Não especificada,
7817871982,Sem Nome Registrado,Pub/Bar,,,,Endereço não disponível no OSM (Apenas Coordenadas),-1.454466,-48.4530863,Não especificada,
7817871989,Sem Nome Registrado,Pub/Bar,,,,Endereço não disponível no OSM (Apenas Coordenadas),-1.4523997,-48.453143,Não especificada,
7817872001,Sem Nome Registrado,Pub/Bar,,,,Endereço não disponível no OSM (Apenas Coordenadas),-1.4506005,-48.4537674,Não especificada,
7817872006,Sem Nome Registrado,Pub/Bar,,,,Endereço não disponível no OSM (Apenas Coordenadas),-1.4492557,-48.4537707,Não especificada,
7818251023,Sem Nome Registrado,Loja de Conveniência,,,,Endereço não disponível no OSM (Apenas Coordenadas),-1.4540156,-48.4470292,Não especificada,
7818251028,Sem Nome Registrado,Casa de Jogos/Bingo,,,,Endereço não disponível no OSM (Apenas Coordenadas),-1.4536236,-48.4473158,Não especificada,
7818251029,Sem Nome Registrado,Pub/Bar,,,,Endereço não disponível no OSM (Apenas Coordenadas),-1.4534361,-48.4473512,Não especificada,
7818251039,Sem Nome Registrado,Depósito de Bebidas,,,,Endereço não disponível no OSM (Apenas Coordenadas),-1.4515288,-48.4469159,Não especificada,
7818251040,Salão de festas,Centro Comunitário,,,,Endereço não disponível no OSM (Apenas Coordenadas),-1.4516388,-48.4470313,Não especificada,
7818251044,Sem Nome Registrado,Pub/Bar,,,,Endereço não disponível no OSM (Apenas Coordenadas),-1.4509095,-48.4471573,Não especificada,
7818251049,Sem Nome Registrado,Restaurante,,,,Endereço não disponível no OSM (Apenas Coordenadas),-1.4540148,-48.4478579,steak_house,
7818251052,Sem Nome Registrado,Fast Food/Lanchonete,,,,Endereço não disponível no OSM (Apenas Coordenadas),-1.4533528,-48.4483917,Não especificada,
7818251058,Sem Nome Registrado,Loja de Conveniência,,,,Endereço não disponível no OSM (Apenas Coordenadas),-1.4536469,-48.4486002,Não especificada,
7818251062,salão de festas,Salão de Dança/Forró,,,,Endereço não disponível no OSM (Apenas Coordenadas),-1.4540128,-48.4490772,Não especificada,
7818251066,Sem Nome Registrado,Pub/Bar,,,,Endereço não disponível no OSM (Apenas Coordenadas),-1.4541624,-48.449192,Não especificada,
7818251069,Sem Nome Registrado,Casa de Jogos/Bingo,,,,Endereço não disponível no OSM (Apenas Coordenadas),-1.4545987,-48.4496329,Não especificada,
7818251071,Sem Nome Registrado,Pub/Bar,,,,Endereço não disponível no OSM (Apenas Coordenadas),-1.454664,-48.4497333,Não especificada,
7818251077,Sem Nome Registrado,Restaurante,,,,Endereço não disponível no OSM (Apenas Coordenadas),-1.4555156,-48.4507414,steak_house,
7818251084,Sem Nome Registrado,Loja de Conveniência,,,,Endereço não disponível no OSM (Apenas Coordenadas),-1.4540688,-48.4502797,Não especificada,
7818268987,Sem Nome Registrado,Pub/Bar,,,,Endereço não disponível no OSM (Apenas Coordenadas),-1.4537117,-48.4504805,Não especificada,
7818268993,Sem Nome Registrado,Pub/Bar,,,,Endereço não disponível no OSM (Apenas Coordenadas),-1.4530627,-48.4496212,Não especificada,
7818268996,Sem Nome Registrado,Pub/Bar,,,,Endereço não disponível no OSM (Apenas Coordenadas),-1.4525259,-48.4492686,Não especificada,
7818269004,Sem Nome Registrado,Loja de Conveniência,,,,Endereço não disponível no OSM (Apenas Coordenadas),-1.4511383,-48.4484,Não especificada,
7818269010,Sem Nome Registrado,Restaurante,,,,Endereço não disponível no OSM (Apenas Coordenadas),-1.4549279,-48.4515235,steak_house,
7818269011,Sem Nome Registrado,Pub/Bar,,,,Endereço não disponível no OSM (Apenas Coordenadas),-1.453513,-48.4507293,Não especificada,
7818269013,Sem Nome Registrado,Pub/Bar,,,,Endereço não disponível no OSM (Apenas Coordenadas),-1.4517216,-48.4498472,Não especificada,
7818269018,Sem Nome Registrado,Fast Food/Lanchonete,,,,Endereço não disponível no OSM (Apenas Coordenadas),-1.4506463,-48.4504749,Não especificada,
7818269026,Sem Nome Registrado,Loja de Conveniência,,,,Endereço não disponível no OSM (Apenas Coordenadas),-1.4488088,-48.4497635,Não especificada,
7818269027,Salão de recepçoes,Salão de Dança/Forró,,,,Endereço não disponível no OSM (Apenas Coordenadas),-1.4487595,-48.4496464,Não especificada,
7818269028,Sem Nome Registrado,Loja de Conveniência,,,,Endereço não disponível no OSM (Apenas Coordenadas),-1.4488334,-48.4509836,Não especificada,
7818277036,Sem Nome Registrado,Loja de Conveniência,,,,Endereço não disponível no OSM (Apenas Coordenadas),-1.4502188,-48.4495988,Não especificada,
7818277038,Sem Nome Registrado,Loja de Conveniência,,,,Endereço não disponível no OSM (Apenas Coordenadas),-1.4496932,-48.4492823,Não especificada,
7818277039,Sem Nome Registrado,Pub/Bar,,,,Endereço não disponível no OSM (Apenas Coordenadas),-1.4494364,-48.4493605,Não especificada,
7818277043,Sem Nome Registrado,Loja de Conveniência,,,,Endereço não disponível no OSM (Apenas Coordenadas),-1.450444,-48.4486493,Não especificada,
7818277050,Sem Nome Registrado,Loja de Conveniência,,,,Endereço não disponível no OSM (Apenas Coordenadas),-1.4509128,-48.446713,Não especificada,
7830864169,Tasca do Bosque,Restaurante,Travessa Angustura,3220,Marco,"Travessa Angustura, 3220 - Marco",-1.4334488,-48.4588401,burger;sandwich,
7898102324,muay burger,Fast Food/Lanchonete,,,,Endereço não disponível no OSM (Apenas Coordenadas),-1.4648672,-48.448679,burger,
7898102341,pub unick,Loja de Conveniência,,,,Endereço não disponível no OSM (Apenas Coordenadas),-1.4446112,-48.4487264,Não especificada,
7898746864,taberninha,Loja de Conveniência,,,,Endereço não disponível no OSM (Apenas Coordenadas),-1.4590512,-48.4444051,Não especificada,
7898746865,taberninha,Loja de Conveniência,,,,Endereço não disponível no OSM (Apenas Coordenadas),-1.459276,-48.4444051,Não especificada,
7898746870,Sem Nome Registrado,Restaurante,,,,Endereço não disponível no OSM (Apenas Coordenadas),-1.4440949,-48.4504694,pizza,
7902818430,conveniencias do mario,Loja de Conveniência,,,,Endereço não disponível no OSM (Apenas Coordenadas),-1.4502019,-48.4467905,Não especificada,
7903611964,Sem Nome Registrado,Restaurante,,,,Endereço não disponível no OSM (Apenas Coordenadas),-1.4526769,-48.4559828,Não especificada,
7903611967,malaco burger,Fast Food/Lanchonete,,,,Endereço não disponível no OSM (Apenas Coordenadas),-1.4518452,-48.456644,burger,
7903611968,Sem Nome Registrado,Loja de Conveniência,,,,Endereço não disponível no OSM (Apenas Coordenadas),-1.4525234,-48.4561193,Não especificada,
7903611978,point do frango assado do paulo,Fast Food/Lanchonete,,,,Endereço não disponível no OSM (Apenas Coordenadas),-1.4541697,-48.4529238,chicken,
7903636886,point da cachaça,Pub/Bar,,,,Endereço não disponível no OSM (Apenas Coordenadas),-1.4531313,-48.453212,Não especificada,
7903636887,Churrascaria do careca,Restaurante,,,,Endereço não disponível no OSM (Apenas Coordenadas),-1.4535407,-48.4542389,steak_house,
7903636895,Sem Nome Registrado,Fast Food/Lanchonete,,,,Endereço não disponível no OSM (Apenas Coordenadas),-1.4545585,-48.4529167,Não especificada,
7903636905,Sem Nome Registrado,Restaurante,,,,Endereço não disponível no OSM (Apenas Coordenadas),-1.4546519,-48.4518239,pizza,
7903636907,Sem Nome Registrado,Fast Food/Lanchonete,,,,Endereço não disponível no OSM (Apenas Coordenadas),-1.4544943,-48.4517981,Não especificada,
7903636924,Sem Nome Registrado,Restaurante,,,,Endereço não disponível no OSM (Apenas Coordenadas),-1.4566259,-48.4510811,pizza,
7903636926,Sem Nome Registrado,Fast Food/Lanchonete,,,,Endereço não disponível no OSM (Apenas Coordenadas),-1.4567979,-48.450909,burger,
7903636929,Sem Nome Registrado,Restaurante,,,,Endereço não disponível no OSM (Apenas Coordenadas),-1.456904,-48.4506456,Não especificada,
7903636931,Sem Nome Registrado,Restaurante,,,,Endereço não disponível no OSM (Apenas Coordenadas),-1.4556433,-48.4508783,Não especificada,
7903636932,Sem Nome Registrado,Loja de Conveniência,,,,Endereço não disponível no OSM (Apenas Coordenadas),-1.4555806,-48.4508095,Não especificada,
7903636933,joel do gelo,Depósito de Bebidas,,,,Endereço não disponível no OSM (Apenas Coordenadas),-1.4554713,-48.4508986,Não especificada,
7903636935,Sem Nome Registrado,Restaurante,,,,Endereço não disponível no OSM (Apenas Coordenadas),-1.4557263,-48.4507832,pizza,
7903636942,Sem Nome Registrado,Pub/Bar,,,,Endereço não disponível no OSM (Apenas Coordenadas),-1.4617461,-48.452066,Não especificada,
7903636946,Sem Nome Registrado,Pub/Bar,,,,Endereço não disponível no OSM (Apenas Coordenadas),-1.4524354,-48.4469331,Não especificada,
7906479280,Sem Nome Registrado,Loja de Conveniência,,,,Endereço não disponível no OSM (Apenas Coordenadas),-1.4649119,-48.4540392,Não especificada,
7906479281,venda de chop,Pub/Bar,,,,Endereço não disponível no OSM (Apenas Coordenadas),-1.4649246,-48.4538111,Não especificada,
7906519192,mercadinho dona bene,Loja de Conveniência,,,,Endereço não disponível no OSM (Apenas Coordenadas),-1.462428,-48.4494218,Não especificada,
7906519193,Sem Nome Registrado,Loja de Conveniência,,,,Endereço não disponível no OSM (Apenas Coordenadas),-1.4624679,-48.4491247,Não especificada,
7906519195,Sem Nome Registrado,Loja de Conveniência,,,,Endereço não disponível no OSM (Apenas Coordenadas),-1.4628337,-48.4493203,Não especificada,
7906519199,Sem Nome Registrado,Loja de Conveniência,,,,Endereço não disponível no OSM (Apenas Coordenadas),-1.463041,-48.4490207,Não especificada,
7906950015,Sem Nome Registrado,Pub/Bar,,,,Endereço não disponível no OSM (Apenas Coordenadas),-1.4627774,-48.4516621,Não especificada,
7906950017,Sem Nome Registrado,Loja de Conveniência,,,,Endereço não disponível no OSM (Apenas Coordenadas),-1.4618382,-48.4535219,Não especificada,
7906950018,Sem Nome Registrado,Loja de Conveniência,,,,Endereço não disponível no OSM (Apenas Coordenadas),-1.4619063,-48.453596,Não especificada,
7906950019,Sem Nome Registrado,Loja de Conveniência,,,,Endereço não disponível no OSM (Apenas Coordenadas),-1.4617671,-48.4537619,Não especificada,
7906950021,Sem Nome Registrado,Restaurante,,,,Endereço não disponível no OSM (Apenas Coordenadas),-1.4615301,-48.4542597,Não especificada,
7906950022,Sem Nome Registrado,Restaurante,,,,Endereço não disponível no OSM (Apenas Coordenadas),-1.4616309,-48.4546359,Não especificada,
7906950023,Sem Nome Registrado,Restaurante,,,,Endereço não disponível no OSM (Apenas Coordenadas),-1.4620692,-48.4547337,Não especificada,
7906950024,Sem Nome Registrado,Restaurante,,,,Endereço não disponível no OSM (Apenas Coordenadas),-1.4644546,-48.4525757,Não especificada,
7906950026,Sem Nome Registrado,Fast Food/Lanchonete,,,,Endereço não disponível no OSM (Apenas Coordenadas),-1.4605659,-48.4539508,burger,
7906950028,Sem Nome Registrado,Restaurante,,,,Endereço não disponível no OSM (Apenas Coordenadas),-1.4604582,-48.4537734,pizza,
7906950029,Sem Nome Registrado,Pub/Bar,,,,Endereço não disponível no OSM (Apenas Coordenadas),-1.4603143,-48.4538579,Não especificada,
7906950045,Sem Nome Registrado,Fast Food/Lanchonete,,,,Endereço não disponível no OSM (Apenas Coordenadas),-1.4586034,-48.4530274,chicken,
7906950049,Rei do assado el shaday,Fast Food/Lanchonete,,,,Endereço não disponível no OSM (Apenas Coordenadas),-1.4579833,-48.4529381,chicken,
7906950050,Sem Nome Registrado,Pub/Bar,,,,Endereço não disponível no OSM (Apenas Coordenadas),-1.4576839,-48.4533757,Não especificada,
7906950051,Sem Nome Registrado,Restaurante,,,,Endereço não disponível no OSM (Apenas Coordenadas),-1.4576287,-48.4534097,Não especificada,
7910086442,Sem Nome Registrado,Depósito de Bebidas,,,,Endereço não disponível no OSM (Apenas Coordenadas),-1.4579684,-48.4525324,Não especificada,
7910086446,poit do frango na brasa,Fast Food/Lanchonete,,,,Endereço não disponível no OSM (Apenas Coordenadas),-1.4570893,-48.4524177,chicken,
7910086447,Sem Nome Registrado,Loja de Conveniência,,,,Endereço não disponível no OSM (Apenas Coordenadas),-1.4571169,-48.4523816,Não especificada,
7910086450,Sem Nome Registrado,Pub/Bar,,,,Endereço não disponível no OSM (Apenas Coordenadas),-1.4568982,-48.4523986,Não especificada,
7910086453,Sem Nome Registrado,Restaurante,,,,Endereço não disponível no OSM (Apenas Coordenadas),-1.4565902,-48.4517061,pizza,
7910086458,Sem Nome Registrado,Restaurante,,,,Endereço não disponível no OSM (Apenas Coordenadas),-1.4553784,-48.4509125,Não especificada,
7910086459,Sem Nome Registrado,Café,,,,Endereço não disponível no OSM (Apenas Coordenadas),-1.4552922,-48.4509782,Não especificada,
7910086460,Sem Nome Registrado,Fast Food/Lanchonete,,,,Endereço não disponível no OSM (Apenas Coordenadas),-1.4552734,-48.4503122,burger,
7910086461,Sem Nome Registrado,Restaurante,,,,Endereço não disponível no OSM (Apenas Coordenadas),-1.4552153,-48.4502578,Não especificada,
7910086462,Sem Nome Registrado,Fast Food/Lanchonete,,,,Endereço não disponível no OSM (Apenas Coordenadas),-1.4550052,-48.450194,Não especificada,
7910086464,Sem Nome Registrado,Fast Food/Lanchonete,,,,Endereço não disponível no OSM (Apenas Coordenadas),-1.4544876,-48.4497081,burger,
7910086467,Sem Nome Registrado,Pub/Bar,,,,Endereço não disponível no OSM (Apenas Coordenadas),-1.453872,-48.4489349,Não especificada,
8001506185,Refúgio do Dinho,Pub/Bar,,,,Endereço não disponível no OSM (Apenas Coordenadas),-1.2463471,-48.4561471,Não especificada,
8196843133,Sem Nome Registrado,Café,,,,Endereço não disponível no OSM (Apenas Coordenadas),38.7035381,-9.2025692,Não especificada,
8223236737,Chopsn'sticks,Restaurante,,,,Endereço não disponível no OSM (Apenas Coordenadas),38.695245,-9.2163916,asian,
8328809417,Casa do Jacó,Café,Passagem Rui Barbosa,07,,"Passagem Rui Barbosa, 07",-1.4573934,-48.4475889,Não especificada,
8340191817,Açaí Da Bella,Fast Food/Lanchonete,,,,Endereço não disponível no OSM (Apenas Coordenadas),-1.2409049,-48.5619355,Não especificada,
8340192017,Bar DˋHelp,Bar,,,,Endereço não disponível no OSM (Apenas Coordenadas),-1.2437487,-48.5628785,Não especificada,
8340192117,"Meu Tapiri Bar, Restaurante, e Tapiocaria",Restaurante,,,,Endereço não disponível no OSM (Apenas Coordenadas),-1.2452974,-48.5637942,Não especificada,
8433019118,Restaurante Japones Samurai,Restaurante,Rua da Junqueira,502,,"Rua da Junqueira, 502",38.6974977,-9.1988209,sushi,
8815675821,Blue Point,Loja de Conveniência,Rua Catumbi,1400A,Belenzinho,"Rua Catumbi, 1400A - Belenzinho",-23.5259935,-46.6008533,Não especificada,
8870230017,Sabor da Paixão,Fast Food/Lanchonete,Rua João Boemer,766,,"Rua João Boemer, 766",-23.5333384,-46.6106144,Não especificada,
8880084425,YAKINORI - Sushi e Yakisoba,Restaurante,Avenida Central I,31,coqueiro,"Avenida Central I, 31 - coqueiro",-1.3308028,-48.4399577,japonesa,@yakinori_
9017100084,Sem Nome Registrado,Restaurante,,,,Endereço não disponível no OSM (Apenas Coordenadas),-23.5399422,-46.6006462,Não especificada,
9020388701,Point do Lanche,Fast Food/Lanchonete,Passagem passarela Tv W2 cj cohab,box1e,campina de icoaraci,"Passagem passarela Tv W2 cj cohab, box1e - campina de icoaraci",-1.3007816,-48.4685603,lanches;café_da_manhã,https://instagram.com/pointdolanche01?utm_medium=copy_link
9118485790,Sem Nome Registrado,Loja de Conveniência,Rua Siqueira Bueno,1081,Quarta Parada,"Rua Siqueira Bueno, 1081 - Quarta Parada",-23.5471836,-46.5906809,Não especificada,
9622591718,Ray Café,Restaurante,,,,Endereço não disponível no OSM (Apenas Coordenadas),-1.4753912,-48.4529474,Não especificada,
9629245414,Cantina da Naza,Restaurante,"Prédio do Laboratório de Engenharia Química, 2° andar","Prédio do Laboratório de Engenharia Química, 2° andar",,"Prédio do Laboratório de Engenharia Química, 2° andar, Prédio do Laboratório de Engenharia Química, 2° andar",-1.4753674,-48.4532849,Não especificada,
9694104350,Hamburgueria Orelhão,Fast Food/Lanchonete,,,,Endereço não disponível no OSM (Apenas Coordenadas),-1.4535668,-48.4623601,burger,
9765016148,Burger King,Fast Food/Lanchonete,Rua de Belém,10-16,,"Rua de Belém, 10-16",38.6974242,-9.2020143,burger,https://www.burgerking.pt/pt/store-locator/store/restaurant_242281
9765016176,Flor dos Jerónimos,Restaurante,Rua de Belém,128,,"Rua de Belém, 128",38.6975449,-9.2039218,Não especificada,
9765052742,"Miolo ""Local COOFFE & Brunch",Restaurante,Rua de Belém,36,,"Rua de Belém, 36",38.6973948,-9.2024083,Não especificada,
9779363718,Meia Nau,Restaurante,,,,Endereço não disponível no OSM (Apenas Coordenadas),38.6955457,-9.2198667,Não especificada,
9820865298,Cafe do Mar,Café,Avenida de Brasília,,,Avenida de Brasília,38.6938088,-9.21174,Não especificada,
9820865300,Miss Can - Canto da Sereia Bar,Bar,,,,Endereço não disponível no OSM (Apenas Coordenadas),38.6930524,-9.2088936,Não especificada,https://miss-can.com/
9823323070,Pub Natividade,Bar,,,,Endereço não disponível no OSM (Apenas Coordenadas),-1.4155248,-48.4716957,Não especificada,
9823323072,Restaurant Cantina Italiana,Restaurante,,,,Endereço não disponível no OSM (Apenas Coordenadas),-1.4541537,-48.4883256,italian,
9977874463,Maritima do Restelo,Restaurante,,,,Endereço não disponível no OSM (Apenas Coordenadas),38.6953307,-9.2124097,Não especificada,
10003303976,Sem Nome Registrado,Centro Comunitário,,,,Endereço não disponível no OSM (Apenas Coordenadas),-1.3532369,-48.4499097,Não especificada,
10003303980,Sem Nome Registrado,Loja de Conveniência,,,,Endereço não disponível no OSM (Apenas Coordenadas),-1.3502165,-48.451676,Não especificada,
10005463230,Sem Nome Registrado,Loja de Conveniência,,,,Endereço não disponível no OSM (Apenas Coordenadas),-1.3527168,-48.4494859,Não especificada,
10040541814,Sunduicheria Brás,Fast Food/Lanchonete,Avenida Celso Garcia,1.418,Belém,"Avenida Celso Garcia, 1.418 - Belém",-23.5381568,-46.5986454,burger;cachorro-quente/hot_dog,
10095217527,Ver Belém,Restaurante,Rua Vieira Portuense,82,,"Rua Vieira Portuense, 82",38.6969781,-9.2031687,Não especificada,
10195222087,Gueto Hub,Centro Comunitário,Travessa Quintino Bocaiuva,3729,Jurunas,"Travessa Quintino Bocaiuva, 3729 - Jurunas",-1.4710158,-48.4844913,Não especificada,https://linktr.ee/guetohub
10314947112,Sem Nome Registrado,Bar,Rua de Alcolena,5 7,,"Rua de Alcolena, 5 7",38.7013763,-9.2100056,Não especificada,
10596930472,Aho Restaurante,Restaurante,,,,Endereço não disponível no OSM (Apenas Coordenadas),-1.5097273,-48.4656748,Não especificada,
10596930473,Bougainville da Ilha,Restaurante,,,,Endereço não disponível no OSM (Apenas Coordenadas),-1.5080125,-48.4640732,Não especificada,
10596930474,Restaurante Ribeirinho,Restaurante,,,,Endereço não disponível no OSM (Apenas Coordenadas),-1.5052916,-48.4629245,Não especificada,
10596930475,Restaurante Vitória,Restaurante,,,,Endereço não disponível no OSM (Apenas Coordenadas),-1.5029727,-48.4624348,Não especificada,
10596930476,Farol Da Ilha Do Combú,Restaurante,,,,Endereço não disponível no OSM (Apenas Coordenadas),-1.5007132,-48.4616965,Não especificada,
10596930477,Terraço da Ilha,Restaurante,,,,Endereço não disponível no OSM (Apenas Coordenadas),-1.5014915,-48.4618155,Não especificada,
10596930478,Saldosa Maloca,Restaurante,,,,Endereço não disponível no OSM (Apenas Coordenadas),-1.489964,-48.4608985,Não especificada,
10596930479,Portas Abertas Combu,Restaurante,,,,Endereço não disponível no OSM (Apenas Coordenadas),-1.4908099,-48.4620913,Não especificada,
10596930480,Restaurante Casaverde.Combu,Restaurante,,,,Endereço não disponível no OSM (Apenas Coordenadas),-1.4910251,-48.461893,Não especificada,
10596930481,Nossa Maloca,Restaurante,,,,Endereço não disponível no OSM (Apenas Coordenadas),-1.4914033,-48.4620412,Não especificada,
10596930482,Maloca sabor da ilha,Restaurante,,,,Endereço não disponível no OSM (Apenas Coordenadas),-1.492433,-48.461926,Não especificada,
10596930483,Restaurante rústico da ilha,Restaurante,,,,Endereço não disponível no OSM (Apenas Coordenadas),-1.4949795,-48.4613063,Não especificada,
10596930484,Coffee Combú,Restaurante,,,,Endereço não disponível no OSM (Apenas Coordenadas),-1.4953978,-48.4613752,Não especificada,
10596930485,Restaurante combú grill,Restaurante,,,,Endereço não disponível no OSM (Apenas Coordenadas),-1.4954948,-48.4613718,Não especificada,
10596930486,Restaurante em Belém - Elohim Restaurante do Tatu,Restaurante,,,,Endereço não disponível no OSM (Apenas Coordenadas),-1.4961476,-48.461317,Não especificada,
10597518441,Mirante do Combú,Restaurante,Ilha do Combu,,,Ilha do Combu,-1.4897925,-48.4625552,Não especificada,
10597518442,Solar Da Ilha,Restaurante,,,,Endereço não disponível no OSM (Apenas Coordenadas),-1.4898574,-48.4636773,Não especificada,
10597518444,Resenha do Combú,Restaurante,,,,Endereço não disponível no OSM (Apenas Coordenadas),-1.4906681,-48.4693908,Não especificada,
10597518445,Gamboa gastrobar,Restaurante,,,,Endereço não disponível no OSM (Apenas Coordenadas),-1.4909034,-48.4691608,Não especificada,
10597518446,Kiosque da Ilha do Combú,Restaurante,,,,Endereço não disponível no OSM (Apenas Coordenadas),-1.4909987,-48.4708284,Não especificada,
10597518447,Remanso da ilha,Restaurante,,,,Endereço não disponível no OSM (Apenas Coordenadas),-1.4910393,-48.4712187,Não especificada,
10597518448,Maloca Do Pureza,Restaurante,,,,Endereço não disponível no OSM (Apenas Coordenadas),-1.4910441,-48.4713154,Não especificada,
10597518449,Espaço Aruna Combú,Restaurante,,,,Endereço não disponível no OSM (Apenas Coordenadas),-1.491259,-48.472102,Não especificada,
10597518450,Boteco da Ilha,Restaurante,,,,Endereço não disponível no OSM (Apenas Coordenadas),-1.4918914,-48.47403,Não especificada,
10597518451,Amazon River. Combu,Restaurante,,,,Endereço não disponível no OSM (Apenas Coordenadas),-1.4921378,-48.4746293,Não especificada,
10597518452,Matapy Restaurante,Restaurante,,,,Endereço não disponível no OSM (Apenas Coordenadas),-1.4933614,-48.4789733,Não especificada,
10597518453,Bar Canoas - Maloca do Pureza,Restaurante,,,,Endereço não disponível no OSM (Apenas Coordenadas),-1.493556,-48.4795945,Não especificada,
10597518454,Flor do Combú,Restaurante,,,,Endereço não disponível no OSM (Apenas Coordenadas),-1.4937753,-48.4805323,Não especificada,
10597518455,Maloca o Marinheiro,Restaurante,,,,Endereço não disponível no OSM (Apenas Coordenadas),-1.4938602,-48.4807854,Não especificada,
10597518456,Bistrô da ilha,Restaurante,,,,Endereço não disponível no OSM (Apenas Coordenadas),-1.4939805,-48.4813322,Não especificada,
10597518457,Bar beira rio,Bar,Ilha do Combu,,,Ilha do Combu,-1.4941557,-48.4812119,Não especificada,
10597518458,A cabana,Bar,Ilha do Combu,,,Ilha do Combu,-1.4943609,-48.4811181,Não especificada,
10597518459,Paid'egua,Restaurante,Ilha do Combu,,,Ilha do Combu,-1.4943505,-48.4836876,Não especificada,
10597518460,Maloca Império de Maria,Restaurante,Ilha do Combu,,,Ilha do Combu,-1.4944614,-48.484982,Não especificada,
10597518462,Combuzinho bed and breakfast,Restaurante,Ilha do Combu,,,Ilha do Combu,-1.4948414,-48.4890298,Não especificada,
10597518463,Casa Combu,Restaurante,Ilha do Combu,,,Ilha do Combu,-1.4948232,-48.4892901,Não especificada,
10597518464,Recanto dos Parentes,Restaurante,,,,Endereço não disponível no OSM (Apenas Coordenadas),-1.498194,-48.4920861,Não especificada,
10597518466,Combu Vibes,Restaurante,,,,Endereço não disponível no OSM (Apenas Coordenadas),-1.5169803,-48.4757336,Não especificada,
10597518467,Restô da Márcia,Restaurante,,,,Endereço não disponível no OSM (Apenas Coordenadas),-1.5194266,-48.4579899,Não especificada,
10597518468,Bar do Chico,Pub/Bar,,,,Endereço não disponível no OSM (Apenas Coordenadas),-1.5022856,-48.4444588,Não especificada,
10597518470,Canto dos Pássaros,Restaurante,,,,Endereço não disponível no OSM (Apenas Coordenadas),-1.5039219,-48.4475523,Não especificada,
10597518471,Maloca do Seu Pedro,Restaurante,,,,Endereço não disponível no OSM (Apenas Coordenadas),-1.4895351,-48.4549902,Não especificada,
10597518472,Bar Ilha da Fantasia,Pub/Bar,,,,Endereço não disponível no OSM (Apenas Coordenadas),-1.4896021,-48.4548625,Não especificada,
10709995205,Cafeteria SanMar,Café,Avenida João Paulo II,456,,"Avenida João Paulo II, 456",-1.4296468,-48.4485241,Não especificada,
10713020705,Tacacá de Flávia,Fast Food/Lanchonete,Avenida João Paulo II,,,Avenida João Paulo II,-1.431252,-48.4516981,brazilian,
10906802198,Restaurante Universitário (RU) Profissional,Restaurante,RU,,,RU,-1.473437,-48.4506511,regional,https://saest.ufpa.br/ru/index.php/component/cardapio/
10910175090,CAPe - UFPA,Centro Comunitário,Bloco E - Proffisional - UFPA,,,Bloco E - Proffisional - UFPA,-1.4739135,-48.4511346,Não especificada,
10910175092,Veroposeinho Profissional UFPA,Fast Food/Lanchonete,,,,Endereço não disponível no OSM (Apenas Coordenadas),-1.4737539,-48.4505434,regional;coffee_shop;burger;pizza;sandwich;chicken;chocolate;pasta;juice;salad;cake;hot_dog;ice_cream,
10922951433,Cantina,Fast Food/Lanchonete,Acesso a Cantina,,,Acesso a Cantina,-1.4729045,-48.4500025,regional;coffee_shop;cake,
10922951456,Auditório - ICED,Centro Comunitário,,,,Endereço não disponível no OSM (Apenas Coordenadas),-1.4727052,-48.4498787,Não especificada,
10922951486,Auditório - ICSA,Centro Comunitário,,,,Endereço não disponível no OSM (Apenas Coordenadas),-1.4728498,-48.4493239,Não especificada,
10922951487,Refeitório - ICSA,Fast Food/Lanchonete,,,,Endereço não disponível no OSM (Apenas Coordenadas),-1.4727611,-48.4492819,regional,
10926337574,Auditório - Faculdade de Eng. Mecânica,Centro Comunitário,,,,Endereço não disponível no OSM (Apenas Coordenadas),-1.4733729,-48.4528472,Não especificada,
10940806730,CAEQ - XEROX,Centro Comunitário,,,,Endereço não disponível no OSM (Apenas Coordenadas),-1.4740228,-48.4510101,Não especificada,
10940806731,CAEEB - ELÉTRICA E BIOMÉTICA,Centro Comunitário,,,,Endereço não disponível no OSM (Apenas Coordenadas),-1.4740171,-48.4509675,Não especificada,
10940806732,CAECOM - COMPUTAÇÃO - XEROX,Centro Comunitário,,,,Endereço não disponível no OSM (Apenas Coordenadas),-1.4740093,-48.4509193,Não especificada,
10940806733,CAENA - ENG.ALIMENTOS,Centro Comunitário,,,,Endereço não disponível no OSM (Apenas Coordenadas),-1.4740037,-48.4508713,Não especificada,
10940806740,CAEF- PF,Centro Comunitário,,,,Endereço não disponível no OSM (Apenas Coordenadas),-1.4737875,-48.4508293,Não especificada,
10940806747,CAAD - CENTRO ACADÊMICO ADMINISTRAÇÃO,Centro Comunitário,,,,Endereço não disponível no OSM (Apenas Coordenadas),-1.4739122,-48.4499943,Não especificada,
10940806751,LANCHE DA ELI,Fast Food/Lanchonete,,,,Endereço não disponível no OSM (Apenas Coordenadas),-1.4737048,-48.449998,Não especificada,
11011364953,Rui Dos Pregos,Restaurante,Rua da Junqueira,477,,"Rua da Junqueira, 477",38.6973623,-9.1984095,Não especificada,
11048887905,Torre sandwich bar cafe,Restaurante,Rua Bartolomeu Dias,134B,,"Rua Bartolomeu Dias, 134B",38.6951973,-9.2134363,Não especificada,
11048888005,4s Hamburger House,Restaurante,,,,Endereço não disponível no OSM (Apenas Coordenadas),38.6951772,-9.2136214,Não especificada,
11110085964,O Caniço,Restaurante,Rua Vieira Portuense,30,,"Rua Vieira Portuense, 30",38.696938,-9.2023781,regional;portuguese,
11112159393,Belém Palácio,Restaurante,,,,Endereço não disponível no OSM (Apenas Coordenadas),38.6974925,-9.1989413,Não especificada,
11112159394,Rui Dos Pregos,Restaurante,,508,,Endereço não disponível no OSM (Apenas Coordenadas),38.6974947,-9.1988708,Não especificada,
11188817801,REFEITÓRIO,Restaurante,Avenida Nossa Senhora da Conceição,,SÃO JOÃO DO OUTEIRO,Avenida Nossa Senhora da Conceição - SÃO JOÃO DO OUTEIRO,-1.2632941,-48.4687262,regional,
11234495637,Lanche do Sirio,Bar,,,,Endereço não disponível no OSM (Apenas Coordenadas),-1.4545741,-48.5004945,Não especificada,
11244404480,38º 41',Bar,,,,Endereço não disponível no OSM (Apenas Coordenadas),38.692852,-9.2104898,Não especificada,https://www.altishotels.com/altis-belem-spa/restaurantes-bares/
11503420251,Boi Novo Churrascaria,Restaurante,,,,Endereço não disponível no OSM (Apenas Coordenadas),-1.4311751,-48.4592046,steak_house,
11503627000,Bar Suíço,Bar,,,,Endereço não disponível no OSM (Apenas Coordenadas),-1.4313829,-48.4591634,Não especificada,
11504458213,Santo Buteco,Restaurante,,,,Endereço não disponível no OSM (Apenas Coordenadas),-1.4432946,-48.4872452,Não especificada,
11592464558,Guelra,Restaurante,Rua de Belém,35,,"Rua de Belém, 35",38.6971813,-9.2023683,fish;shellfish,
11592519317,Canalha,Restaurante,Rua da Junqueira,207,,"Rua da Junqueira, 207",38.6973967,-9.1937118,Não especificada,
11595043403,Corações Com Coroa,Café,,,,Endereço não disponível no OSM (Apenas Coordenadas),38.6971393,-9.195923,Não especificada,
11625822635,Casa do Café,Café,Avenida Central I,,Coqueiro,Avenida Central I - Coqueiro,-1.3311124,-48.4455719,coffee_shop,
11712538919,Sem Nome Registrado,Fast Food/Lanchonete,Rodovia Transcoqueiro,75,,"Rodovia Transcoqueiro, 75",-1.3727377,-48.4221984,Não especificada,
11736733754,Sem Nome Registrado,Fast Food/Lanchonete,,,,Endereço não disponível no OSM (Apenas Coordenadas),-1.4527647,-48.5039371,Não especificada,
11736763404,Sem Nome Registrado,Fast Food/Lanchonete,,,,Endereço não disponível no OSM (Apenas Coordenadas),-1.4527172,-48.5039637,Não especificada,
11736873419,Sem Nome Registrado,Fast Food/Lanchonete,,,,Endereço não disponível no OSM (Apenas Coordenadas),-1.4528385,-48.5037575,Não especificada,
11736873420,Sem Nome Registrado,Fast Food/Lanchonete,,,,Endereço não disponível no OSM (Apenas Coordenadas),-1.4528814,-48.5037615,Não especificada,
11736882967,Sem Nome Registrado,Fast Food/Lanchonete,,,,Endereço não disponível no OSM (Apenas Coordenadas),-1.4527688,-48.5037964,Não especificada,
11736926256,Sem Nome Registrado,Fast Food/Lanchonete,,,,Endereço não disponível no OSM (Apenas Coordenadas),-1.4527795,-48.5037535,Não especificada,
11736926257,Sem Nome Registrado,Fast Food/Lanchonete,,,,Endereço não disponível no OSM (Apenas Coordenadas),-1.4526749,-48.5036449,Não especificada,
11736926258,Sem Nome Registrado,Fast Food/Lanchonete,,,,Endereço não disponível no OSM (Apenas Coordenadas),-1.4526481,-48.5036167,Não especificada,
11736926259,Sem Nome Registrado,Fast Food/Lanchonete,,,,Endereço não disponível no OSM (Apenas Coordenadas),-1.4524685,-48.5034504,Não especificada,
11784532601,Boi Prime,Restaurante,,,,Endereço não disponível no OSM (Apenas Coordenadas),-1.444502,-48.4604577,barbecue,
11872169860,Restaurante Dez Prá Uma,Restaurante,Avenida da Ilha da Madeira,22C,,"Avenida da Ilha da Madeira, 22C",38.7051257,-9.2072381,Não especificada,https://dezprauma.com/
11872289188,Restaurante O Canto da Marina,Restaurante,Rua João de Paiva,1A,,"Rua João de Paiva, 1A",38.7062413,-9.2072947,Não especificada,
11876641747,Café Benedita,Café,Rua Capitão-Mor Pedro Teixeira,9B,,"Rua Capitão-Mor Pedro Teixeira, 9B",38.7076427,-9.2074,coffee_shop,
11876664872,Graça Araújo Bolos e Chocolate,Café,Rua Dom Jorge da Costa,10A,,"Rua Dom Jorge da Costa, 10A",38.7105124,-9.208462,cake,https://www.gracaaraujo.com/
11876777504,Bubble Tea Factory,Café,,,,Endereço não disponível no OSM (Apenas Coordenadas),38.6976962,-9.2025005,bubble_tea,
11876777507,DINAstia Selvagem,Restaurante,,,,Endereço não disponível no OSM (Apenas Coordenadas),38.6970833,-9.2022159,pizza,
11876777512,"Taberda de Belém "" Adamastor""",Restaurante,,,,Endereço não disponível no OSM (Apenas Coordenadas),38.6972498,-9.2030236,Não especificada,
11876777513,Xi-Hu,Restaurante,,,,Endereço não disponível no OSM (Apenas Coordenadas),38.6972603,-9.2031142,chinese,
11876777516,Notalho,Restaurante,,,,Endereço não disponível no OSM (Apenas Coordenadas),38.6969355,-9.2020819,Não especificada,
11876777518,Roger's,Restaurante,,,,Endereço não disponível no OSM (Apenas Coordenadas),38.6969365,-9.2020205,Não especificada,
11878771926,Nogal do Restelo,Loja de Conveniência,Rua Duarte Pacheco Pereira,11A,,"Rua Duarte Pacheco Pereira, 11A",38.6984681,-9.218517,portuguese,
11878794856,Ouvi Dizer,Restaurante,Rua Duarte Pacheco Pereira,9D,,"Rua Duarte Pacheco Pereira, 9D",38.6984303,-9.2185681,portuguese,
11884016392,Galeria Food Store,Restaurante,Avenida da Ilha da Madeira,28C,,"Avenida da Ilha da Madeira, 28C",38.7057788,-9.2075771,Não especificada,
11885044768,Pomar de Belém,Loja de Conveniência,Rua dos Jerónimos,16,,"Rua dos Jerónimos, 16",38.6992422,-9.2053953,Não especificada,
11885081471,La Fóllia de Bélem,Restaurante,Rua dos Jerónimos,18,,"Rua dos Jerónimos, 18",38.6994618,-9.2054979,pizza,
11886704382,Pazzo Pizza,Restaurante,Avenida da Ilha da Madeira,,,Avenida da Ilha da Madeira,38.7080829,-9.2101313,pizza,
11886704390,Pizza Hut,Restaurante,Rua Alda Nogueira,6,,"Rua Alda Nogueira, 6",38.7074537,-9.2090403,pizza,https://www.pizzahut.pt/restaurantes/restelo/
11886704392,Gin Lovers,Depósito de Bebidas,Rua Mem Rodrigues,4,,"Rua Mem Rodrigues, 4",38.7081149,-9.2086932,Não especificada,https://ginlovers.pt/
11901260957,11:11,Café,Rua dos Jerónimos,14,,"Rua dos Jerónimos, 14",38.6991028,-9.2053374,Não especificada,
11901260959,BELEM KEBAB & PIZZARIA,Restaurante,Rua dos Jerónimos,16,,"Rua dos Jerónimos, 16",38.6992775,-9.2054078,pizza;kebab,
11990429457,Mercadinho,Loja de Conveniência,Travessa Mauriti,4399,Marco,"Travessa Mauriti, 4399 - Marco",-1.4433392,-48.4491032,Não especificada,
11990936899,Sem Nome Registrado,Restaurante,Avenida Duque de Caxias,1490,Marco,"Avenida Duque de Caxias, 1490 - Marco",-1.4249672,-48.4583672,Não especificada,
11990938083,Açaí Espeto e Cia,Estabelecimento Informal (Churrasquinho/Taberna),Travessa Alferes Costa,2907,Marco,"Travessa Alferes Costa, 2907 - Marco",-1.4263428,-48.4559756,Não especificada,
12007404526,Sem Nome Registrado,Restaurante,Avenida Rômulo Maiorana,2571,Marco,"Avenida Rômulo Maiorana, 2571 - Marco",-1.4261362,-48.4558271,Não especificada,
12007424209,Açaí Espetos e Cia,Estabelecimento Informal (Churrasquinho/Taberna),Avenida Romulo Maiorana,2567,Marco,"Avenida Romulo Maiorana, 2567 - Marco",-1.4261147,-48.45585,Não especificada,
12134357761,Me Gusta,Café,,,,Endereço não disponível no OSM (Apenas Coordenadas),-1.4529305,-48.4762482,coffee_shop;ice_cream;breakfast,
12138000103,Tudo Conveniência José Malcher,Loja de Conveniência,,,,Endereço não disponível no OSM (Apenas Coordenadas),-1.44813,-48.4722337,Não especificada,
12146243087,Bar do Jorge,Pub/Bar,Travessa 25 de Junho,,Guamá,Travessa 25 de Junho - Guamá,-1.4747141,-48.4599242,Não especificada,
12147161944,Sem Nome Registrado,Pub/Bar,,,,Endereço não disponível no OSM (Apenas Coordenadas),-1.3311042,-48.4414931,Não especificada,
12147161945,Erica's Bar,Pub/Bar,,,,Endereço não disponível no OSM (Apenas Coordenadas),-1.3312464,-48.4411524,Não especificada,
12147161947,Sem Nome Registrado,Pub/Bar,,,,Endereço não disponível no OSM (Apenas Coordenadas),-1.3304593,-48.4373852,Não especificada,
12147161949,Sem Nome Registrado,Loja de Conveniência,,,,Endereço não disponível no OSM (Apenas Coordenadas),-1.3302101,-48.4371159,Não especificada,
12147161950,Pizzaria Piazzare,Restaurante,,,,Endereço não disponível no OSM (Apenas Coordenadas),-1.3303656,-48.4368396,pizza,
12147161951,Medeiros,Loja de Conveniência,,,,Endereço não disponível no OSM (Apenas Coordenadas),-1.3300318,-48.4361892,Não especificada,
12147161952,Panificadora Leticia,Loja de Conveniência,,,,Endereço não disponível no OSM (Apenas Coordenadas),-1.3284608,-48.434843,Não especificada,
12202881436,Brasa King,Restaurante,,,,Endereço não disponível no OSM (Apenas Coordenadas),-1.455642,-48.4916167,Não especificada,
12212920213,Deck Belém,Restaurante,Av. Marquês de Herval,941,Pedreira,"Av. Marquês de Herval, 941 - Pedreira",-1.4319482,-48.4712481,Não especificada,
12212942701,Villa Park,Restaurante,Av. Marquês de Herval,1001,,"Av. Marquês de Herval, 1001",-1.4315178,-48.471001,Não especificada,
12306437100,Sem Nome Registrado,Loja de Conveniência,Passagem Iracema,,Marambaia,Passagem Iracema - Marambaia,-1.4007339,-48.4478463,Não especificada,
12306438505,Sem Nome Registrado,Pub/Bar,,,,Endereço não disponível no OSM (Apenas Coordenadas),-1.4020545,-48.451517,Não especificada,
12310336796,Studio Pub,Pub/Bar,Travessa Presidente Pernambuco,,,Travessa Presidente Pernambuco,-1.4575071,-48.4925172,Não especificada,
12314029444,Restaurante do Macacário,Fast Food/Lanchonete,,,,Endereço não disponível no OSM (Apenas Coordenadas),-1.4725538,-48.45805,Não especificada,
12320363231,Xi-Hu,Restaurante,Rua de belem,97,,"Rua de belem, 97",38.6972562,-9.2031331,chinese,
12320363233,Taberna Belém,Restaurante,Rua de Belém,85,,"Rua de Belém, 85",38.6972404,-9.2030233,Não especificada,
12320363234,Restaurante Adamastor,Restaurante,Rua de Belém,83,,"Rua de Belém, 83",38.6972379,-9.2029924,Não especificada,
12320433742,Versailles,Café,,,,Endereço não disponível no OSM (Apenas Coordenadas),38.6976624,-9.1991995,Não especificada,
12320531543,Restaurante Chinês-Grande Mundo,Restaurante,,,,Endereço não disponível no OSM (Apenas Coordenadas),38.6980873,-9.1992923,Não especificada,
12320531544,Augusto Lisboa,Café,,,,Endereço não disponível no OSM (Apenas Coordenadas),38.6982263,-9.1993524,Não especificada,
12326985267,PROVA (enoteca),Restaurante,Rua Duarte Pacheco Pereira,9E,,"Rua Duarte Pacheco Pereira, 9E",38.6984501,-9.2185426,portuguese,https://www.facebook.com/ProvaEnoteca/
12326985270,Pizza na Brasa (Forno de Lenha),Restaurante,Rua Duarte Pacheco Pereira,7C,,"Rua Duarte Pacheco Pereira, 7C",38.698032,-9.2191178,pizza;italian,https://pizzanabrasa.pt/a-nossa-ementa/pizza/pizzas/
12326985275,Tjela,Restaurante,Rua Duarte Pacheco Pereira,26C,,"Rua Duarte Pacheco Pereira, 26C",38.6978572,-9.2187815,oriental;japanese;vietnamese;fusion,https://www.tjela.pt/
12326985278,Oak Berry,Fast Food/Lanchonete,Rua Duarte Pacheco Pereira,28E,,"Rua Duarte Pacheco Pereira, 28E",38.6981621,-9.2184718,açai,
12326985279,Empanadas Maxi,Fast Food/Lanchonete,Rua Duarte Pacheco Pereira,28C,,"Rua Duarte Pacheco Pereira, 28C",38.6981908,-9.2184403,mexican;ice_cream,
12326985280,Frutaria Restelo,Loja de Conveniência,Rua Duarte Pacheco Pereira,28D,,"Rua Duarte Pacheco Pereira, 28D",38.6982236,-9.2183972,Não especificada,
12329042096,Palhoça,Restaurante,,,,Endereço não disponível no OSM (Apenas Coordenadas),-23.0561353,-45.5555347,Não especificada,
12383251600,Porto Grill Beer,Restaurante,,,,Endereço não disponível no OSM (Apenas Coordenadas),-1.4429331,-48.4939217,barbecue,
12383263039,Delicias da Rosa,Restaurante,,,,Endereço não disponível no OSM (Apenas Coordenadas),-1.4513631,-48.4936188,regional,
12386215388,Espaço Cultural Apoena,Bar,Avenida Duque de Caxias,,,Avenida Duque de Caxias,-1.4423906,-48.4691172,Não especificada,
12386258497,Restaurante da Mara,Restaurante,Rua Senador Manoel Barata,527,,"Rua Senador Manoel Barata, 527",-1.4518374,-48.4989807,regional,
12386640253,Soprano,Restaurante,,,,Endereço não disponível no OSM (Apenas Coordenadas),-1.4483791,-48.5000292,Não especificada,
12386640254,Estação Grill,Restaurante,,,,Endereço não disponível no OSM (Apenas Coordenadas),-1.4485116,-48.499933,Não especificada,
12386640255,Terrace Açaí,Restaurante,,,,Endereço não disponível no OSM (Apenas Coordenadas),-1.4487547,-48.5001373,Não especificada,
12386640258,Zio Cucina,Restaurante,,,,Endereço não disponível no OSM (Apenas Coordenadas),-1.448311,-48.4999445,Não especificada,
12387391612,Tudo,Loja de Conveniência,,,,Endereço não disponível no OSM (Apenas Coordenadas),-1.4543436,-48.4862787,Não especificada,
12387391614,Mango,Restaurante,Avenida Comandante Brás de Aguiar,593,,"Avenida Comandante Brás de Aguiar, 593",-1.4544409,-48.486548,Não especificada,
12387930035,Cervejaria Cabôca,Pub/Bar,Boulevard Castilhos França,,,Boulevard Castilhos França,-1.4497025,-48.5002333,Não especificada,
12388050533,Boi novo,Restaurante,Avenida Governador Magalhães Barata,,,Avenida Governador Magalhães Barata,-1.4521175,-48.4736332,Não especificada,
12388406804,Casa Apoena,Bar,Rua São Boaventura,171,,"Rua São Boaventura, 171",-1.4608328,-48.5052907,Não especificada,
12389250601,Dona Nena,Café,,,,Endereço não disponível no OSM (Apenas Coordenadas),-1.4999554,-48.4610312,Não especificada,
12390950753,Bob's,Restaurante,,,,Endereço não disponível no OSM (Apenas Coordenadas),-1.4382135,-48.4669325,Não especificada,
12390967392,Batistao,Restaurante,,,,Endereço não disponível no OSM (Apenas Coordenadas),-1.4337264,-48.4646788,Não especificada,
12390975187,Café de bosque,Café,,,,Endereço não disponível no OSM (Apenas Coordenadas),-1.4285805,-48.4574631,Não especificada,
12390975375,Ver o açai,Restaurante,,,,Endereço não disponível no OSM (Apenas Coordenadas),-1.4331322,-48.4604875,Não especificada,
12390996870,Tokyo Sushi,Restaurante,,,,Endereço não disponível no OSM (Apenas Coordenadas),-1.4299279,-48.4584064,sushi,
12390997929,Pub & brunch,Pub/Bar,,,,Endereço não disponível no OSM (Apenas Coordenadas),-1.4294773,-48.4580747,Não especificada,
12390998894,Sem Nome Registrado,Pub/Bar,,,,Endereço não disponível no OSM (Apenas Coordenadas),-1.4314845,-48.4589456,Não especificada,
12391003189,Amazon na cuja,Restaurante,,,,Endereço não disponível no OSM (Apenas Coordenadas),-1.4449729,-48.479994,Não especificada,
12391003190,Chicken House,Restaurante,,,,Endereço não disponível no OSM (Apenas Coordenadas),-1.4336636,-48.4641558,Não especificada,
12392682505,Girassol da Ilha do Combu,Restaurante,,,,Endereço não disponível no OSM (Apenas Coordenadas),-1.5087372,-48.4651525,regional,
12392704192,BB,Fast Food/Lanchonete,Avenida João Paulo II,73,,"Avenida João Paulo II, 73",-1.4307513,-48.4511077,pizza,
12394694731,Club shake Bosque,Pub/Bar,Alferes costa,2909,,"Alferes costa, 2909",-1.4260671,-48.4560997,Não especificada,
12394732888,Capriciosa,Restaurante,,,,Endereço não disponível no OSM (Apenas Coordenadas),-1.4397398,-48.4567358,japanese;pizza,
12395863325,Rafael Grill,Restaurante,,,,Endereço não disponível no OSM (Apenas Coordenadas),-1.4334634,-48.4467993,barbecue,
12395863326,Brasileirinho,Bar,,,,Endereço não disponível no OSM (Apenas Coordenadas),-1.4340482,-48.4505336,Não especificada,
12395863328,Frango na Brasa,Restaurante,,,,Endereço não disponível no OSM (Apenas Coordenadas),-1.4328258,-48.4510693,barbecue,
12396423317,Grão Sabor Churrascaria,Restaurante,,,,Endereço não disponível no OSM (Apenas Coordenadas),-1.4527854,-48.4953492,Não especificada,
12396994205,Carvalho,Loja de Conveniência,,,,Endereço não disponível no OSM (Apenas Coordenadas),-1.4305731,-48.4497802,Não especificada,
12397560637,Bob's,Fast Food/Lanchonete,,,,Endereço não disponível no OSM (Apenas Coordenadas),-1.4219548,-48.4560222,burger,
12397584083,Mercadinho Bom Jesus,Loja de Conveniência,Passagem Bartolomeu de Gusmão,178,,"Passagem Bartolomeu de Gusmão, 178",-1.430432,-48.4494256,Não especificada,
12397584084,Sem Nome Registrado,Depósito de Bebidas,,,,Endereço não disponível no OSM (Apenas Coordenadas),-1.4304687,-48.4495475,Não especificada,
12397584085,Fruteira e Mercadinho,Loja de Conveniência,Passagem Bartolomeu de Gusmão,219A,,"Passagem Bartolomeu de Gusmão, 219A",-1.4305269,-48.4496737,Não especificada,
12397584089,Tapioca da Morena,Fast Food/Lanchonete,,,,Endereço não disponível no OSM (Apenas Coordenadas),-1.4302571,-48.4490592,Não especificada,
12397704886,Sem Nome Registrado,Loja de Conveniência,,,,Endereço não disponível no OSM (Apenas Coordenadas),-1.4531862,-48.4947225,Não especificada,
12397761582,Sem Nome Registrado,Café,,,,Endereço não disponível no OSM (Apenas Coordenadas),-1.4334241,-48.4466479,Não especificada,
12398473716,Amazônia na Cuia,Restaurante,,,,Endereço não disponível no OSM (Apenas Coordenadas),-1.4258571,-48.4589525,regional,
12398500085,Sem Nome Registrado,Loja de Conveniência,,,,Endereço não disponível no OSM (Apenas Coordenadas),-1.4502411,-48.4959057,Não especificada,
12398510654,Sem Nome Registrado,Bar,,,,Endereço não disponível no OSM (Apenas Coordenadas),-1.4501293,-48.4957612,Não especificada,
12398848139,Meeting Point,Loja de Conveniência,,,,Endereço não disponível no OSM (Apenas Coordenadas),-1.4236548,-48.4571945,Não especificada,
12398848145,Burger Ninja,Fast Food/Lanchonete,,,,Endereço não disponível no OSM (Apenas Coordenadas),-1.4276903,-48.4459746,burger,
12398848146,Tudo OK!,Restaurante,,,,Endereço não disponível no OSM (Apenas Coordenadas),-1.4293161,-48.4479476,pizza,
12398848147,No Grau,Bar,,,,Endereço não disponível no OSM (Apenas Coordenadas),-1.4309561,-48.4513996,Não especificada,
12398848149,BR Mania,Loja de Conveniência,,,,Endereço não disponível no OSM (Apenas Coordenadas),-1.4344819,-48.4540145,Não especificada,
12398848162,One Hall,Espaço de Eventos,,,,Endereço não disponível no OSM (Apenas Coordenadas),-1.4460044,-48.4938844,Não especificada,
12398887087,Container,Restaurante,,,,Endereço não disponível no OSM (Apenas Coordenadas),-1.4523322,-48.4799791,Não especificada,
12399992070,Sem Nome Registrado,Loja de Conveniência,,,,Endereço não disponível no OSM (Apenas Coordenadas),-1.4236867,-48.4572753,Não especificada,
12399992074,Royal,Loja de Conveniência,,,,Endereço não disponível no OSM (Apenas Coordenadas),-1.4296526,-48.462034,Não especificada,
12399992076,Açaí Duque,Fast Food/Lanchonete,,,,Endereço não disponível no OSM (Apenas Coordenadas),-1.429954,-48.4622163,Não especificada,
12399992079,Sem Nome Registrado,Café,,,,Endereço não disponível no OSM (Apenas Coordenadas),-1.4328307,-48.4646594,Não especificada,
12400419051,Coxinha Gourmet,Restaurante,,,,Endereço não disponível no OSM (Apenas Coordenadas),-1.4258328,-48.4554568,Não especificada,
12400432212,GM,Restaurante,,,,Endereço não disponível no OSM (Apenas Coordenadas),-1.4276989,-48.4569978,brazilian,
12400526298,Sem Nome Registrado,Loja de Conveniência,,,,Endereço não disponível no OSM (Apenas Coordenadas),-1.4246245,-48.4471982,Não especificada,
12400547169,Sem Nome Registrado,Loja de Conveniência,,,,Endereço não disponível no OSM (Apenas Coordenadas),-1.4246753,-48.4475066,Não especificada,
12400552110,Sem Nome Registrado,Bar,,,,Endereço não disponível no OSM (Apenas Coordenadas),-1.4244073,-48.4466926,Não especificada,
12400613145,Matheus Sushiman,Restaurante,,,,Endereço não disponível no OSM (Apenas Coordenadas),-1.4579493,-48.4750654,sushi,
12400613153,Tacacá do Renato,Restaurante,,,,Endereço não disponível no OSM (Apenas Coordenadas),-1.46027,-48.4889116,Não especificada,
12400613156,ampm,Loja de Conveniência,,,,Endereço não disponível no OSM (Apenas Coordenadas),-1.4554364,-48.4824857,Não especificada,
12400613160,Govinda,Restaurante,,,,Endereço não disponível no OSM (Apenas Coordenadas),-1.4603396,-48.4889782,indian;regional,
12400613162,Ipiranga,Loja de Conveniência,,,,Endereço não disponível no OSM (Apenas Coordenadas),-1.4598315,-48.4857474,Não especificada,
12401832884,Am Pm,Loja de Conveniência,,,,Endereço não disponível no OSM (Apenas Coordenadas),-1.456847,-48.476971,Não especificada,
12401832887,Kero+,Fast Food/Lanchonete,,,,Endereço não disponível no OSM (Apenas Coordenadas),-1.4583234,-48.4900296,pizza,
12401832889,Padoquinha,Café,,,,Endereço não disponível no OSM (Apenas Coordenadas),-1.4627288,-48.5003995,Não especificada,
12402915120,McDonald's,Fast Food/Lanchonete,,,,Endereço não disponível no OSM (Apenas Coordenadas),-1.4459048,-48.486694,burger,
12403292399,Taeaeá da Vileta,Restaurante,,,,Endereço não disponível no OSM (Apenas Coordenadas),-1.4364683,-48.4659711,Não especificada,
12403374473,lyno cousine,Restaurante,,,,Endereço não disponível no OSM (Apenas Coordenadas),-1.4422285,-48.4883661,internacional,
12403374734,Porpino Burguer,Fast Food/Lanchonete,,,,Endereço não disponível no OSM (Apenas Coordenadas),-1.4425363,-48.4880486,burger;pizza,
12403669583,Canto do Zé,Restaurante,,,,Endereço não disponível no OSM (Apenas Coordenadas),-1.4628486,-48.5026106,Não especificada,
12403718415,Shitake,Restaurante,,,,Endereço não disponível no OSM (Apenas Coordenadas),-1.4233232,-48.4493928,japanese,
12405627104,Nabêra,Bar,,,,Endereço não disponível no OSM (Apenas Coordenadas),-1.4614822,-48.5053657,Não especificada,
12405638233,Sem Nome Registrado,Café,,,,Endereço não disponível no OSM (Apenas Coordenadas),-1.4241214,-48.4578295,Não especificada,
12405766760,Sem Nome Registrado,Bar,,,,Endereço não disponível no OSM (Apenas Coordenadas),-1.4581429,-48.5059774,Não especificada,
12406662094,California Coffee,Café,,,,Endereço não disponível no OSM (Apenas Coordenadas),-1.39058,-48.479816,Não especificada,
12406662095,Fly Café,Café,,,,Endereço não disponível no OSM (Apenas Coordenadas),-1.3905794,-48.4798693,Não especificada,
12406662097,Panela Paraense,Restaurante,,,,Endereço não disponível no OSM (Apenas Coordenadas),-1.390809,-48.4799269,regional,
12406662098,Elite Café,Café,,,,Endereço não disponível no OSM (Apenas Coordenadas),-1.3908222,-48.4798177,Não especificada,
12406662099,Muiraquitã,Restaurante,,,,Endereço não disponível no OSM (Apenas Coordenadas),-1.3908307,-48.4797663,regional,
12406662100,Subway,Fast Food/Lanchonete,,,,Endereço não disponível no OSM (Apenas Coordenadas),-1.3907359,-48.4796473,sandwich,
12406685701,Bob's,Fast Food/Lanchonete,,,,Endereço não disponível no OSM (Apenas Coordenadas),-1.3905732,-48.4796513,burger,
12406685702,Pizza Hut,Fast Food/Lanchonete,,,,Endereço não disponível no OSM (Apenas Coordenadas),-1.3904439,-48.4796452,pizza,
12406774257,Conexão Café,Café,,,,Endereço não disponível no OSM (Apenas Coordenadas),-1.3893843,-48.4794991,Não especificada,
12406774259,Autoservice,Casa de Jogos/Bingo,,,,Endereço não disponível no OSM (Apenas Coordenadas),-1.3892192,-48.479543,Não especificada,
12406857648,Fran's Café,Café,,,,Endereço não disponível no OSM (Apenas Coordenadas),-1.3899183,-48.4795298,Não especificada,
12406857651,Hudson,Loja de Conveniência,,,,Endereço não disponível no OSM (Apenas Coordenadas),-1.3892411,-48.4794372,Não especificada,
12406857652,Rei do Pão de Queijo,Café,,,,Endereço não disponível no OSM (Apenas Coordenadas),-1.3893038,-48.4794358,Não especificada,
12407414033,Sonho Meu,Restaurante,,,,Endereço não disponível no OSM (Apenas Coordenadas),-1.2213917,-48.5526373,Não especificada,
12409566485,Sem Nome Registrado,Loja de Conveniência,,,,Endereço não disponível no OSM (Apenas Coordenadas),-1.4598279,-48.5034272,Não especificada,
12410727662,Paraíso Verde,Restaurante,,,,Endereço não disponível no OSM (Apenas Coordenadas),-1.4585831,-48.4184083,Não especificada,
12412165487,Espaço Caruana,Loja de Conveniência,,,,Endereço não disponível no OSM (Apenas Coordenadas),-1.2130628,-48.5263889,Não especificada,
12412268928,Restaurante Vai Quem Quer,Restaurante,,,,Endereço não disponível no OSM (Apenas Coordenadas),-1.2208727,-48.5497356,regional,
12412268929,Solar do Bosque,Bar,,,,Endereço não disponível no OSM (Apenas Coordenadas),-1.2129927,-48.5269088,Não especificada,
12412856501,Boteco Vala-me Deus,Bar,,,,Endereço não disponível no OSM (Apenas Coordenadas),-1.2584044,-48.5653776,Não especificada,
12417572867,Mercadinho do Carlos,Loja de Conveniência,,,,Endereço não disponível no OSM (Apenas Coordenadas),-1.4717732,-48.4875937,Não especificada,
12419302801,Brisa Boa,Bar,,,,Endereço não disponível no OSM (Apenas Coordenadas),-1.2131231,-48.5259459,Não especificada,
12419304718,Mirante da Pedra Branca,Restaurante,,,,Endereço não disponível no OSM (Apenas Coordenadas),-1.2157576,-48.538606,Não especificada,
12459511352,Tapiocaria,Café,,,,Endereço não disponível no OSM (Apenas Coordenadas),-1.1646042,-48.472677,Não especificada,
12466049334,Deus proverá,Loja de Conveniência,,,,Endereço não disponível no OSM (Apenas Coordenadas),-1.4272831,-48.4496182,Não especificada,
12469008938,Tropical,Restaurante,,,,Endereço não disponível no OSM (Apenas Coordenadas),-1.0672426,-48.3856866,Não especificada,
12469022497,Paraiso,Restaurante,,,,Endereço não disponível no OSM (Apenas Coordenadas),-1.0671986,-48.3851231,Não especificada,
12469025126,Barraca do Gringo,Restaurante,,,,Endereço não disponível no OSM (Apenas Coordenadas),-1.0672531,-48.3861531,Não especificada,
12469031184,Jurubeba,Café,,,,Endereço não disponível no OSM (Apenas Coordenadas),-1.1164843,-48.4358621,Não especificada,
12487509885,Bar da 10,Pub/Bar,Alameda NS 10,,Coqueiro,Alameda NS 10 - Coqueiro,-1.3313061,-48.4444032,Não especificada,
12602294765,Sem Nome Registrado,Fast Food/Lanchonete,,,,Endereço não disponível no OSM (Apenas Coordenadas),-1.4415887,-48.4592725,Não especificada,
12615512705,Casa Preta Amazonia,Centro Comunitário,Rua dos Bacuris,,,Rua dos Bacuris,-1.2579682,-48.4621509,Não especificada,https://casapretaamazonia.org/
12708104220,Sem Nome Registrado,Restaurante,,,,Endereço não disponível no OSM (Apenas Coordenadas),-1.4373687,-48.4633059,Não especificada,
12708145812,Pastel da Kelly,Fast Food/Lanchonete,,,,Endereço não disponível no OSM (Apenas Coordenadas),-1.4281684,-48.4610912,pastel;coxinhas;empadas.,
12708150403,Deposito da Tia,Pub/Bar,,,,Endereço não disponível no OSM (Apenas Coordenadas),-1.4320518,-48.4596966,Não especificada,
12708153105,Bar do Bragança,Pub/Bar,,,,Endereço não disponível no OSM (Apenas Coordenadas),-1.4389338,-48.4637272,Não especificada,
12708153150,Bar do Ceará,Pub/Bar,,,,Endereço não disponível no OSM (Apenas Coordenadas),-1.4283572,-48.4687764,Não especificada,
12708156168,Tacacá do Renato,Fast Food/Lanchonete,,,,Endereço não disponível no OSM (Apenas Coordenadas),-1.4270061,-48.4602938,regional;tacaca;maniçoba;patonotucupi;vatapa;comidastipicas;comidasregionais,www.instagram.com/tacacadorenato/
12708161619,Sem Nome Registrado,Fast Food/Lanchonete,,,,Endereço não disponível no OSM (Apenas Coordenadas),-1.4285954,-48.4687017,pastel,
12708166615,La Boca Pizzaria,Fast Food/Lanchonete,Avenida Gentil Bittencourt,1680,São Bráz,"Avenida Gentil Bittencourt, 1680 - São Bráz",-1.4546931,-48.4741383,pizza,https://www.instagram.com/labocapizzaria/?hl=pt
12708169607,Sem Nome Registrado,Restaurante,,,,Endereço não disponível no OSM (Apenas Coordenadas),-1.4385365,-48.4641338,Não especificada,
12708195506,Puro Sabor,Fast Food/Lanchonete,Rua da Mata,744,Marambaia,"Rua da Mata, 744 - Marambaia",-1.4012368,-48.4607464,Não especificada,
12708204737,Boa Pizza,Fast Food/Lanchonete,Travessa Barão do Triunfo,1371,Pedreira,"Travessa Barão do Triunfo, 1371 - Pedreira",-1.4252459,-48.4734036,pizza,
12708268052,Sem Nome Registrado,Fast Food/Lanchonete,,,,Endereço não disponível no OSM (Apenas Coordenadas),-1.4334109,-48.4722973,pastel,
12762628501,Pita.gr,Fast Food/Lanchonete,,,,Endereço não disponível no OSM (Apenas Coordenadas),38.6949479,-9.2158516,greek,
12844000116,Taberna dos Ferreiros,Restaurante,,,,Endereço não disponível no OSM (Apenas Coordenadas),38.6975711,-9.2019259,Não especificada,
12871285690,Pizzaria Casterelli,Restaurante,Rua Catumbi,348,,"Rua Catumbi, 348",-23.5351161,-46.6001429,pizza,
12983210059,Restaurante Na Mare,Restaurante,,,,Endereço não disponível no OSM (Apenas Coordenadas),-1.4608165,-48.5069122,Não especificada,
13019127013,My Auchan,Loja de Conveniência,Rua das Pedreiras,20,,"Rua das Pedreiras, 20",38.7023506,-9.2060186,Não especificada,https://www.auchan.pt/pt/loja?StoreID=B90
13024515102,Samba night,Salão de Dança/Forró,Rua Doutor Assis,650,,"Rua Doutor Assis, 650",-1.4616951,-48.5046631,Não especificada,
13040052215,Sem Nome Registrado,Fast Food/Lanchonete,Rua Tucano,,Souza,Rua Tucano - Souza,-1.4196126,-48.4588809,pizza;coffee_shop;burger;ice_cream,
13063298391,Sem Nome Registrado,Restaurante,,,,Endereço não disponível no OSM (Apenas Coordenadas),38.7025531,-9.2027169,Não especificada,
13141791901,Focacceria BM - Bread Maniacs,Restaurante,Rua Dom Lourenço d'Almeida,3A,,"Rua Dom Lourenço d'Almeida, 3A",38.6966256,-9.210612,italian,https://www.focacceriabm.pt/
13176696801,Espaço Dança e Arte,Salão de Dança/Forró,Avenida Alcindo Cacela,3365,,"Avenida Alcindo Cacela, 3365",-1.4668362,-48.4763168,Não especificada,
13180277705,AC GastroPub,Restaurante,Avenida Alcindo Cacela,3327,,"Avenida Alcindo Cacela, 3327",-1.4667416,-48.4763675,burger,https://lojalocal.com/
13184745401,Sem Nome Registrado,Loja de Conveniência,,,,Endereço não disponível no OSM (Apenas Coordenadas),-23.5409172,-46.5949734,Não especificada,
13184745501,Catarinense (prato feito 18R),Restaurante,,,,Endereço não disponível no OSM (Apenas Coordenadas),-23.5383693,-46.601427,Não especificada,
13298449453,Vikings Burger,Fast Food/Lanchonete,,,,Endereço não disponível no OSM (Apenas Coordenadas),-1.4273086,-48.4599576,burger,
13298481030,Mercatto Rooftop,Bar,"Mercado de São Brás, Belém - PA, 66090-000 - São Brás, Belém - PA, 66090-000",,São Brás,"Mercado de São Brás, Belém - PA, 66090-000 - São Brás, Belém - PA, 66090-000 - São Brás",-1.4514844,-48.4684617,Não especificada,
13299932901,the coffee barista campos,Café,,,,Endereço não disponível no OSM (Apenas Coordenadas),-1.4601172,-48.488529,Não especificada,
13300500601,churros da gallera,Fast Food/Lanchonete,,,,Endereço não disponível no OSM (Apenas Coordenadas),-1.4471831,-48.4989592,Não especificada,
13309451592,Umarizal,Café,,,,Endereço não disponível no OSM (Apenas Coordenadas),-1.4052052,-48.453072,Não especificada,
13309470234,Campeira,Restaurante,,,,Endereço não disponível no OSM (Apenas Coordenadas),-1.4039821,-48.4533838,barbecue,
13315541987,Forneria Pizzas,Restaurante,,,,Endereço não disponível no OSM (Apenas Coordenadas),-1.4036156,-48.4533712,pizza,
13315561871,Kao,Fast Food/Lanchonete,,,,Endereço não disponível no OSM (Apenas Coordenadas),-1.4219735,-48.4560355,japanese,
13315571981,DuValle,Loja de Conveniência,,,,Endereço não disponível no OSM (Apenas Coordenadas),-1.4034011,-48.4531579,Não especificada,
13315582448,King’s Beer,Loja de Conveniência,,,,Endereço não disponível no OSM (Apenas Coordenadas),-1.4032689,-48.4531554,Não especificada,
13315590104,Igará,Restaurante,,,,Endereço não disponível no OSM (Apenas Coordenadas),-1.459602,-48.5039828,Não especificada,
13315593927,Resaurante Brook,Restaurante,,,,Endereço não disponível no OSM (Apenas Coordenadas),-1.402766,-48.4529738,barbecue,
13320145967,Coffee Shop,Café,,,,Endereço não disponível no OSM (Apenas Coordenadas),-1.4548872,-48.4881356,coffee_shop,
13320180824,Seu Beja,Café,,,,Endereço não disponível no OSM (Apenas Coordenadas),-1.4543181,-48.4886397,Não especificada,
13321919565,Pérola de Belém,Restaurante,,,,Endereço não disponível no OSM (Apenas Coordenadas),38.6994672,-9.2255612,Não especificada,
13321945564,Sala de Reuniao 5,Espaço de Eventos,,,Souza,Endereço não disponível no OSM (Apenas Coordenadas),-1.4183199,-48.4570536,Não especificada,
13321945565,Pavilhao 2,Espaço de Eventos,,,Souza,Endereço não disponível no OSM (Apenas Coordenadas),-1.419556,-48.4550768,Não especificada,
13321945566,Service Hub,Espaço de Eventos,,,Souza,Endereço não disponível no OSM (Apenas Coordenadas),-1.4189044,-48.4565735,Não especificada,
13321945567,Sala de Reuniao 7,Espaço de Eventos,,,Souza,Endereço não disponível no OSM (Apenas Coordenadas),-1.4185934,-48.456772,Não especificada,
13321945568,Sala de Reuniao 3,Espaço de Eventos,,,Souza,Endereço não disponível no OSM (Apenas Coordenadas),-1.4180276,-48.4573326,Não especificada,
13321945569,Sala de Reuniao 1,Espaço de Eventos,,,Souza,Endereço não disponível no OSM (Apenas Coordenadas),-1.4176388,-48.4577,Não especificada,
13321945570,Sala de Reuniao 12,Espaço de Eventos,,,Souza,Endereço não disponível no OSM (Apenas Coordenadas),-1.4173278,-48.4567773,Não especificada,
13321945571,Sala de Reuniao 22,Espaço de Eventos,,,Souza,Endereço não disponível no OSM (Apenas Coordenadas),-1.4177675,-48.4563804,Não especificada,
13321945572,Sala de Reuniao 6,Espaço de Eventos,,,Souza,Endereço não disponível no OSM (Apenas Coordenadas),-1.4184218,-48.456257,Não especificada,
13321945573,Sala de Reuniao 20,Espaço de Eventos,,,Souza,Endereço não disponível no OSM (Apenas Coordenadas),-1.4180303,-48.4566593,Não especificada,
13321945574,Sala de Reuniao 2,Espaço de Eventos,,,Souza,Endereço não disponível no OSM (Apenas Coordenadas),-1.4173331,-48.4573567,Não especificada,
13321945576,Delegation Offices,Espaço de Eventos,,,Souza,Endereço não disponível no OSM (Apenas Coordenadas),-1.4186712,-48.4556267,Não especificada,
13321945577,Pavilhao 1,Espaço de Eventos,,,Souza,Endereço não disponível no OSM (Apenas Coordenadas),-1.4192825,-48.4547724,Não especificada,
13321945589,Office -SEC,Espaço de Eventos,,,Souza,Endereço não disponível no OSM (Apenas Coordenadas),-1.4194675,-48.4561658,Não especificada,
13321945590,Plenary 2,Espaço de Eventos,,,Souza,Endereço não disponível no OSM (Apenas Coordenadas),-1.4165984,-48.4590089,Não especificada,
13321945592,Media Center,Espaço de Eventos,,,Souza,Endereço não disponível no OSM (Apenas Coordenadas),-1.416577,-48.4579039,Não especificada,
13321945593,Meeting Room 8,Espaço de Eventos,,,Souza,Endereço não disponível no OSM (Apenas Coordenadas),-1.4162149,-48.4597412,Não especificada,
13321945595,Escritorio Office,Espaço de Eventos,,,Souza,Endereço não disponível no OSM (Apenas Coordenadas),-1.4173492,-48.4581453,Não especificada,
13321945596,ICT,Espaço de Eventos,,,Souza,Endereço não disponível no OSM (Apenas Coordenadas),-1.4169792,-48.4585744,Não especificada,
13321945597,Meeting Room 8,Espaço de Eventos,,,Souza,Endereço não disponível no OSM (Apenas Coordenadas),-1.4159575,-48.4594435,Não especificada,
13321945598,Plenary 1,Espaço de Eventos,,,Souza,Endereço não disponível no OSM (Apenas Coordenadas),-1.4155365,-48.4600819,Não especificada,
13433409836,Sem Nome Registrado,Fast Food/Lanchonete,,,,Endereço não disponível no OSM (Apenas Coordenadas),-1.3750984,-48.483301,juice,
13648486179,Café da Esquina,Fast Food/Lanchonete,,,,Endereço não disponível no OSM (Apenas Coordenadas),-1.4072538,-48.4255618,Não especificada,
13684893315,mercearia do sabbá,Loja de Conveniência,Travessa Soares Carneiro,1242,ummarizal,"Travessa Soares Carneiro, 1242 - ummarizal",-1.4369662,-48.4819528,Não especificada,
13684893320,Sem Nome Registrado,Restaurante,,,,Endereço não disponível no OSM (Apenas Coordenadas),-1.4747821,-48.4759594,Não especificada,
13785850543,Bar Pitaco do Macaco,Pub/Bar,,,,Endereço não disponível no OSM (Apenas Coordenadas),-1.4469766,-48.4942142,Não especificada,
13806971161,Sem Nome Registrado,Restaurante,,,,Endereço não disponível no OSM (Apenas Coordenadas),-1.4368866,-48.4783337,Não especificada,
13806971162,bela turca,Pub/Bar,,,,Endereço não disponível no OSM (Apenas Coordenadas),-1.4371109,-48.4788592,Não especificada,
13834160101,Sabor Superior,Restaurante,Rua Dom Jerónimo Osório,19B,,"Rua Dom Jerónimo Osório, 19B",38.7001013,-9.2254461,cake;coffee_shop;curry;diner;indian,
13888634084,Peixe & Bistrô,Restaurante,Rua Siqueira Mendes,347,Cruzeiro,"Rua Siqueira Mendes, 347 - Cruzeiro",-1.2982134,-48.4895762,seafood;regional,
13973529801,La Preferita,Restaurante,,,,Endereço não disponível no OSM (Apenas Coordenadas),-1.4543573,-48.4955275,pizza,
13974572494,36,Fast Food/Lanchonete,,,,Endereço não disponível no OSM (Apenas Coordenadas),-1.4651616,-48.5022974,Não especificada,
13985992553,Oasis Conveniência,Bar,Tv. Padre Eutíquio,1331,condor,"Tv. Padre Eutíquio, 1331 - condor",-1.4687413,-48.4797908,Não especificada,
13986013227,Seu saint,Bar,Tv. Padre Eutíquio,3616,Condor,"Tv. Padre Eutíquio, 3616 - Condor",-1.4718548,-48.4759688,Não especificada,
13986034408,A A Malvão Bar,Bar,Av. Alcindo Cacela,3866,condor,"Av. Alcindo Cacela, 3866 - condor",-1.4705734,-48.4762348,Não especificada,
155332133,Vela Latina,Restaurante,,,,Endereço não disponível no OSM (Apenas Coordenadas),38.692859,-9.2133215,Não especificada,
155332134,À Margem,Restaurante,,,,Endereço não disponível no OSM (Apenas Coordenadas),38.6929371,-9.2099068,regional,
162765909,Habib's,Fast Food/Lanchonete,,,,Endereço não disponível no OSM (Apenas Coordenadas),-1.4046818,-48.4301482,middle_eastern,https://www.habibs.com.br/
169086965,Café do Forte,Café,Jardim da Torre de Belém,,,Jardim da Torre de Belém,38.6920282,-9.2168875,coffee_shop,
241540590,Cervejaria Portugália,Restaurante,,,,Endereço não disponível no OSM (Apenas Coordenadas),38.6938942,-9.2069296,Não especificada,
241540591,ZeroZero Belém,Restaurante,Avenida de Brasília,,,Avenida de Brasília,38.69385,-9.2072776,italian;pizza,
255672908,Estancia Churrascaria,Restaurante,Rua Catumbi,1393,,"Rua Catumbi, 1393",-23.5255076,-46.6015314,barbecue,
259348812,Sem Nome Registrado,Café,,,,Endereço não disponível no OSM (Apenas Coordenadas),38.6918751,-9.2138804,Não especificada,
259860928,RU Setor Profissional,Restaurante,,,,Endereço não disponível no OSM (Apenas Coordenadas),-1.4734297,-48.4506453,Não especificada,
274894415,Mormaço,Pub/Bar,,,,Endereço não disponível no OSM (Apenas Coordenadas),-1.4637465,-48.5068192,Não especificada,
274894418,Palafita,Bar,,,,Endereço não disponível no OSM (Apenas Coordenadas),-1.4560206,-48.5062023,Não especificada,
330466345,Restaurante Universitário Setor Básico,Restaurante,,,,Endereço não disponível no OSM (Apenas Coordenadas),-1.477869,-48.4581474,Não especificada,
331884294,Boi Gaucho Grill,Restaurante,Rua Pedro Vaz de Campos,47,,"Rua Pedro Vaz de Campos, 47",-23.5245236,-46.6024204,regional,
344930456,Veropesinho profissional,Praça de Alimentação,,,,Endereço não disponível no OSM (Apenas Coordenadas),-1.4737352,-48.4505429,Não especificada,
345359384,Sem Nome Registrado,Depósito de Bebidas,,,,Endereço não disponível no OSM (Apenas Coordenadas),-1.4516753,-48.5034278,Não especificada,
366167896,Sem Nome Registrado,Fast Food/Lanchonete,,,,Endereço não disponível no OSM (Apenas Coordenadas),-1.4679489,-48.5065028,Não especificada,
366378026,Área de Lazer,Pub/Bar,,,,Endereço não disponível no OSM (Apenas Coordenadas),-1.3973627,-48.4446388,Não especificada,
395651218,Asa Delta,Restaurante,,,,Endereço não disponível no OSM (Apenas Coordenadas),-1.120807,-48.4407874,Não especificada,
406536644,Cantina do Instituto de Geociências,Restaurante,,,,Endereço não disponível no OSM (Apenas Coordenadas),-1.474613,-48.4573505,Não especificada,
406794732,Restaurante do NAEA,Restaurante,,,,Endereço não disponível no OSM (Apenas Coordenadas),-1.4718791,-48.4495625,Não especificada,
420055838,Habib's,Fast Food/Lanchonete,,,,Endereço não disponível no OSM (Apenas Coordenadas),-1.4363436,-48.4772303,arab,
424016517,Point do Açai,Restaurante,,,,Endereço não disponível no OSM (Apenas Coordenadas),-1.4639894,-48.4990924,regional,
431107477,Sem Nome Registrado,Centro Comunitário,,,,Endereço não disponível no OSM (Apenas Coordenadas),-1.3995935,-48.4809034,Não especificada,
439637158,Assembleia Paraense,Centro Comunitário,,,,Endereço não disponível no OSM (Apenas Coordenadas),-1.4148436,-48.4412618,Não especificada,
439637164,Toc Toc,Restaurante,,,,Endereço não disponível no OSM (Apenas Coordenadas),-1.4141883,-48.4408461,Não especificada,
439637182,Sem Nome Registrado,Restaurante,,,,Endereço não disponível no OSM (Apenas Coordenadas),-1.4143184,-48.4418549,Não especificada,
464155931,Ver-o-pesinho básico,Praça de Alimentação,,,,Endereço não disponível no OSM (Apenas Coordenadas),-1.4757554,-48.4567247,Não especificada,
464388633,Carrefour Express,Loja de Conveniência,Avenida Celso Garcia,1907,Belém,"Avenida Celso Garcia, 1907 - Belém",-23.5368702,-46.5938204,Não especificada,https://www.carrefour.com.br/
464392828,Mega Brás,Restaurante,Avenida Celso Garcia,938,,"Avenida Celso Garcia, 938",-23.5389319,-46.603164,burger;coffee_shop;sandwich;regional,
464396906,Expresso 278,Bar,,,,Endereço não disponível no OSM (Apenas Coordenadas),-23.5492778,-46.5849976,Não especificada,
464396911,Edu Pizza II,Restaurante,,,,Endereço não disponível no OSM (Apenas Coordenadas),-23.5489458,-46.5853421,pizza,
464401546,Oxxo,Loja de Conveniência,Rua Conselheiro Cotegipe,448,,"Rua Conselheiro Cotegipe, 448",-23.5381912,-46.5891433,Não especificada,
475065404,Sem Nome Registrado,Loja de Conveniência,,,,Endereço não disponível no OSM (Apenas Coordenadas),-1.3260816,-48.4408076,Não especificada,
477895221,Sem Nome Registrado,Loja de Conveniência,,,,Endereço não disponível no OSM (Apenas Coordenadas),-1.3262056,-48.4403834,Não especificada,
477895223,Sem Nome Registrado,Loja de Conveniência,,,,Endereço não disponível no OSM (Apenas Coordenadas),-1.3261494,-48.4405134,Não especificada,
477895229,Sem Nome Registrado,Loja de Conveniência,,,,Endereço não disponível no OSM (Apenas Coordenadas),-1.3260659,-48.4403626,Não especificada,
477895232,Sem Nome Registrado,Loja de Conveniência,,,,Endereço não disponível no OSM (Apenas Coordenadas),-1.3260696,-48.4404419,Não especificada,
491357670,Restaurante Universitário,Restaurante,,,,Endereço não disponível no OSM (Apenas Coordenadas),-1.4568476,-48.4337221,Estudante,
521282597,Sud Lisboa,Restaurante,,,,Endereço não disponível no OSM (Apenas Coordenadas),38.6962573,-9.1919439,Não especificada,
521282598,Sud Lisboa,Restaurante,,,,Endereço não disponível no OSM (Apenas Coordenadas),38.6963747,-9.191256,Não especificada,
539002090,Refeitório,Praça de Alimentação,,,,Endereço não disponível no OSM (Apenas Coordenadas),-1.4373384,-48.4618287,Não especificada,
539002091,Restaurante IFPa,Restaurante,,,,Endereço não disponível no OSM (Apenas Coordenadas),-1.4374204,-48.4617066,Não especificada,
539002092,Sem Nome Registrado,Fast Food/Lanchonete,,,,Endereço não disponível no OSM (Apenas Coordenadas),-1.4374671,-48.4616387,Não especificada,
539002093,Bloco R,Praça de Alimentação,,,,Endereço não disponível no OSM (Apenas Coordenadas),-1.4375266,-48.4616962,Não especificada,
539142330,McDonald's,Fast Food/Lanchonete,Rodovia Augusto Montenegro,,Parque Verde,Rodovia Augusto Montenegro - Parque Verde,-1.3708286,-48.4439271,burger,
539142335,Cia. Paulista de Pizzas,Restaurante,Rodovia Augusto Montenegro,,Parque Verde,Rodovia Augusto Montenegro - Parque Verde,-1.3713239,-48.4434532,pizza,
539142341,Domino's,Fast Food/Lanchonete,Rodovia Augusto Montenegro,,Parque Verde,Rodovia Augusto Montenegro - Parque Verde,-1.373768,-48.4430014,pizza,https://www.dominos.com.br/
546705828,Bar da Júlia,Pub/Bar,Rodovia Transcoqueiro,,Una,Rodovia Transcoqueiro - Una,-1.3697758,-48.4216102,Não especificada,
555654790,Restaurante Chinês,Restaurante,,,,Endereço não disponível no OSM (Apenas Coordenadas),38.7063967,-9.2092458,chinese,
565982816,Cantina de Solos,Fast Food/Lanchonete,,,,Endereço não disponível no OSM (Apenas Coordenadas),-1.4534989,-48.4428425,burger;regional,
578814942,McDonald's,Fast Food/Lanchonete,Rua Gregório Lopes,,,Rua Gregório Lopes,38.7109358,-9.2138257,burger,https://www.mcdonalds.pt/restaurantes/restelo/
604265532,Sem Nome Registrado,Pub/Bar,,,,Endereço não disponível no OSM (Apenas Coordenadas),-6.7641482,-35.4687196,Não especificada,
604265547,Sem Nome Registrado,Pub/Bar,,,,Endereço não disponível no OSM (Apenas Coordenadas),-6.7657479,-35.4696922,Não especificada,
607471626,Sem Nome Registrado,Centro Comunitário,,,,Endereço não disponível no OSM (Apenas Coordenadas),-1.3537816,-48.4510507,Não especificada,
620962998,Bar do Boá,Restaurante,,,,Endereço não disponível no OSM (Apenas Coordenadas),-1.4986788,-48.4403692,Não especificada,
645355431,Via Show,Casa de Show/Boate,Rodovia Augusto Montenegro,,Parque Verde,Rodovia Augusto Montenegro - Parque Verde,-1.3568022,-48.4530187,Não especificada,
670224320,Ruzinho,Restaurante,,,,Endereço não disponível no OSM (Apenas Coordenadas),-1.4583345,-48.4348728,regional,
684894766,Honorato Sushi,Restaurante,,,,Endereço não disponível no OSM (Apenas Coordenadas),38.6980501,-9.2246327,japanese,
690890016,Churrascaria Boi D'ouro,Restaurante,,,,Endereço não disponível no OSM (Apenas Coordenadas),-1.3861927,-48.4360648,barbecue;brazilian;churrasco,
749249324,Tasca do Gordo,Restaurante,Rua dos Cordoeiros a Pedrouços,33,,"Rua dos Cordoeiros a Pedrouços, 33",38.69505,-9.2208077,regional,
754965479,Subway,Fast Food/Lanchonete,Avenida Alcântara Machado,3598,,"Avenida Alcântara Machado, 3598",-23.5443379,-46.5912607,sandwich,
768594695,Sem Nome Registrado,Restaurante,,,,Endereço não disponível no OSM (Apenas Coordenadas),-1.4581705,-48.4972108,Não especificada,
834075472,MAAT Café & Kitchen,Restaurante,,,,Endereço não disponível no OSM (Apenas Coordenadas),38.6959429,-9.1934298,Não especificada,
921438980,China in Box,Restaurante,,,,Endereço não disponível no OSM (Apenas Coordenadas),-1.4124761,-48.4422865,chinese,
1053294281,Gandalata,Café,,,,Endereço não disponível no OSM (Apenas Coordenadas),38.6954634,-9.1980713,Não especificada,
1080988398,Garota Lanchonete e Restaurante,Restaurante,Avenida Celso Garcia,464,,"Avenida Celso Garcia, 464",-23.5393126,-46.6078812,Não especificada,
1080988399,Cantinho Mineiro,Fast Food/Lanchonete,Avenida Celso Garcia,474,,"Avenida Celso Garcia, 474",-23.5393027,-46.6078131,regional;Mineira,
1080988400,Carrefour Express,Loja de Conveniência,Avenida Celso Garcia,480,,"Avenida Celso Garcia, 480",-23.5392908,-46.6077335,Não especificada,
1097280730,Sem Nome Registrado,Loja de Conveniência,,,,Endereço não disponível no OSM (Apenas Coordenadas),-1.3313913,-48.4492045,Não especificada,
1131288333,Ponto da Esfhira,Fast Food/Lanchonete,Rua Belém,336,,"Rua Belém, 336",-23.5399829,-46.595822,arab,
1131288334,Décio,Restaurante,Rua Belém,406,,"Rua Belém, 406",-23.5403811,-46.5952621,regional,
1156769320,Sem Nome Registrado,Fast Food/Lanchonete,,,,Endereço não disponível no OSM (Apenas Coordenadas),-1.3892894,-48.4809997,Não especificada,
1164018610,Terraço 53 Food Bier,Restaurante,Rua Serra da Bocaina,175,Quarta Parada,"Rua Serra da Bocaina, 175 - Quarta Parada",-23.5466212,-46.5896898,Não especificada,@terraco_53
1165465670,Shell Select,Loja de Conveniência,,,,Endereço não disponível no OSM (Apenas Coordenadas),-23.543952,-46.592096,Não especificada,
1165804788,Restaurante Fontão,Restaurante,Rua Padre Adelino,513,,"Rua Padre Adelino, 513",-23.5449534,-46.5891703,burger;regional;sandwich,
1182605648,Lanche do chaves,Fast Food/Lanchonete,,,,Endereço não disponível no OSM (Apenas Coordenadas),-1.4593895,-48.4351319,Não especificada,
1209256876,Restaurante Princesa Catumbi,Restaurante,Rua Catumbi,878,,"Rua Catumbi, 878",-23.5306986,-46.6019536,regional,
1209256877,Conveniencia Dona Grace,Loja de Conveniência,Rua Catumbi,896,Belenzinho,"Rua Catumbi, 896 - Belenzinho",-23.5305658,-46.6019988,Não especificada,
1224657435,Burger King,Fast Food/Lanchonete,Rodovia Augusto Montenegro,,Coqueiro,Rodovia Augusto Montenegro - Coqueiro,-1.3463842,-48.4517556,burger,
1227058772,Burger King,Fast Food/Lanchonete,,,,Endereço não disponível no OSM (Apenas Coordenadas),-1.4517918,-48.4860404,burger,
1227058777,Burger King,Fast Food/Lanchonete,,,,Endereço não disponível no OSM (Apenas Coordenadas),-1.4519097,-48.4860673,burger,
1227058778,Burger King,Fast Food/Lanchonete,,,,Endereço não disponível no OSM (Apenas Coordenadas),-1.451903,-48.4860005,burger,
1227820705,Boizão Grill,Restaurante,Avenida Presidente Castelo Branco,3902,,"Avenida Presidente Castelo Branco, 3902",-23.5243819,-46.6029264,Churrascaria,
1229940596,Empório Amazônico,Restaurante,Travessa Alferes Costa,2695,Marco,"Travessa Alferes Costa, 2695 - Marco",-1.4247959,-48.4579787,Não especificada,
1230122494,Carne do Sol de Picuí,Restaurante,Avenida Mauriti,2170,Marco,"Avenida Mauriti, 2170 - Marco",-1.4328454,-48.4652235,steak_house,https://www.carnedesolpicuibelem.com.br/
1230165481,Sem Nome Registrado,Café,,,,Endereço não disponível no OSM (Apenas Coordenadas),-1.4249254,-48.4583625,Não especificada,
1230165482,Sem Nome Registrado,Café,,,,Endereço não disponível no OSM (Apenas Coordenadas),-1.4249808,-48.4584117,Não especificada,
1231338023,Casa do Saulo das Onze Janelas,Restaurante,Rua Siqueira Mendes,,,Rua Siqueira Mendes,-1.4552082,-48.5059531,regional,
1231339766,Point do Açaí,Restaurante,Boulevard Castilhos França,744,Campina,"Boulevard Castilhos França, 744 - Campina",-1.4487083,-48.4984462,regional,
1231694633,Budega do Quinzão,Pub/Bar,Rua Herval,62,,"Rua Herval, 62",-23.5427528,-46.5944274,Não especificada,
1234451373,Sem Nome Registrado,Centro Comunitário,,,,Endereço não disponível no OSM (Apenas Coordenadas),-1.3370953,-48.454301,Não especificada,
1235499496,Ver o Açai,Restaurante,Travessa Dom Pedro I,599,Umarizal,"Travessa Dom Pedro I, 599 - Umarizal",-1.4371763,-48.4882302,Não especificada,
1246980784,Restaurante Paladar Buffet,Restaurante,Avenida Almirante Barroso,1428,Marco,"Avenida Almirante Barroso, 1428 - Marco",-1.4375829,-48.4590798,Não especificada,
1247314265,McDonald's,Fast Food/Lanchonete,,,,Endereço não disponível no OSM (Apenas Coordenadas),38.6971514,-9.2032449,burger,
1258398627,Restô do Porto,Restaurante,,,,Endereço não disponível no OSM (Apenas Coordenadas),-1.4429663,-48.4943515,Não especificada,
1258400405,Adega do Peixe,Depósito de Bebidas,Avenida Almirante Tamandaré,400,Cidade Velha,"Avenida Almirante Tamandaré, 400 - Cidade Velha",-1.4599825,-48.5016416,Não especificada,
1260636640,Hang Burgs,Fast Food/Lanchonete,,,Cidade Velha,Endereço não disponível no OSM (Apenas Coordenadas),-1.4602929,-48.5012708,Não especificada,
1263097375,Retrô Buteco,Bar,Avenida 16 de Novembro,416,Cidade Velha,"Avenida 16 de Novembro, 416 - Cidade Velha",-1.4601478,-48.4985084,Não especificada,
1271382484,Kasa Maguari,Pub/Bar,,,,Endereço não disponível no OSM (Apenas Coordenadas),-1.332392,-48.4497001,Não especificada,
1304143753,Sem Nome Registrado,Restaurante,,,,Endereço não disponível no OSM (Apenas Coordenadas),-1.4125674,-48.4423273,Não especificada,
1309542699,Sem Nome Registrado,Loja de Conveniência,,,,Endereço não disponível no OSM (Apenas Coordenadas),-1.4269682,-48.4888806,Não especificada,
1309542700,Tudo Conveniência,Loja de Conveniência,,,,Endereço não disponível no OSM (Apenas Coordenadas),-1.4265051,-48.4887663,Não especificada,
1314967186,Sem Nome Registrado,Restaurante,,,,Endereço não disponível no OSM (Apenas Coordenadas),-1.3295599,-48.4345626,pizza,
1315810361,Sem Nome Registrado,Loja de Conveniência,Passagem Iracema,,Marambaia,Passagem Iracema - Marambaia,-1.4007359,-48.4478359,Não especificada,
1316503599,Sauva Cultural,Pub/Bar,Avenida Nazaré,457,Nazaré,"Avenida Nazaré, 457 - Nazaré",-1.4526575,-48.4885275,Não especificada,
1327513826,delicias da eró,Restaurante,Quadra B2,53,condor,"Quadra B2, 53 - condor",-1.4765806,-48.4824772,regional,
1341395310,Sem Nome Registrado,Loja de Conveniência,,,,Endereço não disponível no OSM (Apenas Coordenadas),-1.2994091,-48.4625193,Não especificada,
1341538197,Sem Nome Registrado,Loja de Conveniência,Rua da Mata,,Marambaia,Rua da Mata - Marambaia,-1.4016842,-48.448175,Não especificada,
1342389921,Sem Nome Registrado,Bar,,,,Endereço não disponível no OSM (Apenas Coordenadas),-1.213178,-48.5259717,Não especificada,
1353229321,Recanto do Belem,Fast Food/Lanchonete,Rua Júlio de Castilhos,835,,"Rua Júlio de Castilhos, 835",-23.5409022,-46.592944,Não especificada,
1372471046,THE CODE PUB,Bar,Travessa Humaitá,2792,Marco,"Travessa Humaitá, 2792 - Marco",-1.4435633,-48.4599391,Não especificada,
1372472106,RUSTY PUB,Bar,TV. VILETA,2509,Marco,"TV. VILETA, 2509 - Marco",-1.4391329,-48.4632492,Não especificada,
1372500068,Sem Nome Registrado,Loja de Conveniência,,,,Endereço não disponível no OSM (Apenas Coordenadas),-1.4625478,-48.4488487,Não especificada,
1372500858,Sem Nome Registrado,Espaço de Eventos,,,,Endereço não disponível no OSM (Apenas Coordenadas),-1.4638197,-48.4488387,Não especificada,
1372503112,Sem Nome Registrado,Centro Comunitário,,,,Endereço não disponível no OSM (Apenas Coordenadas),-1.4628689,-48.4483435,Não especificada,
1392878292,Sesc Belenzinho,Centro Comunitário,,,,Endereço não disponível no OSM (Apenas Coordenadas),-23.5450628,-46.5840663,Não especificada,
1395611107,Mercadinho Tabocão,Loja de Conveniência,Travessa Cruzeiro,,,Travessa Cruzeiro,-1.2929096,-48.4830751,Não especificada,
1419007534,Salão de eventos do 14 Bis,Espaço de Eventos,,,,Endereço não disponível no OSM (Apenas Coordenadas),-1.4192272,-48.4582166,Não especificada,
1419285912,Up delivery,Bar,Tv. Padre Eutíquio,2807,Condor,"Tv. Padre Eutíquio, 2807 - Condor",-1.4668452,-48.482169,Não especificada,
1425075377,Sem Nome Registrado,Café,,,,Endereço não disponível no OSM (Apenas Coordenadas),-1.4126793,-48.472115,Não especificada,
1425075626,BAR,Pub/Bar,,,,Endereço não disponível no OSM (Apenas Coordenadas),-1.4264205,-48.4498782,Não especificada,
1425075631,Açai,Restaurante,,,,Endereço não disponível no OSM (Apenas Coordenadas),-1.4254808,-48.4500936,Não especificada,
1425075745,Fight Burguer,Fast Food/Lanchonete,,,,Endereço não disponível no OSM (Apenas Coordenadas),-1.429067,-48.465191,Não especificada,
1425075746,Sem Nome Registrado,Loja de Conveniência,,,,Endereço não disponível no OSM (Apenas Coordenadas),-1.4301075,-48.4660206,Não especificada,
1442161102,Usina da Paz - Guamá,Centro Comunitário,,,,Endereço não disponível no OSM (Apenas Coordenadas),-1.4742112,-48.4651609,Não especificada,
1443491820,Burger King,Fast Food/Lanchonete,Rua Silva Teles,1793,,"Rua Silva Teles, 1793",-23.5238232,-46.60507,burger,
1452623555,Gastronomic Pavilion,Restaurante,,,Souza,Endereço não disponível no OSM (Apenas Coordenadas),-1.4153623,-48.4586147,Não especificada,
1491838148,Restaurante Belem,Fast Food/Lanchonete,Rua Fernandes Vieira,328,,"Rua Fernandes Vieira, 328",-23.5419796,-46.5898045,Não especificada,
1493439368,Sem Nome Registrado,Praça de Alimentação,,,,Endereço não disponível no OSM (Apenas Coordenadas),-1.3000974,-48.4898982,Não especificada,
1510355208,Sem Nome Registrado,Espaço de Eventos,,,,Endereço não disponível no OSM (Apenas Coordenadas),-1.3683444,-48.4272239,Não especificada,
